Store,Date,Weekly_Sales,Holiday_Flag,Temperature,Fuel_Price,CPI,Unemployment,last_week,two_weeks_ago,last_month,quater_month,last_year,two_years_ago,Year,Month,Week
1,2012-02-03,1636339.65,0,56.55,3.36,220.1720153,7.348,1319325.59,1394393.84,1550369.92,1697229.58,1606629.58,1643690.9,2012,2,5
1,2012-02-10,1802477.43,1,48.02,3.409,220.2651783,7.348,1636339.65,1319325.59,1459601.17,1594938.89,1649614.93,1641957.44,2012,2,6
1,2012-02-17,1819870.0,0,45.32,3.51,220.4257586,7.348,1802477.43,1636339.65,1394393.84,1539483.7,1686842.78,1611968.17,2012,2,7
1,2012-02-24,1539387.83,0,57.25,3.555,220.636902,7.348,1819870.0,1802477.43,1319325.59,2033320.66,1456800.28,1409727.59,2012,2,8
1,2012-03-02,1688420.76,0,60.96,3.63,220.8480454,7.348,1539387.83,1819870.0,1636339.65,1584083.95,1636263.41,1554806.68,2012,3,9
1,2012-03-09,1675431.16,0,58.76,3.669,221.0591887,7.348,1688420.76,1539387.83,1802477.43,1799682.38,1553191.63,1439541.59,2012,3,10
1,2012-03-16,1677472.78,0,64.74,3.734,221.2118132,7.348,1675431.16,1688420.76,1819870.0,1881176.67,1576818.06,1472515.79,2012,3,11
1,2012-03-23,1511068.07,0,65.93,3.787,221.2864126,7.348,1677472.78,1675431.16,1539387.83,2270188.99,1541102.38,1404429.92,2012,3,12
1,2012-03-30,1649604.63,0,67.61,3.845,221.3610119,7.348,1511068.07,1677472.78,1688420.76,1497462.72,1495064.75,1594968.28,2012,3,13
1,2012-04-06,1899676.88,0,70.43,3.891,221.4356112,7.143,1649604.63,1511068.07,1675431.16,1550369.92,1614259.35,1545418.53,2012,4,14
1,2012-04-13,1621031.7,0,69.07,3.891,221.5102105,7.143,1899676.88,1649604.63,1677472.78,1459601.17,1559889.0,1466058.28,2012,4,15
1,2012-04-20,1521577.87,0,66.76,3.877,221.5640737,7.143,1621031.7,1899676.88,1511068.07,1394393.84,1564819.81,1391256.12,2012,4,16
1,2012-04-27,1468928.37,0,67.23,3.814,221.6179368,7.143,1521577.87,1621031.7,1649604.63,1319325.59,1455090.69,1425100.71,2012,4,17
1,2012-05-04,1684519.99,0,75.55,3.749,221.6718,7.143,1468928.37,1521577.87,1899676.88,1636339.65,1629391.28,1603955.12,2012,5,18
1,2012-05-11,1611096.05,0,73.77,3.688,221.7256632,7.143,1684519.99,1468928.37,1621031.7,1802477.43,1604775.58,1494251.5,2012,5,19
1,2012-05-18,1595901.87,0,70.33,3.63,221.742674,7.143,1611096.05,1684519.99,1521577.87,1819870.0,1428218.27,1399662.07,2012,5,20
1,2012-05-25,1555444.55,0,77.22,3.561,221.744944,7.143,1595901.87,1611096.05,1468928.37,1539387.83,1466046.67,1432069.95,2012,5,21
1,2012-06-01,1624477.58,0,77.95,3.501,221.7472139,7.143,1555444.55,1595901.87,1684519.99,1688420.76,1635078.41,1615524.71,2012,6,22
1,2012-06-08,1697230.96,0,78.3,3.452,221.7494839,7.143,1624477.58,1555444.55,1611096.05,1675431.16,1588948.32,1542561.09,2012,6,23
1,2012-06-15,1630607.0,0,79.35,3.393,221.7626421,7.143,1697230.96,1624477.58,1595901.87,1677472.78,1532114.86,1503284.06,2012,6,24
1,2012-06-22,1527845.81,0,78.39,3.346,221.8030211,7.143,1630607.0,1697230.96,1555444.55,1511068.07,1438830.15,1422711.6,2012,6,25
1,2012-06-29,1540421.49,0,84.88,3.286,221.8434,7.143,1527845.81,1630607.0,1624477.58,1649604.63,1488538.09,1492418.14,2012,6,26
1,2012-07-06,1769854.16,0,81.57,3.227,221.8837789,6.908,1540421.49,1527845.81,1697230.96,1899676.88,1534849.64,1546074.18,2012,7,27
1,2012-07-13,1527014.04,0,77.12,3.256,221.9241579,6.908,1769854.16,1540421.49,1630607.0,1621031.7,1455119.97,1448938.92,2012,7,28
1,2012-07-20,1497954.76,0,80.42,3.311,221.9327267,6.908,1527014.04,1769854.16,1527845.81,1521577.87,1396926.82,1385065.2,2012,7,29
1,2012-07-27,1439123.71,0,82.66,3.407,221.9412954,6.908,1497954.76,1527014.04,1540421.49,1468928.37,1352219.79,1371986.6,2012,7,30
1,2012-08-03,1631135.79,0,86.11,3.417,221.9498642,6.908,1439123.71,1497954.76,1769854.16,1684519.99,1624383.75,1605491.78,2012,8,31
1,2012-08-10,1592409.97,0,85.05,3.494,221.9584329,6.908,1631135.79,1439123.71,1527014.04,1611096.05,1525147.09,1508237.76,2012,8,32
1,2012-08-17,1597868.05,0,84.85,3.571,222.0384109,6.908,1592409.97,1631135.79,1497954.76,1595901.87,1530761.43,1513080.49,2012,8,33
1,2012-08-24,1494122.38,0,77.66,3.62,222.1719457,6.908,1597868.05,1592409.97,1439123.71,1555444.55,1464693.46,1449142.92,2012,8,34
1,2012-08-31,1582083.4,0,80.49,3.638,222.3054805,6.908,1494122.38,1597868.05,1631135.79,1624477.58,1550229.22,1540163.53,2012,8,35
1,2012-09-07,1661767.33,1,83.96,3.73,222.4390153,6.908,1582083.4,1494122.38,1592409.97,1697230.96,1540471.24,1507460.69,2012,9,36
1,2012-09-14,1517428.87,0,74.97,3.717,222.5820193,6.908,1661767.33,1582083.4,1597868.05,1630607.0,1514259.78,1430378.67,2012,9,37
1,2012-09-21,1506126.06,0,69.87,3.721,222.7818386,6.908,1517428.87,1661767.33,1494122.38,1527845.81,1380020.27,1351791.03,2012,9,38
1,2012-09-28,1437059.26,0,76.08,3.666,222.9816579,6.908,1506126.06,1517428.87,1582083.4,1540421.49,1394561.83,1453329.5,2012,9,39
1,2012-10-05,1670785.97,0,68.55,3.617,223.1814772,6.573,1437059.26,1506126.06,1661767.33,1769854.16,1630989.95,1508239.93,2012,10,40
1,2012-10-12,1573072.81,0,62.99,3.601,223.3812965,6.573,1670785.97,1437059.26,1517428.87,1527014.04,1493525.93,1459409.1,2012,10,41
1,2012-10-19,1508068.77,0,67.97,3.594,223.4257233,6.573,1573072.81,1670785.97,1506126.06,1497954.76,1502562.78,1345454.0,2012,10,42
1,2012-10-26,1493659.74,0,69.16,3.506,223.4442513,6.573,1508068.77,1573072.81,1437059.26,1439123.71,1445249.09,1384209.22,2012,10,43
2,2011-02-04,1929346.23,0,38.25,2.989,212.2240646,8.028,1695371.68,1751384.9,1758050.79,1939061.41,2136989.46,1697229.58,2011,2,5
2,2011-02-11,2168041.61,1,33.19,3.022,212.5928624,8.028,1929346.23,1695371.68,1744193.58,1916812.74,2137809.5,1594938.89,2011,2,6
2,2011-02-18,2080884.82,0,57.83,3.045,212.9033115,8.028,2168041.61,1929346.23,1751384.9,1956739.17,2124451.54,1539483.7,2011,2,7
2,2011-02-25,1833511.08,0,60.8,3.065,213.190421,8.028,2080884.82,2168041.61,1695371.68,2658725.29,1865097.27,2033320.66,2011,2,8
2,2011-03-04,1981607.78,0,57.77,3.288,213.4775305,8.028,1833511.08,2080884.82,1929346.23,2015781.27,1991013.13,1584083.95,2011,3,9
2,2011-03-11,1879107.31,0,52.7,3.459,213.7646401,8.028,1981607.78,1833511.08,2168041.61,2378726.55,1990483.78,1799682.38,2011,3,10
2,2011-03-18,1902557.66,0,62.32,3.488,214.0156238,8.028,1879107.31,1981607.78,2080884.82,2609166.75,1946070.88,1881176.67,2011,3,11
2,2011-03-25,1766162.05,0,69.42,3.473,214.2521573,8.028,1902557.66,1879107.31,1833511.08,3436007.68,1750197.81,2270188.99,2011,3,12
2,2011-04-01,1800171.36,0,55.43,3.524,214.4886908,7.931,1766162.05,1902557.66,1981607.78,1750434.55,2066187.72,1497462.72,2011,4,13
2,2011-04-08,1847552.61,0,67.0,3.622,214.7252242,7.931,1800171.36,1766162.05,1879107.31,1758050.79,1954689.21,1550369.92,2011,4,14
2,2011-04-15,1856467.84,0,69.48,3.743,214.9420631,7.931,1847552.61,1800171.36,1902557.66,1744193.58,1874957.94,1459601.17,2011,4,15
2,2011-04-22,1886339.6,0,69.39,3.807,215.1096657,7.931,1856467.84,1847552.61,1766162.05,1751384.9,1821990.93,1394393.84,2011,4,16
2,2011-04-29,1745545.28,0,69.21,3.81,215.2772683,7.931,1886339.6,1856467.84,1800171.36,1695371.68,1802450.29,1319325.59,2011,4,17
2,2011-05-06,1837743.6,0,61.48,3.906,215.4448709,7.931,1745545.28,1886339.6,1847552.61,1929346.23,2042581.71,1636339.65,2011,5,18
2,2011-05-13,1838513.07,0,74.61,3.899,215.6124735,7.931,1837743.6,1745545.28,1856467.84,2168041.61,1880752.36,1802477.43,2011,5,19
2,2011-05-20,1688281.86,0,67.14,3.907,215.3834778,7.931,1838513.07,1837743.6,1886339.6,2080884.82,1896937.1,1819870.0,2011,5,20
2,2011-05-27,1797732.56,0,76.42,3.786,215.1544822,7.931,1688281.86,1838513.07,1745545.28,1833511.08,1957113.89,1539387.83,2011,5,21
2,2011-06-03,1933756.21,0,83.07,3.699,214.9254865,7.931,1797732.56,1688281.86,1837743.6,1981607.78,2102539.93,1688420.76,2011,6,22
2,2011-06-10,1929153.16,0,83.4,3.648,214.6964908,7.931,1933756.21,1797732.56,1838513.07,1879107.31,2025538.76,1675431.16,2011,6,23
2,2011-06-17,1953771.99,0,86.53,3.637,214.6513538,7.931,1929153.16,1933756.21,1688281.86,1902557.66,2001636.96,1677472.78,2011,6,24
2,2011-06-24,1790925.8,0,85.17,3.594,214.7441108,7.931,1953771.99,1929153.16,1797732.56,1766162.05,1939927.09,1511068.07,2011,6,25
2,2011-07-01,1866243.0,0,85.69,3.524,214.8368678,7.852,1790925.8,1953771.99,1933756.21,1800171.36,2003940.64,1649604.63,2011,7,26
2,2011-07-08,1853161.99,0,87.7,3.48,214.9296249,7.852,1866243.0,1790925.8,1929153.16,1847552.61,1880902.62,1899676.88,2011,7,27
2,2011-07-15,1785187.29,0,89.83,3.575,215.0134426,7.852,1853161.99,1866243.0,1953771.99,1856467.84,1845879.79,1621031.7,2011,7,28
2,2011-07-22,1743816.41,0,89.34,3.651,215.0749122,7.852,1785187.29,1853161.99,1790925.8,1886339.6,1781717.71,1521577.87,2011,7,29
2,2011-07-29,1680693.06,0,90.07,3.682,215.1363819,7.852,1743816.41,1785187.29,1866243.0,1745545.28,1804246.16,1468928.37,2011,7,30
2,2011-08-05,1876704.26,0,93.34,3.684,215.1978515,7.852,1680693.06,1743816.41,1853161.99,1837743.6,1991909.98,1684519.99,2011,8,31
2,2011-08-12,1812768.26,0,91.58,3.638,215.2593211,7.852,1876704.26,1680693.06,1785187.29,1838513.07,1895601.05,1611096.05,2011,8,32
2,2011-08-19,1844094.59,0,89.86,3.554,215.3229307,7.852,1812768.26,1876704.26,1743816.41,1688281.86,1964335.23,1595901.87,2011,8,33
2,2011-08-26,1821139.91,0,90.45,3.523,215.386897,7.852,1844094.59,1812768.26,1680693.06,1797732.56,1863840.49,1555444.55,2011,8,34
2,2011-09-02,1809119.7,0,89.64,3.533,215.4508632,7.852,1821139.91,1844094.59,1876704.26,1933756.21,1904608.09,1624477.58,2011,9,35
2,2011-09-09,1748000.65,1,77.97,3.546,215.5148295,7.852,1809119.7,1821139.91,1812768.26,1929153.16,1839128.83,1697230.96,2011,9,36
2,2011-09-16,1691439.52,0,78.85,3.526,215.6944378,7.852,1748000.65,1809119.7,1844094.59,1953771.99,1793903.6,1630607.0,2011,9,37
2,2011-09-23,1669299.78,0,75.58,3.467,216.0282356,7.852,1691439.52,1748000.65,1821139.91,1790925.8,1724557.22,1527845.81,2011,9,38
2,2011-09-30,1650394.44,0,78.14,3.355,216.3620333,7.852,1669299.78,1691439.52,1809119.7,1866243.0,1827440.43,1540421.49,2011,9,39
2,2011-10-07,1837553.43,0,69.92,3.285,216.6958311,7.441,1650394.44,1669299.78,1748000.65,1853161.99,1849921.44,1769854.16,2011,10,40
2,2011-10-14,1743882.19,0,71.67,3.274,217.0048261,7.441,1837553.43,1650394.44,1691439.52,1785187.29,1794355.49,1527014.04,2011,10,41
2,2011-10-21,1834680.25,0,64.53,3.353,217.1650042,7.441,1743882.19,1837553.43,1669299.78,1743816.41,1737947.64,1497954.76,2011,10,42
2,2011-10-28,1769296.25,0,65.87,3.372,217.3251824,7.441,1834680.25,1743882.19,1650394.44,1680693.06,1802755.11,1439123.71,2011,10,43
2,2011-11-04,1959707.9,0,55.53,3.332,217.4853605,7.441,1769296.25,1834680.25,1837553.43,1876704.26,1939061.41,1631135.79,2011,11,44
2,2011-11-11,1920725.15,0,59.33,3.297,217.6455387,7.441,1959707.9,1769296.25,1743882.19,1812768.26,1916812.74,1592409.97,2011,11,45
2,2011-11-18,1902762.5,0,62.01,3.308,217.8670218,7.441,1920725.15,1959707.9,1834680.25,1844094.59,1956739.17,1597868.05,2011,11,46
2,2011-11-25,2614202.3,1,56.36,3.236,218.1130269,7.441,1902762.5,1920725.15,1769296.25,1821139.91,2658725.29,1494122.38,2011,11,47
2,2011-12-02,1954952.0,0,48.74,3.172,218.3590319,7.441,2614202.3,1902762.5,1959707.9,1809119.7,2015781.27,1582083.4,2011,12,48
2,2011-12-09,2290549.32,0,41.76,3.158,218.605037,7.441,1954952.0,2614202.3,1920725.15,1748000.65,2378726.55,1661767.33,2011,12,49
2,2011-12-16,2432736.52,0,50.13,3.159,218.8217928,7.441,2290549.32,1954952.0,1902762.5,1691439.52,2609166.75,1517428.87,2011,12,50
2,2011-12-23,3224369.8,0,46.66,3.112,218.9995495,7.441,2432736.52,2290549.32,2614202.3,1669299.78,3436007.68,1506126.06,2011,12,51
2,2011-12-30,1874226.52,1,44.57,3.129,219.1773063,7.441,3224369.8,2432736.52,1954952.0,1650394.44,1750434.55,1437059.26,2011,12,52
2,2012-01-06,1799520.14,0,46.75,3.157,219.355063,7.057,1874226.52,3224369.8,2290549.32,1837553.43,1758050.79,1670785.97,2012,1,1
2,2012-01-13,1744725.48,0,45.99,3.261,219.5328198,7.057,1799520.14,1874226.52,2432736.52,1743882.19,1744193.58,1573072.81,2012,1,2
2,2012-01-20,1711769.11,0,51.7,3.268,219.6258417,7.057,1744725.48,1799520.14,3224369.8,1834680.25,1751384.9,1508068.77,2012,1,3
2,2012-01-27,1660906.14,0,50.5,3.29,219.7188636,7.057,1711769.11,1744725.48,1874226.52,1769296.25,1695371.68,1493659.74,2012,1,4
2,2012-02-03,1935299.94,0,55.21,3.36,219.8118854,7.057,1660906.14,1711769.11,1799520.14,1959707.9,1929346.23,2136989.46,2012,2,5
2,2012-02-10,2103322.68,1,46.98,3.409,219.9049073,7.057,1935299.94,1660906.14,1744725.48,1920725.15,2168041.61,2137809.5,2012,2,6
2,2012-02-17,2196688.46,0,43.82,3.51,220.0651993,7.057,2103322.68,1935299.94,1711769.11,1902762.5,2080884.82,2124451.54,2012,2,7
2,2012-02-24,1861802.7,0,54.63,3.555,220.275944,7.057,2196688.46,2103322.68,1660906.14,2614202.3,1833511.08,1865097.27,2012,2,8
2,2012-03-02,1952555.66,0,58.79,3.63,220.4866886,7.057,1861802.7,2196688.46,1935299.94,1954952.0,1981607.78,1991013.13,2012,3,9
2,2012-03-09,1937628.26,0,57.11,3.669,220.6974332,7.057,1952555.66,1861802.7,2103322.68,2290549.32,1879107.31,1990483.78,2012,3,10
2,2012-03-16,1976082.13,0,63.68,3.734,220.8498468,7.057,1937628.26,1952555.66,2196688.46,2432736.52,1902557.66,1946070.88,2012,3,11
2,2012-03-23,1790439.16,0,64.01,3.787,220.9244858,7.057,1976082.13,1937628.26,1861802.7,3224369.8,1766162.05,1750197.81,2012,3,12
2,2012-03-30,1857480.84,0,66.83,3.845,220.9991248,7.057,1790439.16,1976082.13,1952555.66,1874226.52,1800171.36,2066187.72,2012,3,13
2,2012-04-06,2129035.91,0,68.43,3.891,221.0737638,6.891,1857480.84,1790439.16,1937628.26,1799520.14,1847552.61,1954689.21,2012,4,14
2,2012-04-13,1935869.1,0,68.08,3.891,221.1484028,6.891,2129035.91,1857480.84,1976082.13,1744725.48,1856467.84,1874957.94,2012,4,15
2,2012-04-20,1847344.45,0,65.69,3.877,221.2021074,6.891,1935869.1,2129035.91,1790439.16,1711769.11,1886339.6,1821990.93,2012,4,16
2,2012-04-27,1764133.09,0,67.2,3.814,221.255812,6.891,1847344.45,1935869.1,1857480.84,1660906.14,1745545.28,1802450.29,2012,4,17
2,2012-05-04,1923957.09,0,76.73,3.749,221.3095166,6.891,1764133.09,1847344.45,2129035.91,1935299.94,1837743.6,2042581.71,2012,5,18
2,2012-05-11,1917520.99,0,73.87,3.688,221.3632212,6.891,1923957.09,1764133.09,1935869.1,2103322.68,1838513.07,1880752.36,2012,5,19
2,2012-05-18,2000940.67,0,71.27,3.63,221.380331,6.891,1917520.99,1923957.09,1847344.45,2196688.46,1688281.86,1896937.1,2012,5,20
2,2012-05-25,1912791.09,0,78.19,3.561,221.3828029,6.891,2000940.67,1917520.99,1764133.09,1861802.7,1797732.56,1957113.89,2012,5,21
2,2012-06-01,1910092.37,0,78.38,3.501,221.3852748,6.891,1912791.09,2000940.67,1923957.09,1952555.66,1933756.21,2102539.93,2012,6,22
2,2012-06-08,2010216.49,0,78.69,3.452,221.3877467,6.891,1910092.37,1912791.09,1917520.99,1937628.26,1929153.16,2025538.76,2012,6,23
2,2012-06-15,1962924.3,0,80.56,3.393,221.4009901,6.891,2010216.49,1910092.37,2000940.67,1976082.13,1953771.99,2001636.96,2012,6,24
2,2012-06-22,1887733.21,0,81.04,3.346,221.4411622,6.891,1962924.3,2010216.49,1912791.09,1790439.16,1790925.8,1939927.09,2012,6,25
2,2012-06-29,1881046.12,0,86.32,3.286,221.4813343,6.891,1887733.21,1962924.3,1910092.37,1857480.84,1866243.0,2003940.64,2012,6,26
2,2012-07-06,2041507.4,0,84.2,3.227,221.5215064,6.565,1881046.12,1887733.21,2010216.49,2129035.91,1853161.99,1880902.62,2012,7,27
2,2012-07-13,1830075.13,0,80.17,3.256,221.5616784,6.565,2041507.4,1881046.12,1962924.3,1935869.1,1785187.29,1845879.79,2012,7,28
2,2012-07-20,1819666.46,0,83.23,3.311,221.5701123,6.565,1830075.13,2041507.4,1887733.21,1847344.45,1743816.41,1781717.71,2012,7,29
2,2012-07-27,1757923.88,0,86.37,3.407,221.5785461,6.565,1819666.46,1830075.13,1881046.12,1764133.09,1680693.06,1804246.16,2012,7,30
2,2012-08-03,1946104.64,0,90.22,3.417,221.5869799,6.565,1757923.88,1819666.46,2041507.4,1923957.09,1876704.26,1991909.98,2012,8,31
2,2012-08-10,1866719.96,0,88.55,3.494,221.5954138,6.565,1946104.64,1757923.88,1830075.13,1917520.99,1812768.26,1895601.05,2012,8,32
2,2012-08-17,1928016.01,0,84.79,3.571,221.6751459,6.565,1866719.96,1946104.64,1819666.46,2000940.67,1844094.59,1964335.23,2012,8,33
2,2012-08-24,1876788.15,0,76.91,3.62,221.8083518,6.565,1928016.01,1866719.96,1757923.88,1912791.09,1821139.91,1863840.49,2012,8,34
2,2012-08-31,1947083.3,0,82.64,3.638,221.9415576,6.565,1876788.15,1928016.01,1946104.64,1910092.37,1809119.7,1904608.09,2012,8,35
2,2012-09-07,1898777.07,1,87.65,3.73,222.0747635,6.565,1947083.3,1876788.15,1866719.96,2010216.49,1748000.65,1839128.83,2012,9,36
2,2012-09-14,1814806.63,0,75.88,3.717,222.2174395,6.565,1898777.07,1947083.3,1928016.01,1962924.3,1691439.52,1793903.6,2012,9,37
2,2012-09-21,1829415.67,0,71.09,3.721,222.4169362,6.565,1814806.63,1898777.07,1876788.15,1887733.21,1669299.78,1724557.22,2012,9,38
2,2012-09-28,1746470.56,0,79.45,3.666,222.6164329,6.565,1829415.67,1814806.63,1947083.3,1881046.12,1650394.44,1827440.43,2012,9,39
2,2012-10-05,1998321.04,0,70.27,3.617,222.8159296,6.17,1746470.56,1829415.67,1898777.07,2041507.4,1837553.43,1849921.44,2012,10,40
2,2012-10-12,1900745.13,0,60.97,3.601,223.0154263,6.17,1998321.04,1746470.56,1814806.63,1830075.13,1743882.19,1794355.49,2012,10,41
2,2012-10-19,1847990.41,0,68.08,3.594,223.0598077,6.17,1900745.13,1998321.04,1829415.67,1819666.46,1834680.25,1737947.64,2012,10,42
2,2012-10-26,1834458.35,0,69.79,3.506,223.0783366,6.17,1847990.41,1900745.13,1746470.56,1757923.88,1769296.25,1802755.11,2012,10,43
3,2011-02-04,438516.53,0,45.95,2.989,215.8863367,7.551,364866.24,350876.7,378241.34,423175.56,461622.22,1959707.9,2011,2,5
3,2011-02-11,430526.21,1,43.57,3.022,216.2660913,7.551,438516.53,364866.24,381061.1,386635.03,420728.96,1920725.15,2011,2,6
3,2011-02-18,432782.1,0,61.58,3.045,216.5843571,7.551,430526.21,438516.53,350876.7,372545.32,421642.19,1902762.5,2011,2,7
3,2011-02-25,397211.19,0,67.4,3.065,216.8780275,7.551,432782.1,430526.21,364866.24,565567.84,407204.86,2614202.3,2011,2,8
3,2011-03-04,437084.51,0,65.11,3.288,217.1716979,7.551,397211.19,432782.1,438516.53,476420.77,415202.04,1954952.0,2011,3,9
3,2011-03-11,404753.3,0,61.29,3.459,217.4653683,7.551,437084.51,397211.19,430526.21,467642.03,384200.69,2290549.32,2011,3,10
3,2011-03-18,392109.51,0,69.47,3.488,217.7235226,7.551,404753.3,437084.51,432782.1,498159.39,375328.59,2432736.52,2011,3,11
3,2011-03-25,380683.67,0,72.94,3.473,217.9674705,7.551,392109.51,404753.3,397211.19,605990.41,359949.27,3224369.8,2011,3,12
3,2011-04-01,374556.08,0,68.76,3.524,218.2114184,7.574,380683.67,392109.51,437084.51,382677.76,423294.4,1874226.52,2011,4,13
3,2011-04-08,384075.31,0,72.55,3.622,218.4553663,7.574,374556.08,380683.67,404753.3,378241.34,415870.28,1799520.14,2011,4,14
3,2011-04-15,366250.69,0,75.88,3.743,218.6788642,7.574,384075.31,374556.08,392109.51,381061.1,354993.26,1744725.48,2011,4,15
3,2011-04-22,391860.04,0,76.91,3.807,218.851237,7.574,366250.69,384075.31,380683.67,350876.7,339976.65,1711769.11,2011,4,16
3,2011-04-29,367405.4,0,78.69,3.81,219.0236099,7.574,391860.04,366250.69,374556.08,364866.24,361248.39,1660906.14,2011,4,17
3,2011-05-06,413042.12,0,69.45,3.906,219.1959827,7.574,367405.4,391860.04,384075.31,438516.53,399323.86,1935299.94,2011,5,18
3,2011-05-13,386312.68,0,79.87,3.899,219.3683556,7.574,413042.12,367405.4,366250.69,430526.21,384357.94,2103322.68,2011,5,19
3,2011-05-20,364603.13,0,75.79,3.907,219.127216,7.574,386312.68,413042.12,391860.04,432782.1,343763.17,2196688.46,2011,5,20
3,2011-05-27,369350.6,0,84.41,3.786,218.8860765,7.574,364603.13,386312.68,367405.4,397211.19,350089.23,1861802.7,2011,5,21
3,2011-06-03,394507.84,0,84.29,3.699,218.6449369,7.574,369350.6,364603.13,413042.12,437084.51,396968.8,1952555.66,2011,6,22
3,2011-06-10,391638.75,0,84.84,3.648,218.4037974,7.574,394507.84,369350.6,386312.68,404753.3,355017.09,1937628.26,2011,6,23
3,2011-06-17,403423.34,0,86.96,3.637,218.3551748,7.574,391638.75,394507.84,364603.13,392109.51,364076.85,1976082.13,2011,6,24
3,2011-06-24,385520.71,0,84.94,3.594,218.45094,7.574,403423.34,391638.75,369350.6,380683.67,357346.48,1790439.16,2011,6,25
3,2011-07-01,368962.72,0,85.1,3.524,218.5467052,7.567,385520.71,403423.34,394507.84,374556.08,381151.72,1857480.84,2011,7,26
3,2011-07-08,395146.24,0,85.38,3.48,218.6424704,7.567,368962.72,385520.71,391638.75,384075.31,349214.18,2129035.91,2011,7,27
3,2011-07-15,373454.33,0,87.14,3.575,218.7275216,7.567,395146.24,368962.72,403423.34,366250.69,352728.78,1935869.1,2011,7,28
3,2011-07-22,360617.37,0,86.19,3.651,218.7857881,7.567,373454.33,395146.24,385520.71,391860.04,352864.49,1847344.45,2011,7,29
3,2011-07-29,345381.29,0,88.07,3.682,218.8440545,7.567,360617.37,373454.33,368962.72,367405.4,347955.05,1764133.09,2011,7,30
3,2011-08-05,409981.25,0,88.45,3.684,218.9023209,7.567,345381.29,360617.37,395146.24,413042.12,402635.76,1923957.09,2011,8,31
3,2011-08-12,380376.85,0,88.88,3.638,218.9605873,7.567,409981.25,345381.29,373454.33,386312.68,339597.38,1917520.99,2011,8,32
3,2011-08-19,379716.91,0,88.44,3.554,219.023271,7.567,380376.85,409981.25,360617.37,364603.13,351728.21,2000940.67,2011,8,33
3,2011-08-26,366367.55,0,87.67,3.523,219.0866908,7.567,379716.91,380376.85,345381.29,369350.6,362134.09,1912791.09,2011,8,34
3,2011-09-02,375988.69,0,89.12,3.533,219.1501106,7.567,366367.55,379716.91,409981.25,394507.84,366473.97,1910092.37,2011,9,35
3,2011-09-09,377347.49,1,81.72,3.546,219.2135305,7.567,375988.69,366367.55,380376.85,391638.75,352260.97,2010216.49,2011,9,36
3,2011-09-16,375629.51,0,83.63,3.526,219.3972867,7.567,377347.49,375988.69,379716.91,403423.34,363064.64,1962924.3,2011,9,37
3,2011-09-23,365248.94,0,80.19,3.467,219.7414914,7.567,375629.51,377347.49,366367.55,385520.71,355626.87,1887733.21,2011,9,38
3,2011-09-30,368477.93,0,82.58,3.355,220.085696,7.567,365248.94,375629.51,375988.69,368962.72,358784.1,1881046.12,2011,9,39
3,2011-10-07,403342.4,0,75.54,3.285,220.4299007,7.197,368477.93,365248.94,377347.49,395146.24,395107.35,2041507.4,2011,10,40
3,2011-10-14,368282.57,0,73.75,3.274,220.7486167,7.197,403342.4,368477.93,375629.51,373454.33,345584.39,1830075.13,2011,10,41
3,2011-10-21,394976.36,0,69.03,3.353,220.9144005,7.197,368282.57,403342.4,365248.94,360617.37,348895.98,1819666.46,2011,10,42
3,2011-10-28,389540.62,0,71.04,3.372,221.0801842,7.197,394976.36,368282.57,368477.93,345381.29,348591.74,1757923.88,2011,10,43
3,2011-11-04,459443.22,0,59.31,3.332,221.245968,7.197,389540.62,394976.36,403342.4,409981.25,423175.56,1946104.64,2011,11,44
3,2011-11-11,407764.25,0,61.7,3.297,221.4117517,7.197,459443.22,389540.62,368282.57,380376.85,386635.03,1866719.96,2011,11,45
3,2011-11-18,398838.97,0,63.91,3.308,221.6432852,7.197,407764.25,459443.22,394976.36,379716.91,372545.32,1928016.01,2011,11,46
3,2011-11-25,556925.19,1,68.0,3.236,221.9011185,7.197,398838.97,407764.25,389540.62,366367.55,565567.84,1876788.15,2011,11,47
3,2011-12-02,472511.32,0,54.97,3.172,222.1589519,7.197,556925.19,398838.97,459443.22,375988.69,476420.77,1947083.3,2011,12,48
3,2011-12-09,468772.8,0,49.26,3.158,222.4167852,7.197,472511.32,556925.19,407764.25,377347.49,467642.03,1898777.07,2011,12,49
3,2011-12-16,510747.62,0,57.95,3.159,222.6426418,7.197,468772.8,472511.32,398838.97,375629.51,498159.39,1814806.63,2011,12,50
3,2011-12-23,551221.21,0,53.41,3.112,222.8258628,7.197,510747.62,468772.8,556925.19,365248.94,605990.41,1829415.67,2011,12,51
3,2011-12-30,410553.88,1,48.29,3.129,223.0090839,7.197,551221.21,510747.62,472511.32,368477.93,382677.76,1746470.56,2011,12,52
3,2012-01-06,398178.21,0,52.42,3.157,223.1923049,6.833,410553.88,551221.21,468772.8,403342.4,378241.34,1998321.04,2012,1,1
3,2012-01-13,367438.62,0,51.86,3.261,223.3755259,6.833,398178.21,410553.88,510747.62,368282.57,381061.1,1900745.13,2012,1,2
3,2012-01-20,365818.61,0,56.2,3.268,223.4700552,6.833,367438.62,398178.21,551221.21,394976.36,350876.7,1847990.41,2012,1,3
3,2012-01-27,349518.1,0,58.06,3.29,223.5645845,6.833,365818.61,367438.62,410553.88,389540.62,364866.24,1834458.35,2012,1,4
3,2012-02-03,424960.66,0,59.33,3.36,223.6591137,6.833,349518.1,365818.61,398178.21,459443.22,438516.53,461622.22,2012,2,5
3,2012-02-10,473292.47,1,51.65,3.409,223.753643,6.833,424960.66,349518.1,367438.62,407764.25,430526.21,420728.96,2012,2,6
3,2012-02-17,475591.08,0,52.39,3.51,223.9170153,6.833,473292.47,424960.66,365818.61,398838.97,432782.1,421642.19,2012,2,7
3,2012-02-24,418925.47,0,60.12,3.555,224.1320199,6.833,475591.08,473292.47,349518.1,556925.19,397211.19,407204.86,2012,2,8
3,2012-03-02,469752.56,0,61.65,3.63,224.3470245,6.833,418925.47,475591.08,424960.66,472511.32,437084.51,415202.04,2012,3,9
3,2012-03-09,445162.05,0,60.71,3.669,224.5620291,6.833,469752.56,418925.47,473292.47,468772.8,404753.3,384200.69,2012,3,10
3,2012-03-16,411775.8,0,64.0,3.734,224.7166953,6.833,445162.05,469752.56,475591.08,510747.62,392109.51,375328.59,2012,3,11
3,2012-03-23,413907.25,0,66.53,3.787,224.7909104,6.833,411775.8,445162.05,418925.47,551221.21,380683.67,359949.27,2012,3,12
3,2012-03-30,407488.84,0,69.36,3.845,224.8651254,6.833,413907.25,411775.8,469752.56,410553.88,374556.08,423294.4,2012,3,13
3,2012-04-06,503232.13,0,73.01,3.891,224.9393405,6.664,407488.84,413907.25,445162.05,398178.21,384075.31,415870.28,2012,4,14
3,2012-04-13,420789.74,0,72.83,3.891,225.0135556,6.664,503232.13,407488.84,411775.8,367438.62,366250.69,354993.26,2012,4,15
3,2012-04-20,434822.13,0,72.05,3.877,225.0689541,6.664,420789.74,503232.13,413907.25,365818.61,391860.04,339976.65,2012,4,16
3,2012-04-27,394616.11,0,73.39,3.814,225.1243526,6.664,434822.13,420789.74,407488.84,349518.1,367405.4,361248.39,2012,4,17
3,2012-05-04,439913.57,0,79.51,3.749,225.1797511,6.664,394616.11,434822.13,503232.13,424960.66,413042.12,399323.86,2012,5,18
3,2012-05-11,431985.36,0,75.19,3.688,225.2351496,6.664,439913.57,394616.11,420789.74,473292.47,386312.68,384357.94,2012,5,19
3,2012-05-18,418112.76,0,72.38,3.63,225.2512024,6.664,431985.36,439913.57,434822.13,475591.08,364603.13,343763.17,2012,5,20
3,2012-05-25,413701.29,0,78.58,3.561,225.2515168,6.664,418112.76,431985.36,394616.11,418925.47,369350.6,350089.23,2012,5,21
3,2012-06-01,432268.53,0,81.55,3.501,225.2518313,6.664,413701.29,418112.76,439913.57,469752.56,394507.84,396968.8,2012,6,22
3,2012-06-08,446336.8,0,81.65,3.452,225.2521458,6.664,432268.53,413701.29,431985.36,445162.05,391638.75,355017.09,2012,6,23
3,2012-06-15,442074.79,0,84.66,3.393,225.2644795,6.664,446336.8,432268.53,418112.76,411775.8,403423.34,364076.85,2012,6,24
3,2012-06-22,419497.95,0,82.7,3.346,225.3068615,6.664,442074.79,446336.8,413701.29,413907.25,385520.71,357346.48,2012,6,25
3,2012-06-29,422965.33,0,86.42,3.286,225.3492435,6.664,419497.95,442074.79,432268.53,407488.84,368962.72,381151.72,2012,6,26
3,2012-07-06,411206.5,0,83.14,3.227,225.3916254,6.334,422965.33,419497.95,446336.8,503232.13,395146.24,349214.18,2012,7,27
3,2012-07-13,416913.1,0,82.28,3.256,225.4340074,6.334,411206.5,422965.33,442074.79,420789.74,373454.33,352728.78,2012,7,28
3,2012-07-20,432424.85,0,81.38,3.311,225.4438827,6.334,416913.1,411206.5,419497.95,434822.13,360617.37,352864.49,2012,7,29
3,2012-07-27,389427.9,0,84.94,3.407,225.4537579,6.334,432424.85,416913.1,422965.33,394616.11,345381.29,347955.05,2012,7,30
3,2012-08-03,419990.29,0,86.55,3.417,225.4636332,6.334,389427.9,432424.85,411206.5,439913.57,409981.25,402635.76,2012,8,31
3,2012-08-10,391811.6,0,85.85,3.494,225.4735085,6.334,419990.29,389427.9,416913.1,431985.36,380376.85,339597.38,2012,8,32
3,2012-08-17,394918.83,0,87.36,3.571,225.5558664,6.334,391811.6,419990.29,432424.85,418112.76,379716.91,351728.21,2012,8,33
3,2012-08-24,412449.67,0,83.01,3.62,225.6925864,6.334,394918.83,391811.6,389427.9,413701.29,366367.55,362134.09,2012,8,34
3,2012-08-31,408838.73,0,85.18,3.638,225.8293063,6.334,412449.67,394918.83,419990.29,432268.53,375988.69,366473.97,2012,8,35
3,2012-09-07,408229.73,1,84.99,3.73,225.9660263,6.334,408838.73,412449.67,391811.6,446336.8,377347.49,352260.97,2012,9,36
3,2012-09-14,407589.16,0,78.36,3.717,226.1122067,6.334,408229.73,408838.73,394918.83,442074.79,375629.51,363064.64,2012,9,37
3,2012-09-21,414392.09,0,72.78,3.721,226.3151496,6.334,407589.16,408229.73,412449.67,419497.95,365248.94,355626.87,2012,9,38
3,2012-09-28,389813.02,0,77.46,3.666,226.5180926,6.334,414392.09,407589.16,408838.73,422965.33,368477.93,358784.1,2012,9,39
3,2012-10-05,443557.65,0,72.74,3.617,226.7210356,6.034,389813.02,414392.09,408229.73,411206.5,403342.4,395107.35,2012,10,40
3,2012-10-12,410804.39,0,70.31,3.601,226.9239785,6.034,443557.65,389813.02,407589.16,416913.1,368282.57,345584.39,2012,10,41
3,2012-10-19,424513.08,0,73.44,3.594,226.9688442,6.034,410804.39,443557.65,414392.09,432424.85,394976.36,348895.98,2012,10,42
3,2012-10-26,405432.7,0,74.66,3.506,226.9873637,6.034,424513.08,410804.39,389813.02,389427.9,389540.62,348591.74,2012,10,43
4,2011-02-04,2119086.04,0,34.61,2.996,127.7195806,6.51,1814240.85,1886393.94,1862476.27,2013115.79,2135143.87,459443.22,2011,2,5
4,2011-02-11,2187847.29,1,33.29,3.033,127.859129,6.51,2119086.04,1814240.85,1865502.46,1999794.26,2188307.39,407764.25,2011,2,6
4,2011-02-18,2316495.56,0,48.17,3.058,127.99525,6.51,2187847.29,2119086.04,1886393.94,2097809.4,2049860.26,398838.97,2011,2,7
4,2011-02-25,2078094.69,0,49.0,3.087,128.13,6.51,2316495.56,2187847.29,1814240.85,2789469.45,1925728.84,556925.19,2011,2,8
4,2011-03-04,2103455.75,0,46.56,3.305,128.26475,6.51,2078094.69,2316495.56,2119086.04,2102530.17,1971057.44,472511.32,2011,3,9
4,2011-03-11,2039818.41,0,50.93,3.461,128.3995,6.51,2103455.75,2078094.69,2187847.29,2302504.86,1894324.09,468772.8,2011,3,10
4,2011-03-18,2116475.38,0,51.86,3.495,128.5121935,6.51,2039818.41,2103455.75,2316495.56,2740057.14,1897429.36,510747.62,2011,3,11
4,2011-03-25,1944164.32,0,59.1,3.48,128.6160645,6.51,2116475.38,2039818.41,2078094.69,3526713.39,1762539.3,551221.21,2011,3,12
4,2011-04-01,1900246.47,0,56.99,3.521,128.7199355,5.946,1944164.32,2116475.38,2103455.75,1794868.74,1979247.12,410553.88,2011,4,13
4,2011-04-08,2074953.46,0,62.61,3.605,128.8238065,5.946,1900246.47,1944164.32,2039818.41,1862476.27,1818452.72,398178.21,2011,4,14
4,2011-04-15,1960587.76,0,62.34,3.724,128.9107333,5.946,2074953.46,1900246.47,2116475.38,1865502.46,1851519.69,367438.62,2011,4,15
4,2011-04-22,2220600.76,0,68.8,3.781,128.9553,5.946,1960587.76,2074953.46,1944164.32,1886393.94,1802677.9,365818.61,2011,4,16
4,2011-04-29,1878167.44,0,64.22,3.781,128.9998667,5.946,2220600.76,1960587.76,1900246.47,1814240.85,1817273.28,349518.1,2011,4,17
4,2011-05-06,2063682.76,0,63.41,3.866,129.0444333,5.946,1878167.44,2220600.76,2074953.46,2119086.04,2000626.14,424960.66,2011,5,18
4,2011-05-13,2002362.37,0,70.65,3.872,129.089,5.946,2063682.76,1878167.44,1960587.76,2187847.29,1875597.28,473292.47,2011,5,19
4,2011-05-20,2015563.48,0,70.49,3.881,129.0756774,5.946,2002362.37,2063682.76,2220600.76,2316495.56,1903752.6,475591.08,2011,5,20
4,2011-05-27,1986597.95,0,73.65,3.771,129.0623548,5.946,2015563.48,2002362.37,1878167.44,2078094.69,1857533.7,418925.47,2011,5,21
4,2011-06-03,2065377.15,0,78.26,3.683,129.0490323,5.946,1986597.95,2015563.48,2063682.76,2103455.75,1903290.58,469752.56,2011,6,22
4,2011-06-10,2073951.38,0,80.05,3.64,129.0357097,5.946,2065377.15,1986597.95,2002362.37,2039818.41,1870619.23,445162.05,2011,6,23
4,2011-06-17,2141210.62,0,83.51,3.618,129.0432,5.946,2073951.38,2065377.15,2015563.48,2116475.38,1929736.35,411775.8,2011,6,24
4,2011-06-24,2008344.92,0,81.85,3.57,129.0663,5.946,2141210.62,2073951.38,1986597.95,1944164.32,1846651.95,413907.25,2011,6,25
4,2011-07-01,2051533.53,0,84.54,3.504,129.0894,5.644,2008344.92,2141210.62,2065377.15,1900246.47,1881337.21,407488.84,2011,7,26
4,2011-07-08,2066541.86,0,84.59,3.469,129.1125,5.644,2051533.53,2008344.92,2073951.38,2074953.46,1812208.22,503232.13,2011,7,27
4,2011-07-15,2049046.95,0,83.27,3.563,129.1338387,5.644,2066541.86,2051533.53,2141210.62,1960587.76,1898427.66,420789.74,2011,7,28
4,2011-07-22,2036231.39,0,82.84,3.627,129.1507742,5.644,2049046.95,2066541.86,2008344.92,2220600.76,1848426.78,434822.13,2011,7,29
4,2011-07-29,1989674.07,0,84.36,3.659,129.1677097,5.644,2036231.39,2049046.95,2051533.53,1878167.44,1796637.61,394616.11,2011,7,30
4,2011-08-05,2160057.39,0,86.09,3.662,129.1846452,5.644,1989674.07,2036231.39,2066541.86,2063682.76,1907638.58,439913.57,2011,8,31
4,2011-08-12,2105668.74,0,82.98,3.617,129.2015806,5.644,2160057.39,1989674.07,2049046.95,2002362.37,2007050.75,431985.36,2011,8,32
4,2011-08-19,2232892.1,0,82.77,3.55,129.2405806,5.644,2105668.74,2160057.39,2036231.39,2015563.48,1997181.09,418112.76,2011,8,33
4,2011-08-26,1988490.21,0,81.47,3.523,129.2832581,5.644,2232892.1,2105668.74,1989674.07,1986597.95,1848403.92,413701.29,2011,8,34
4,2011-09-02,2078420.31,0,77.99,3.533,129.3259355,5.644,1988490.21,2232892.1,2160057.39,2065377.15,1935857.58,432268.53,2011,9,35
4,2011-09-09,2093139.01,1,73.34,3.554,129.3686129,5.644,2078420.31,1988490.21,2105668.74,2073951.38,1865820.81,446336.8,2011,9,36
4,2011-09-16,2075577.33,0,72.76,3.532,129.4306,5.644,2093139.01,2078420.31,2232892.1,2141210.62,1899959.61,442074.79,2011,9,37
4,2011-09-23,2031406.41,0,69.23,3.473,129.5183333,5.644,2075577.33,2093139.01,1988490.21,2008344.92,1810684.68,419497.95,2011,9,38
4,2011-09-30,1929486.63,0,72.15,3.371,129.6060667,5.644,2031406.41,2075577.33,2078420.31,2051533.53,1842821.02,422965.33,2011,9,39
4,2011-10-07,2166737.65,0,65.79,3.299,129.6938,5.143,1929486.63,2031406.41,2093139.01,2066541.86,1951494.85,411206.5,2011,10,40
4,2011-10-14,2074548.85,0,63.75,3.283,129.7706452,5.143,2166737.65,1929486.63,2075577.33,2049046.95,1867345.09,416913.1,2011,10,41
4,2011-10-21,2207742.13,0,64.79,3.361,129.7821613,5.143,2074548.85,2166737.65,2031406.41,2036231.39,1927610.06,432424.85,2011,10,42
4,2011-10-28,2151659.59,0,55.31,3.362,129.7936774,5.143,2207742.13,2074548.85,1929486.63,1989674.07,1933333.0,389427.9,2011,10,43
4,2011-11-04,2281217.31,0,49.86,3.322,129.8051935,5.143,2151659.59,2207742.13,2166737.65,2160057.39,2013115.79,419990.29,2011,11,44
4,2011-11-11,2203028.96,0,47.12,3.286,129.8167097,5.143,2281217.31,2151659.59,2074548.85,2105668.74,1999794.26,391811.6,2011,11,45
4,2011-11-18,2243946.59,0,50.44,3.294,129.8268333,5.143,2203028.96,2281217.31,2207742.13,2232892.1,2097809.4,394918.83,2011,11,46
4,2011-11-25,3004702.33,1,47.96,3.225,129.8364,5.143,2243946.59,2203028.96,2151659.59,1988490.21,2789469.45,412449.67,2011,11,47
4,2011-12-02,2180999.26,0,38.71,3.176,129.8459667,5.143,3004702.33,2243946.59,2281217.31,2078420.31,2102530.17,408838.73,2011,12,48
4,2011-12-09,2508955.24,0,31.64,3.153,129.8555333,5.143,2180999.26,3004702.33,2203028.96,2093139.01,2302504.86,408229.73,2011,12,49
4,2011-12-16,2771397.17,0,36.44,3.149,129.8980645,5.143,2508955.24,2180999.26,2243946.59,2075577.33,2740057.14,407589.16,2011,12,50
4,2011-12-23,3676388.98,0,35.92,3.103,129.9845484,5.143,2771397.17,2508955.24,3004702.33,2031406.41,3526713.39,414392.09,2011,12,51
4,2011-12-30,2007105.86,1,36.89,3.119,130.0710323,5.143,3676388.98,2771397.17,2180999.26,1929486.63,1794868.74,389813.02,2011,12,52
4,2012-01-06,2047766.07,0,38.64,3.158,130.1575161,4.607,2007105.86,3676388.98,2508955.24,2166737.65,1862476.27,443557.65,2012,1,1
4,2012-01-13,1941676.61,0,34.41,3.263,130.244,4.607,2047766.07,2007105.86,2771397.17,2074548.85,1865502.46,410804.39,2012,1,2
4,2012-01-20,2005097.76,0,42.09,3.273,130.2792258,4.607,1941676.61,2047766.07,3676388.98,2207742.13,1886393.94,424513.08,2012,1,3
4,2012-01-27,1928720.51,0,40.31,3.29,130.3144516,4.607,2005097.76,1941676.61,2007105.86,2151659.59,1814240.85,405432.7,2012,1,4
4,2012-02-03,2173373.91,0,41.81,3.354,130.3496774,4.607,1928720.51,2005097.76,2047766.07,2281217.31,2119086.04,2135143.87,2012,2,5
4,2012-02-10,2374660.64,1,33.0,3.411,130.3849032,4.607,2173373.91,1928720.51,1941676.61,2203028.96,2187847.29,2188307.39,2012,2,6
4,2012-02-17,2427640.17,0,34.19,3.493,130.4546207,4.607,2374660.64,2173373.91,2005097.76,2243946.59,2316495.56,2049860.26,2012,2,7
4,2012-02-24,2226662.17,0,41.31,3.541,130.5502069,4.607,2427640.17,2374660.64,1928720.51,3004702.33,2078094.69,1925728.84,2012,2,8
4,2012-03-02,2206319.9,0,50.38,3.619,130.6457931,4.607,2226662.17,2427640.17,2173373.91,2180999.26,2103455.75,1971057.44,2012,3,9
4,2012-03-09,2202450.81,0,53.63,3.667,130.7413793,4.607,2206319.9,2226662.17,2374660.64,2508955.24,2039818.41,1894324.09,2012,3,10
4,2012-03-16,2214967.44,0,59.81,3.707,130.8261935,4.607,2202450.81,2206319.9,2427640.17,2771397.17,2116475.38,1897429.36,2012,3,11
4,2012-03-23,2091592.54,0,59.07,3.759,130.8966452,4.607,2214967.44,2202450.81,2226662.17,3676388.98,1944164.32,1762539.3,2012,3,12
4,2012-03-30,2089381.77,0,72.63,3.82,130.9670968,4.607,2091592.54,2214967.44,2206319.9,2007105.86,1900246.47,1979247.12,2012,3,13
4,2012-04-06,2470206.13,0,67.69,3.864,131.0375484,4.308,2089381.77,2091592.54,2202450.81,2047766.07,2074953.46,1818452.72,2012,4,14
4,2012-04-13,2105301.39,0,68.69,3.881,131.108,4.308,2470206.13,2089381.77,2214967.44,1941676.61,1960587.76,1851519.69,2012,4,15
4,2012-04-20,2144336.89,0,68.6,3.864,131.1173333,4.308,2105301.39,2470206.13,2091592.54,2005097.76,2220600.76,1802677.9,2012,4,16
4,2012-04-27,2064065.66,0,76.47,3.81,131.1266667,4.308,2144336.89,2105301.39,2089381.77,1928720.51,1878167.44,1817273.28,2012,4,17
4,2012-05-04,2196968.33,0,80.14,3.747,131.136,4.308,2064065.66,2144336.89,2470206.13,2173373.91,2063682.76,2000626.14,2012,5,18
4,2012-05-11,2127661.17,0,67.64,3.685,131.1453333,4.308,2196968.33,2064065.66,2105301.39,2374660.64,2002362.37,1875597.28,2012,5,19
4,2012-05-18,2207214.81,0,68.43,3.62,131.0983226,4.308,2127661.17,2196968.33,2144336.89,2427640.17,2015563.48,1903752.6,2012,5,20
4,2012-05-25,2154137.67,0,77.47,3.551,131.0287742,4.308,2207214.81,2127661.17,2064065.66,2226662.17,1986597.95,1857533.7,2012,5,21
4,2012-06-01,2179360.94,0,77.41,3.483,130.9592258,4.308,2154137.67,2207214.81,2196968.33,2206319.9,2065377.15,1903290.58,2012,6,22
4,2012-06-08,2245257.18,0,78.11,3.433,130.8896774,4.308,2179360.94,2154137.67,2127661.17,2202450.81,2073951.38,1870619.23,2012,6,23
4,2012-06-15,2234190.93,0,80.94,3.372,130.8295333,4.308,2245257.18,2179360.94,2207214.81,2214967.44,2141210.62,1929736.35,2012,6,24
4,2012-06-22,2197299.65,0,81.63,3.329,130.7929,4.308,2234190.93,2245257.18,2154137.67,2091592.54,2008344.92,1846651.95,2012,6,25
4,2012-06-29,2128362.92,0,84.23,3.257,130.7562667,4.308,2197299.65,2234190.93,2179360.94,2089381.77,2051533.53,1881337.21,2012,6,26
4,2012-07-06,2224499.28,0,80.37,3.187,130.7196333,4.077,2128362.92,2197299.65,2245257.18,2470206.13,2066541.86,1812208.22,2012,7,27
4,2012-07-13,2100252.61,0,76.86,3.224,130.683,4.077,2224499.28,2128362.92,2234190.93,2105301.39,2049046.95,1898427.66,2012,7,28
4,2012-07-20,2175563.69,0,79.14,3.263,130.7012903,4.077,2100252.61,2224499.28,2197299.65,2144336.89,2036231.39,1848426.78,2012,7,29
4,2012-07-27,2048613.65,0,81.06,3.356,130.7195806,4.077,2175563.69,2100252.61,2128362.92,2064065.66,1989674.07,1796637.61,2012,7,30
4,2012-08-03,2174514.13,0,83.86,3.374,130.737871,4.077,2048613.65,2175563.69,2224499.28,2196968.33,2160057.39,1907638.58,2012,8,31
4,2012-08-10,2193367.69,0,83.21,3.476,130.7561613,4.077,2174514.13,2048613.65,2100252.61,2127661.17,2105668.74,2007050.75,2012,8,32
4,2012-08-17,2283540.3,0,81.41,3.552,130.7909677,4.077,2193367.69,2174514.13,2175563.69,2207214.81,2232892.1,1997181.09,2012,8,33
4,2012-08-24,2125241.68,0,75.76,3.61,130.8381613,4.077,2283540.3,2193367.69,2048613.65,2154137.67,1988490.21,1848403.92,2012,8,34
4,2012-08-31,2081181.35,0,76.47,3.646,130.8853548,4.077,2125241.68,2283540.3,2174514.13,2179360.94,2078420.31,1935857.58,2012,8,35
4,2012-09-07,2125104.72,1,82.09,3.709,130.9325484,4.077,2081181.35,2125241.68,2193367.69,2245257.18,2093139.01,1865820.81,2012,9,36
4,2012-09-14,2117854.6,0,68.2,3.706,130.9776667,4.077,2125104.72,2081181.35,2283540.3,2234190.93,2075577.33,1899959.61,2012,9,37
4,2012-09-21,2119438.53,0,68.97,3.721,131.0103333,4.077,2117854.6,2125104.72,2125241.68,2197299.65,2031406.41,1810684.68,2012,9,38
4,2012-09-28,2027620.23,0,71.74,3.666,131.043,4.077,2119438.53,2117854.6,2081181.35,2128362.92,1929486.63,1842821.02,2012,9,39
4,2012-10-05,2209835.43,0,63.07,3.62,131.0756667,3.879,2027620.23,2119438.53,2125104.72,2224499.28,2166737.65,1951494.85,2012,10,40
4,2012-10-12,2133026.07,0,57.11,3.603,131.1083333,3.879,2209835.43,2027620.23,2117854.6,2100252.61,2074548.85,1867345.09,2012,10,41
4,2012-10-19,2097266.85,0,64.46,3.61,131.1499677,3.879,2133026.07,2209835.43,2119438.53,2175563.69,2207742.13,1927610.06,2012,10,42
4,2012-10-26,2149594.46,0,63.64,3.514,131.1930968,3.879,2097266.85,2133026.07,2027620.23,2048613.65,2151659.59,1933333.0,2012,10,43
5,2011-02-04,329613.2,0,41.67,2.989,213.1229755,6.634,279088.39,275313.34,286347.26,325310.3,317173.1,2281217.31,2011,2,5
5,2011-02-11,311590.54,1,38.25,3.022,213.4944627,6.634,329613.2,279088.39,260636.71,301827.36,311825.7,2203028.96,2011,2,6
5,2011-02-18,356622.61,0,58.83,3.045,213.8068304,6.634,311590.54,329613.2,275313.34,297384.81,303447.57,2243946.59,2011,2,7
5,2011-02-25,294659.5,0,63.35,3.065,214.0955503,6.634,356622.61,311590.54,279088.39,488362.61,270281.63,3004702.33,2011,2,8
5,2011-03-04,329033.66,0,60.35,3.288,214.3842702,6.634,294659.5,356622.61,329613.2,344490.88,288855.71,2180999.26,2011,3,9
5,2011-03-11,293098.1,0,55.74,3.459,214.6729901,6.634,329033.66,294659.5,311590.54,352811.53,297293.59,2508955.24,2011,3,10
5,2011-03-18,312177.67,0,64.31,3.488,214.9257339,6.634,293098.1,329033.66,356622.61,367801.19,281706.41,2771397.17,2011,3,11
5,2011-03-25,294732.5,0,70.71,3.473,215.1640872,6.634,312177.67,293098.1,294659.5,466010.25,273282.97,3676388.98,2011,3,12
5,2011-04-01,314316.55,0,61.5,3.524,215.4024406,6.489,294732.5,312177.67,329033.66,298180.18,331406.0,2007105.86,2011,4,13
5,2011-04-08,307333.62,0,69.64,3.622,215.6407939,6.489,314316.55,294732.5,293098.1,286347.26,328020.49,2047766.07,2011,4,14
5,2011-04-15,307913.58,0,72.02,3.743,215.8592673,6.489,307333.62,314316.55,312177.67,260636.71,306858.69,1941676.61,2011,4,15
5,2011-04-22,328415.44,0,74.34,3.807,216.0280407,6.489,307913.58,307333.62,294732.5,275313.34,288839.73,2005097.76,2011,4,16
5,2011-04-29,307291.56,0,74.75,3.81,216.1968142,6.489,328415.44,307913.58,314316.55,279088.39,298697.84,1928720.51,2011,4,17
5,2011-05-06,322904.68,0,66.27,3.906,216.3655877,6.489,307291.56,328415.44,307333.62,329613.2,333522.6,2173373.91,2011,5,18
5,2011-05-13,290930.01,0,77.38,3.899,216.5343611,6.489,322904.68,307291.56,307913.58,311590.54,296673.77,2374660.64,2011,5,19
5,2011-05-20,299614.33,0,71.37,3.907,216.3023847,6.489,290930.01,322904.68,328415.44,356622.61,301615.49,2427640.17,2011,5,20
5,2011-05-27,297149.69,0,80.14,3.786,216.0704083,6.489,299614.33,290930.01,307291.56,294659.5,310013.11,2226662.17,2011,5,21
5,2011-06-03,329183.92,0,83.81,3.699,215.8384319,6.489,297149.69,299614.33,322904.68,329033.66,337825.89,2206319.9,2011,6,22
5,2011-06-10,304984.14,0,83.61,3.648,215.6064555,6.489,329183.92,297149.69,290930.01,293098.1,296641.91,2202450.81,2011,6,23
5,2011-06-17,304811.82,0,86.84,3.637,215.560463,6.489,304984.14,329183.92,299614.33,312177.67,313795.6,2214967.44,2011,6,24
5,2011-06-24,302881.64,0,84.76,3.594,215.6539583,6.489,304811.82,304984.14,297149.69,294732.5,295257.3,2091592.54,2011,6,25
5,2011-07-01,327093.89,0,85.81,3.524,215.7474537,6.529,302881.64,304811.82,329183.92,314316.55,305993.27,2089381.77,2011,7,26
5,2011-07-08,310804.93,0,86.64,3.48,215.8409491,6.529,327093.89,302881.64,304984.14,307333.62,291808.87,2470206.13,2011,7,27
5,2011-07-15,283248.62,0,88.64,3.575,215.9250696,6.529,310804.93,327093.89,304811.82,307913.58,280701.7,2105301.39,2011,7,28
5,2011-07-22,292539.73,0,86.97,3.651,215.985753,6.529,283248.62,310804.93,302881.64,328415.44,274742.63,2144336.89,2011,7,29
5,2011-07-29,275142.17,0,89.42,3.682,216.0464364,6.529,292539.73,283248.62,327093.89,307291.56,268929.03,2064065.66,2011,7,30
5,2011-08-05,317738.56,0,91.07,3.684,216.1071198,6.529,275142.17,292539.73,310804.93,322904.68,303043.02,2196968.33,2011,8,31
5,2011-08-12,289886.16,0,90.16,3.638,216.1678032,6.529,317738.56,275142.17,283248.62,290930.01,286477.35,2127661.17,2011,8,32
5,2011-08-19,303643.84,0,89.35,3.554,216.2311855,6.529,289886.16,317738.56,292539.73,299614.33,287205.38,2207214.81,2011,8,33
5,2011-08-26,310338.17,0,89.18,3.523,216.2950176,6.529,303643.84,289886.16,275142.17,297149.69,288519.75,2154137.67,2011,8,34
5,2011-09-02,315645.53,0,90.38,3.533,216.3588498,6.529,310338.17,303643.84,317738.56,329183.92,323798.0,2179360.94,2011,9,35
5,2011-09-09,321110.22,1,79.04,3.546,216.4226819,6.529,315645.53,310338.17,289886.16,304984.14,306533.08,2245257.18,2011,9,36
5,2011-09-16,278529.71,0,83.55,3.526,216.6033083,6.529,321110.22,315645.53,303643.84,304811.82,282558.65,2234190.93,2011,9,37
5,2011-09-23,291024.98,0,78.01,3.467,216.9396605,6.529,278529.71,321110.22,310338.17,302881.64,293131.58,2197299.65,2011,9,38
5,2011-09-30,292315.38,0,81.16,3.355,217.2760127,6.529,291024.98,278529.71,315645.53,327093.89,283178.12,2128362.92,2011,9,39
5,2011-10-07,309111.47,0,71.64,3.285,217.6123648,6.3,292315.38,291024.98,321110.22,310804.93,290494.85,2224499.28,2011,10,40
5,2011-10-14,286117.72,0,72.36,3.274,217.9237458,6.3,309111.47,292315.38,278529.71,283248.62,280681.2,2100252.61,2011,10,41
5,2011-10-21,306069.18,0,66.9,3.353,218.0852999,6.3,286117.72,309111.47,291024.98,292539.73,284988.27,2175563.69,2011,10,42
5,2011-10-28,307035.11,0,69.27,3.372,218.2468539,6.3,306069.18,286117.72,292315.38,275142.17,278031.81,2048613.65,2011,10,43
5,2011-11-04,353652.23,0,56.71,3.332,218.408408,6.3,307035.11,306069.18,309111.47,317738.56,325310.3,2174514.13,2011,11,44
5,2011-11-11,311906.7,0,60.71,3.297,218.5699621,6.3,353652.23,307035.11,286117.72,289886.16,301827.36,2193367.69,2011,11,45
5,2011-11-18,307944.37,0,64.33,3.308,218.793912,6.3,311906.7,353652.23,306069.18,303643.84,297384.81,2283540.3,2011,11,46
5,2011-11-25,507900.07,1,61.93,3.236,219.0428204,6.3,307944.37,311906.7,307035.11,310338.17,488362.61,2125241.68,2011,11,47
5,2011-12-02,376225.61,0,51.14,3.172,219.2917287,6.3,507900.07,307944.37,353652.23,315645.53,344490.88,2081181.35,2011,12,48
5,2011-12-09,367433.77,0,44.12,3.158,219.540637,6.3,376225.61,507900.07,311906.7,321110.22,352811.53,2125104.72,2011,12,49
5,2011-12-16,379530.3,0,54.42,3.159,219.7596266,6.3,367433.77,376225.61,307944.37,278529.71,367801.19,2117854.6,2011,12,50
5,2011-12-23,458562.24,0,50.33,3.112,219.9387246,6.3,379530.3,367433.77,507900.07,291024.98,466010.25,2119438.53,2011,12,51
5,2011-12-30,349624.88,1,45.62,3.129,220.1178226,6.3,458562.24,379530.3,376225.61,292315.38,298180.18,2027620.23,2011,12,52
5,2012-01-06,312078.71,0,50.21,3.157,220.2969205,5.943,349624.88,458562.24,367433.77,309111.47,286347.26,2209835.43,2012,1,1
5,2012-01-13,291454.52,0,48.86,3.261,220.4760185,5.943,312078.71,349624.88,379530.3,286117.72,260636.71,2133026.07,2012,1,2
5,2012-01-20,287523.98,0,54.65,3.268,220.5694104,5.943,291454.52,312078.71,458562.24,306069.18,275313.34,2097266.85,2012,1,3
5,2012-01-27,295974.22,0,54.63,3.29,220.6628023,5.943,287523.98,291454.52,349624.88,307035.11,279088.39,2149594.46,2012,1,4
5,2012-02-03,333948.0,0,57.35,3.36,220.7561941,5.943,295974.22,287523.98,312078.71,353652.23,329613.2,317173.1,2012,2,5
5,2012-02-10,349239.88,1,48.57,3.409,220.849586,5.943,333948.0,295974.22,291454.52,311906.7,311590.54,311825.7,2012,2,6
5,2012-02-17,356427.98,0,48.25,3.51,221.0106341,5.943,349239.88,333948.0,287523.98,307944.37,356622.61,303447.57,2012,2,7
5,2012-02-24,312220.47,0,57.75,3.555,221.2224243,5.943,356427.98,349239.88,295974.22,507900.07,294659.5,270281.63,2012,2,8
5,2012-03-02,359206.21,0,60.66,3.63,221.4342146,5.943,312220.47,356427.98,333948.0,376225.61,329033.66,288855.71,2012,3,9
5,2012-03-09,347295.6,0,57.69,3.669,221.6460048,5.943,359206.21,312220.47,349239.88,367433.77,293098.1,297293.59,2012,3,10
5,2012-03-16,339392.54,0,63.55,3.734,221.7989713,5.943,347295.6,359206.21,356427.98,379530.3,312177.67,281706.41,2012,3,11
5,2012-03-23,321299.99,0,64.44,3.787,221.8735063,5.943,339392.54,347295.6,312220.47,458562.24,294732.5,273282.97,2012,3,12
5,2012-03-30,331318.73,0,67.76,3.845,221.9480412,5.943,321299.99,339392.54,359206.21,349624.88,314316.55,331406.0,2012,3,13
5,2012-04-06,402985.7,0,70.4,3.891,222.0225762,5.801,331318.73,321299.99,347295.6,312078.71,307333.62,328020.49,2012,4,14
5,2012-04-13,351832.03,0,70.56,3.891,222.0971111,5.801,402985.7,331318.73,339392.54,291454.52,307913.58,306858.69,2012,4,15
5,2012-04-20,330063.06,0,67.33,3.877,222.1512315,5.801,351832.03,402985.7,321299.99,287523.98,328415.44,288839.73,2012,4,16
5,2012-04-27,324839.74,0,68.96,3.814,222.2053519,5.801,330063.06,351832.03,331318.73,295974.22,307291.56,298697.84,2012,4,17
5,2012-05-04,360932.69,0,77.1,3.749,222.2594722,5.801,324839.74,330063.06,402985.7,333948.0,322904.68,333522.6,2012,5,18
5,2012-05-11,333870.52,0,73.45,3.688,222.3135926,5.801,360932.69,324839.74,351832.03,349239.88,290930.01,296673.77,2012,5,19
5,2012-05-18,336189.66,0,70.45,3.63,222.330443,5.801,333870.52,360932.69,330063.06,356427.98,299614.33,301615.49,2012,5,20
5,2012-05-25,341994.48,0,78.23,3.561,222.3323853,5.801,336189.66,333870.52,324839.74,312220.47,297149.69,310013.11,2012,5,21
5,2012-06-01,359867.8,0,79.72,3.501,222.3343277,5.801,341994.48,336189.66,360932.69,359206.21,329183.92,337825.89,2012,6,22
5,2012-06-08,341704.59,0,81.02,3.452,222.33627,5.801,359867.8,341994.48,333870.52,347295.6,304984.14,296641.91,2012,6,23
5,2012-06-15,327383.64,0,81.64,3.393,222.3492901,5.801,341704.59,359867.8,336189.66,339392.54,304811.82,313795.6,2012,6,24
5,2012-06-22,325041.68,0,80.57,3.346,222.3900046,5.801,327383.64,341704.59,341994.48,321299.99,302881.64,295257.3,2012,6,25
5,2012-06-29,329658.1,0,87.08,3.286,222.4307191,5.801,325041.68,327383.64,359867.8,331318.73,327093.89,305993.27,2012,6,26
5,2012-07-06,341214.43,0,82.35,3.227,222.4714336,5.603,329658.1,325041.68,341704.59,402985.7,310804.93,291808.87,2012,7,27
5,2012-07-13,316203.64,0,80.78,3.256,222.5121481,5.603,341214.43,329658.1,327383.64,351832.03,283248.62,280701.7,2012,7,28
5,2012-07-20,321205.12,0,81.05,3.311,222.5209358,5.603,316203.64,341214.43,325041.68,330063.06,292539.73,274742.63,2012,7,29
5,2012-07-27,306827.36,0,85.06,3.407,222.5297234,5.603,321205.12,316203.64,329658.1,324839.74,275142.17,268929.03,2012,7,30
5,2012-08-03,324195.17,0,86.91,3.417,222.5385111,5.603,306827.36,321205.12,341214.43,360932.69,317738.56,303043.02,2012,8,31
5,2012-08-10,306759.7,0,86.96,3.494,222.5472987,5.603,324195.17,306827.36,316203.64,333870.52,289886.16,286477.35,2012,8,32
5,2012-08-17,314014.18,0,87.52,3.571,222.6276753,5.603,306759.7,324195.17,321205.12,336189.66,303643.84,287205.38,2012,8,33
5,2012-08-24,320831.36,0,79.45,3.62,222.7617437,5.603,314014.18,306759.7,306827.36,341994.48,310338.17,288519.75,2012,8,34
5,2012-08-31,344642.01,0,84.25,3.638,222.8958121,5.603,320831.36,314014.18,324195.17,359867.8,315645.53,323798.0,2012,8,35
5,2012-09-07,350648.91,1,86.3,3.73,223.0298805,5.603,344642.01,320831.36,306759.7,341704.59,321110.22,306533.08,2012,9,36
5,2012-09-14,299800.67,0,76.65,3.717,223.1734167,5.603,350648.91,344642.01,314014.18,327383.64,278529.71,282558.65,2012,9,37
5,2012-09-21,307306.76,0,71.09,3.721,223.3737593,5.603,299800.67,350648.91,320831.36,325041.68,291024.98,293131.58,2012,9,38
5,2012-09-28,310141.68,0,78.33,3.666,223.5741019,5.603,307306.76,299800.67,344642.01,329658.1,292315.38,283178.12,2012,9,39
5,2012-10-05,343048.29,0,71.17,3.617,223.7744444,5.422,310141.68,307306.76,350648.91,341214.43,309111.47,290494.85,2012,10,40
5,2012-10-12,325345.41,0,66.24,3.601,223.974787,5.422,343048.29,310141.68,299800.67,316203.64,286117.72,280681.2,2012,10,41
5,2012-10-19,313358.15,0,69.17,3.594,224.0192873,5.422,325345.41,343048.29,307306.76,321205.12,306069.18,284988.27,2012,10,42
5,2012-10-26,319550.77,0,71.7,3.506,224.0378139,5.422,313358.15,325345.41,310141.68,306827.36,307035.11,278031.81,2012,10,43
6,2011-02-04,1514999.17,0,40.59,2.989,214.0887176,6.858,1287034.7,1261253.18,1350441.68,1505442.15,1652635.1,353652.23,2011,2,5
6,2011-02-11,1486920.17,1,39.38,3.022,214.4630941,6.858,1514999.17,1287034.7,1306194.55,1495536.46,1606283.86,311906.7,2011,2,6
6,2011-02-18,1572117.54,0,59.61,3.045,214.7775231,6.858,1486920.17,1514999.17,1261253.18,1518841.45,1567138.07,307944.37,2011,2,7
6,2011-02-25,1422600.43,0,62.86,3.065,215.0679731,6.858,1572117.54,1486920.17,1287034.7,2267452.4,1432953.21,507900.07,2011,2,8
6,2011-03-04,1502617.99,0,60.45,3.288,215.3584231,6.858,1422600.43,1572117.54,1514999.17,1677067.24,1601348.82,376225.61,2011,3,9
6,2011-03-11,1494497.39,0,57.71,3.459,215.6488731,6.858,1502617.99,1422600.43,1486920.17,1834737.58,1558621.36,367433.77,2011,3,10
6,2011-03-18,1685375.47,0,65.07,3.488,215.9035078,6.858,1494497.39,1502617.99,1572117.54,2090268.95,1693058.91,379530.3,2011,3,11
6,2011-03-25,1438465.81,0,70.83,3.473,216.1438163,6.858,1685375.47,1494497.39,1422600.43,2727575.18,1472033.38,458562.24,2011,3,12
6,2011-04-01,1459276.77,0,62.25,3.524,216.3841249,6.855,1438465.81,1685375.47,1502617.99,1464050.02,1770333.9,349624.88,2011,4,13
6,2011-04-08,1534594.0,0,70.35,3.622,216.6244334,6.855,1459276.77,1438465.81,1494497.39,1350441.68,1667181.82,312078.71,2011,4,14
6,2011-04-15,1448797.02,0,73.17,3.743,216.8446627,6.855,1534594.0,1459276.77,1685375.47,1306194.55,1519846.36,291454.52,2011,4,15
6,2011-04-22,1639358.93,0,74.24,3.807,217.0146941,6.855,1448797.02,1534594.0,1438465.81,1261253.18,1540435.99,287523.98,2011,4,16
6,2011-04-29,1479249.9,0,75.27,3.81,217.1847255,6.855,1639358.93,1448797.02,1459276.77,1287034.7,1498080.16,295974.22,2011,4,17
6,2011-05-06,1504651.57,0,65.42,3.906,217.3547569,6.855,1479249.9,1639358.93,1534594.0,1514999.17,1619920.04,333948.0,2011,5,18
6,2011-05-13,1453185.65,0,76.95,3.899,217.5247882,6.855,1504651.57,1479249.9,1448797.02,1486920.17,1524059.4,349239.88,2011,5,19
6,2011-05-20,1382783.83,0,72.01,3.907,217.2896095,6.855,1453185.65,1504651.57,1639358.93,1572117.54,1531938.44,356427.98,2011,5,20
6,2011-05-27,1523979.11,0,80.83,3.786,217.0544307,6.855,1382783.83,1453185.65,1479249.9,1422600.43,1644470.66,312220.47,2011,5,21
6,2011-06-03,1705506.29,0,84.01,3.699,216.819252,6.855,1523979.11,1382783.83,1504651.57,1502617.99,1857380.09,359206.21,2011,6,22
6,2011-06-10,1598643.65,0,84.49,3.648,216.5840732,6.855,1705506.29,1523979.11,1453185.65,1494497.39,1685652.35,347295.6,2011,6,23
6,2011-06-17,1622150.33,0,87.08,3.637,216.5371616,6.855,1598643.65,1705506.29,1382783.83,1685375.47,1677248.24,339392.54,2011,6,24
6,2011-06-24,1543365.9,0,85.51,3.594,216.6314502,6.855,1622150.33,1598643.65,1523979.11,1438465.81,1640681.88,321299.99,2011,6,25
6,2011-07-01,1694551.15,0,87.0,3.524,216.7257388,6.925,1543365.9,1622150.33,1705506.29,1459276.77,1759777.25,331318.73,2011,7,26
6,2011-07-08,1709373.62,0,88.36,3.48,216.8200275,6.925,1694551.15,1543365.9,1598643.65,1534594.0,1690317.99,402985.7,2011,7,27
6,2011-07-15,1526801.24,0,88.93,3.575,216.9044732,6.925,1709373.62,1694551.15,1622150.33,1448797.02,1560120.8,351832.03,2011,7,28
6,2011-07-22,1526506.08,0,88.06,3.651,216.964312,6.925,1526801.24,1709373.62,1543365.9,1639358.93,1585240.92,330063.06,2011,7,29
6,2011-07-29,1483991.05,0,90.22,3.682,217.0241507,6.925,1526506.08,1526801.24,1694551.15,1479249.9,1532308.78,324839.74,2011,7,30
6,2011-08-05,1601584.57,0,91.46,3.684,217.0839894,6.925,1483991.05,1526506.08,1709373.62,1504651.57,1633241.59,360932.69,2011,8,31
6,2011-08-12,1484995.38,0,90.49,3.638,217.1438281,6.925,1601584.57,1483991.05,1526801.24,1453185.65,1547654.98,333870.52,2011,8,32
6,2011-08-19,1493544.04,0,89.26,3.554,217.2069662,6.925,1484995.38,1601584.57,1526506.08,1382783.83,1539930.5,336189.66,2011,8,33
6,2011-08-26,1420405.41,0,90.07,3.523,217.2706543,6.925,1493544.04,1484995.38,1483991.05,1523979.11,1450766.12,341994.48,2011,8,34
6,2011-09-02,1481618.74,0,91.22,3.533,217.3343423,6.925,1420405.41,1493544.04,1601584.57,1705506.29,1510925.32,359867.8,2011,9,35
6,2011-09-09,1483574.38,1,80.21,3.546,217.3980304,6.925,1481618.74,1420405.41,1484995.38,1598643.65,1424225.44,341704.59,2011,9,36
6,2011-09-16,1351407.79,0,84.94,3.526,217.5797506,6.925,1483574.38,1481618.74,1493544.04,1622150.33,1308537.75,327383.64,2011,9,37
6,2011-09-23,1336044.75,0,78.49,3.467,217.9188471,6.925,1351407.79,1483574.38,1420405.41,1543365.9,1275591.84,325041.68,2011,9,38
6,2011-09-30,1307551.92,0,82.51,3.355,218.2579435,6.925,1336044.75,1351407.79,1481618.74,1694551.15,1328468.89,329658.1,2011,9,39
6,2011-10-07,1481739.2,0,74.1,3.285,218.59704,6.551,1307551.92,1336044.75,1483574.38,1709373.62,1360317.9,341214.43,2011,10,40
6,2011-10-14,1386520.99,0,71.24,3.274,218.9109844,6.551,1481739.2,1307551.92,1351407.79,1526801.24,1344580.92,316203.64,2011,10,41
6,2011-10-21,1417922.37,0,68.53,3.353,219.0740167,6.551,1386520.99,1481739.2,1336044.75,1526506.08,1332716.53,321205.12,2011,10,42
6,2011-10-28,1419445.12,0,69.51,3.372,219.237049,6.551,1417922.37,1386520.99,1307551.92,1483991.05,1385323.7,306827.36,2011,10,43
6,2011-11-04,1523420.38,0,58.54,3.332,219.4000812,6.551,1419445.12,1417922.37,1481739.2,1601584.57,1505442.15,324195.17,2011,11,44
6,2011-11-11,1536176.54,0,61.33,3.297,219.5631135,6.551,1523420.38,1419445.12,1386520.99,1484995.38,1495536.46,306759.7,2011,11,45
6,2011-11-18,1524390.07,0,63.89,3.308,219.7897137,6.551,1536176.54,1523420.38,1417922.37,1493544.04,1518841.45,314014.18,2011,11,46
6,2011-11-25,2249811.55,1,62.78,3.236,220.0417412,6.551,1524390.07,1536176.54,1419445.12,1420405.41,2267452.4,320831.36,2011,11,47
6,2011-12-02,1688531.34,0,51.18,3.172,220.2937686,6.551,2249811.55,1524390.07,1523420.38,1481618.74,1677067.24,344642.01,2011,12,48
6,2011-12-09,1903385.14,0,43.64,3.158,220.5457961,6.551,1688531.34,2249811.55,1536176.54,1483574.38,1834737.58,350648.91,2011,12,49
6,2011-12-16,2034695.56,0,53.27,3.159,220.7671856,6.551,1903385.14,1688531.34,1524390.07,1351407.79,2090268.95,299800.67,2011,12,50
6,2011-12-23,2644633.02,0,49.45,3.112,220.9477245,6.551,2034695.56,1903385.14,2249811.55,1336044.75,2727575.18,307306.76,2011,12,51
6,2011-12-30,1598080.52,1,46.8,3.129,221.1282634,6.551,2644633.02,2034695.56,1688531.34,1307551.92,1464050.02,310141.68,2011,12,52
6,2012-01-06,1395339.71,0,50.82,3.157,221.3088023,6.132,1598080.52,2644633.02,1903385.14,1481739.2,1350441.68,343048.29,2012,1,1
6,2012-01-13,1344243.17,0,48.33,3.261,221.4893412,6.132,1395339.71,1598080.52,2034695.56,1386520.99,1306194.55,325345.41,2012,1,2
6,2012-01-20,1326255.7,0,55.37,3.268,221.5831306,6.132,1344243.17,1395339.71,2644633.02,1417922.37,1261253.18,313358.15,2012,1,3
6,2012-01-27,1315610.66,0,53.95,3.29,221.6769199,6.132,1326255.7,1344243.17,1598080.52,1419445.12,1287034.7,319550.77,2012,1,4
6,2012-02-03,1496305.78,0,57.45,3.36,221.7707093,6.132,1315610.66,1326255.7,1395339.71,1523420.38,1514999.17,1652635.1,2012,2,5
6,2012-02-10,1620603.92,1,48.58,3.409,221.8644987,6.132,1496305.78,1315610.66,1344243.17,1536176.54,1486920.17,1606283.86,2012,2,6
6,2012-02-17,1632616.09,0,49.03,3.51,222.026359,6.132,1620603.92,1496305.78,1326255.7,1524390.07,1572117.54,1567138.07,2012,2,7
6,2012-02-24,1465187.71,0,59.17,3.555,222.2392726,6.132,1632616.09,1620603.92,1315610.66,2249811.55,1422600.43,1432953.21,2012,2,8
6,2012-03-02,1550385.65,0,60.32,3.63,222.4521862,6.132,1465187.71,1632616.09,1496305.78,1688531.34,1502617.99,1601348.82,2012,3,9
6,2012-03-09,1569304.4,0,57.89,3.669,222.6650998,6.132,1550385.65,1465187.71,1620603.92,1903385.14,1494497.39,1558621.36,2012,3,10
6,2012-03-16,1748010.29,0,62.8,3.734,222.8186603,6.132,1569304.4,1550385.65,1632616.09,2034695.56,1685375.47,1693058.91,2012,3,11
6,2012-03-23,1495143.62,0,63.71,3.787,222.8930835,6.132,1748010.29,1569304.4,1465187.71,2644633.02,1438465.81,1472033.38,2012,3,12
6,2012-03-30,1508933.26,0,67.91,3.845,222.9675066,6.132,1495143.62,1748010.29,1550385.65,1598080.52,1459276.77,1770333.9,2012,3,13
6,2012-04-06,1840131.19,0,71.6,3.891,223.0419298,5.964,1508933.26,1495143.62,1569304.4,1395339.71,1534594.0,1667181.82,2012,4,14
6,2012-04-13,1616394.45,0,71.29,3.891,223.1163529,5.964,1840131.19,1508933.26,1748010.29,1344243.17,1448797.02,1519846.36,2012,4,15
6,2012-04-20,1456073.24,0,68.64,3.877,223.17092,5.964,1616394.45,1840131.19,1495143.62,1326255.7,1639358.93,1540435.99,2012,4,16
6,2012-04-27,1456221.1,0,71.5,3.814,223.2254871,5.964,1456073.24,1616394.45,1508933.26,1315610.66,1479249.9,1498080.16,2012,4,17
6,2012-05-04,1543461.12,0,77.66,3.749,223.2800541,5.964,1456221.1,1456073.24,1840131.19,1496305.78,1504651.57,1619920.04,2012,5,18
6,2012-05-11,1517075.67,0,72.66,3.688,223.3346212,5.964,1543461.12,1456221.1,1616394.45,1620603.92,1453185.65,1524059.4,2012,5,19
6,2012-05-18,1513635.64,0,70.5,3.63,223.3511928,5.964,1517075.67,1543461.12,1456073.24,1632616.09,1382783.83,1531938.44,2012,5,20
6,2012-05-25,1603793.42,0,78.47,3.561,223.3525662,5.964,1513635.64,1517075.67,1456221.1,1465187.71,1523979.11,1644470.66,2012,5,21
6,2012-06-01,1681121.38,0,80.39,3.501,223.3539397,5.964,1603793.42,1513635.64,1543461.12,1550385.65,1705506.29,1857380.09,2012,6,22
6,2012-06-08,1696619.52,0,80.5,3.452,223.3553131,5.964,1681121.38,1603793.42,1517075.67,1569304.4,1598643.65,1685652.35,2012,6,23
6,2012-06-15,1642247.48,0,82.1,3.393,223.3680933,5.964,1696619.52,1681121.38,1513635.64,1748010.29,1622150.33,1677248.24,2012,6,24
6,2012-06-22,1618272.25,0,81.2,3.346,223.4093906,5.964,1642247.48,1696619.52,1603793.42,1495143.62,1543365.9,1640681.88,2012,6,25
6,2012-06-29,1648863.46,0,87.35,3.286,223.4506878,5.964,1618272.25,1642247.48,1681121.38,1508933.26,1694551.15,1759777.25,2012,6,26
6,2012-07-06,1876359.39,0,82.95,3.227,223.4919851,5.668,1648863.46,1618272.25,1696619.52,1840131.19,1709373.62,1690317.99,2012,7,27
6,2012-07-13,1588142.26,0,80.27,3.256,223.5332824,5.668,1876359.39,1648863.46,1642247.48,1616394.45,1526801.24,1560120.8,2012,7,28
6,2012-07-20,1574361.97,0,81.57,3.311,223.5424501,5.668,1588142.26,1876359.39,1618272.25,1456073.24,1526506.08,1585240.92,2012,7,29
6,2012-07-27,1513229.16,0,85.78,3.407,223.5516178,5.668,1574361.97,1588142.26,1648863.46,1456221.1,1483991.05,1532308.78,2012,7,30
6,2012-08-03,1627274.93,0,87.55,3.417,223.5607856,5.668,1513229.16,1574361.97,1876359.39,1543461.12,1601584.57,1633241.59,2012,8,31
6,2012-08-10,1588380.73,0,87.04,3.494,223.5699533,5.668,1627274.93,1513229.16,1588142.26,1517075.67,1484995.38,1547654.98,2012,8,32
6,2012-08-17,1543049.52,0,87.53,3.571,223.6510224,5.668,1588380.73,1627274.93,1574361.97,1513635.64,1493544.04,1539930.5,2012,8,33
6,2012-08-24,1501095.49,0,79.03,3.62,223.7860175,5.668,1543049.52,1588380.73,1513229.16,1603793.42,1420405.41,1450766.12,2012,8,34
6,2012-08-31,1577439.81,0,83.58,3.638,223.9210125,5.668,1501095.49,1543049.52,1627274.93,1681121.38,1481618.74,1510925.32,2012,8,35
6,2012-09-07,1608077.01,1,86.33,3.73,224.0560076,5.668,1577439.81,1501095.49,1588380.73,1696619.52,1483574.38,1424225.44,2012,9,36
6,2012-09-14,1375166.86,0,76.41,3.717,224.2004678,5.668,1608077.01,1577439.81,1543049.52,1642247.48,1351407.79,1308537.75,2012,9,37
6,2012-09-21,1425603.65,0,70.81,3.721,224.4017192,5.668,1375166.86,1608077.01,1501095.49,1618272.25,1336044.75,1275591.84,2012,9,38
6,2012-09-28,1369131.46,0,77.82,3.666,224.6029706,5.668,1425603.65,1375166.86,1577439.81,1648863.46,1307551.92,1328468.89,2012,9,39
6,2012-10-05,1518177.71,0,70.84,3.617,224.804222,5.329,1369131.46,1425603.65,1608077.01,1876359.39,1481739.2,1360317.9,2012,10,40
6,2012-10-12,1459396.84,0,65.43,3.601,225.0054733,5.329,1518177.71,1369131.46,1375166.86,1588142.26,1386520.99,1344580.92,2012,10,41
6,2012-10-19,1436883.99,0,69.68,3.594,225.0501013,5.329,1459396.84,1518177.71,1425603.65,1574361.97,1417922.37,1332716.53,2012,10,42
6,2012-10-26,1431426.34,0,72.34,3.506,225.0686254,5.329,1436883.99,1459396.84,1369131.46,1513229.16,1419445.12,1385323.7,2012,10,43
7,2011-02-04,558027.77,0,-2.06,3.011,191.7625895,8.818,513372.17,521539.46,661163.94,480512.44,496725.44,1523420.38,2011,2,5
7,2011-02-11,559903.13,1,10.24,3.037,191.8572881,8.818,558027.77,513372.17,547384.9,507584.29,524104.92,1536176.54,2011,2,6
7,2011-02-18,572387.47,0,17.3,3.051,191.9178331,8.818,559903.13,558027.77,521539.46,482528.36,506760.54,1524390.07,2011,2,7
7,2011-02-25,546690.84,0,17.46,3.101,191.9647167,8.818,572387.47,559903.13,513372.17,835189.26,496083.24,2249811.55,2011,2,8
7,2011-03-04,551378.39,0,21.84,3.232,192.0116004,8.818,546690.84,572387.47,558027.77,552811.62,491419.55,1688531.34,2011,3,9
7,2011-03-11,558963.83,0,20.7,3.372,192.058484,8.818,551378.39,546690.84,559903.13,599730.07,480452.1,1903385.14,2011,3,10
7,2011-03-18,635014.69,0,27.69,3.406,192.1237981,8.818,558963.83,551378.39,572387.47,716388.81,574450.23,2034695.56,2011,3,11
7,2011-03-25,559061.58,0,25.69,3.414,192.1964844,8.818,635014.69,558963.83,546690.84,1045124.88,514731.6,2644633.02,2011,3,12
7,2011-04-01,513409.67,0,24.83,3.461,192.2691707,8.595,559061.58,635014.69,551378.39,729572.08,561145.14,1598080.52,2011,4,13
7,2011-04-08,500552.16,0,30.64,3.532,192.3418571,8.595,513409.67,559061.58,558963.83,661163.94,484263.25,1395339.71,2011,4,14
7,2011-04-15,423380.14,0,27.79,3.611,192.4225954,8.595,500552.16,513409.67,635014.69,547384.9,406228.19,1344243.17,2011,4,15
7,2011-04-22,466594.89,0,31.84,3.636,192.5234638,8.595,423380.14,500552.16,559061.58,521539.46,404751.25,1326255.7,2011,4,16
7,2011-04-29,410429.73,0,26.79,3.663,192.6243322,8.595,466594.89,423380.14,513409.67,513372.17,373655.61,1315610.66,2011,4,17
7,2011-05-06,407012.47,0,26.54,3.735,192.7252006,8.595,410429.73,466594.89,500552.16,558027.77,395453.83,1496305.78,2011,5,18
7,2011-05-13,414094.05,0,36.61,3.767,192.826069,8.595,407012.47,410429.73,423380.14,559903.13,372673.61,1620603.92,2011,5,19
7,2011-05-20,424670.98,0,36.16,3.828,192.831317,8.595,414094.05,407012.47,466594.89,572387.47,395195.65,1632616.09,2011,5,20
7,2011-05-27,457216.87,0,37.51,3.795,192.8365651,8.595,424670.98,414094.05,410429.73,546690.84,442734.55,1465187.71,2011,5,21
7,2011-06-03,542295.37,0,45.77,3.763,192.8418131,8.595,457216.87,424670.98,407012.47,551378.39,509183.22,1550385.65,2011,6,22
7,2011-06-10,621099.95,0,53.3,3.735,192.8470612,8.595,542295.37,457216.87,414094.05,558963.83,498580.87,1569304.4,2011,6,23
7,2011-06-17,610991.35,0,48.79,3.697,192.9034759,8.595,621099.95,542295.37,424670.98,635014.69,481144.09,1748010.29,2011,6,24
7,2011-06-24,640043.97,0,46.85,3.661,192.9982655,8.595,610991.35,621099.95,457216.87,559061.58,553714.87,1495143.62,2011,6,25
7,2011-07-01,704344.21,0,58.54,3.597,193.0930552,8.622,640043.97,610991.35,542295.37,513409.67,575570.77,1508933.26,2011,7,26
7,2011-07-08,761793.94,0,59.08,3.54,193.1878448,8.622,704344.21,640043.97,621099.95,500552.16,593462.34,1840131.19,2011,7,27
7,2011-07-15,642748.21,0,54.37,3.532,193.3125484,8.622,761793.94,704344.21,610991.35,423380.14,557166.35,1616394.45,2011,7,28
7,2011-07-22,688043.96,0,56.22,3.545,193.5120367,8.622,642748.21,761793.94,640043.97,466594.89,570231.21,1456073.24,2011,7,29
7,2011-07-29,653382.62,0,56.66,3.547,193.711525,8.622,688043.96,642748.21,704344.21,410429.73,603547.16,1456221.1,2011,7,30
7,2011-08-05,695392.84,0,55.91,3.554,193.9110133,8.622,653382.62,688043.96,761793.94,407012.47,643854.17,1543461.12,2011,8,31
7,2011-08-12,670670.46,0,54.56,3.542,194.1105017,8.622,695392.84,653382.62,642748.21,414094.05,598185.4,1517075.67,2011,8,32
7,2011-08-19,645156.21,0,56.06,3.499,194.2500634,8.622,670670.46,695392.84,688043.96,424670.98,582353.17,1513635.64,2011,8,33
7,2011-08-26,629994.47,0,57.6,3.485,194.3796374,8.622,645156.21,670670.46,653382.62,457216.87,554309.24,1603793.42,2011,8,34
7,2011-09-02,592355.24,0,53.4,3.511,194.5092113,8.622,629994.47,645156.21,695392.84,542295.37,532765.05,1681121.38,2011,9,35
7,2011-09-09,613135.23,1,45.61,3.566,194.6387853,8.622,592355.24,629994.47,670670.46,621099.95,535769.32,1696619.52,2011,9,36
7,2011-09-16,558981.45,0,43.67,3.596,194.7419707,8.622,613135.23,592355.24,645156.21,610991.35,489408.53,1642247.48,2011,9,37
7,2011-09-23,536144.81,0,43.67,3.581,194.8099713,8.622,558981.45,613135.23,629994.47,640043.97,488008.83,1618272.25,2011,9,38
7,2011-09-30,488880.26,0,47.34,3.538,194.8779718,8.622,536144.81,558981.45,592355.24,704344.21,448998.73,1648863.46,2011,9,39
7,2011-10-07,525866.36,0,40.65,3.498,194.9459724,8.513,488880.26,536144.81,613135.23,761793.94,480239.88,1876359.39,2011,10,40
7,2011-10-14,501959.19,0,32.65,3.491,195.0261012,8.513,525866.36,488880.26,558981.45,642748.21,463370.48,1588142.26,2011,10,41
7,2011-10-21,558691.43,0,37.49,3.548,195.1789994,8.513,501959.19,525866.36,536144.81,688043.96,472450.81,1574361.97,2011,10,42
7,2011-10-28,527339.52,0,28.82,3.55,195.3318977,8.513,558691.43,501959.19,488880.26,653382.62,465493.15,1513229.16,2011,10,43
7,2011-11-04,564536.01,0,23.41,3.527,195.4847959,8.513,527339.52,558691.43,525866.36,695392.84,480512.44,1627274.93,2011,11,44
7,2011-11-11,556015.59,0,19.53,3.505,195.6376941,8.513,564536.01,527339.52,501959.19,670670.46,507584.29,1588380.73,2011,11,45
7,2011-11-18,539826.56,0,29.53,3.479,195.7184713,8.513,556015.59,564536.01,558691.43,645156.21,482528.36,1543049.52,2011,11,46
7,2011-11-25,949075.87,1,27.6,3.424,195.7704,8.513,539826.56,556015.59,527339.52,629994.47,835189.26,1501095.49,2011,11,47
7,2011-12-02,591907.88,0,20.38,3.378,195.8223287,8.513,949075.87,539826.56,564536.01,592355.24,552811.62,1577439.81,2011,12,48
7,2011-12-09,653845.45,0,11.17,3.331,195.8742575,8.513,591907.88,949075.87,556015.59,613135.23,599730.07,1608077.01,2011,12,49
7,2011-12-16,720242.19,0,15.2,3.266,195.9841685,8.513,653845.45,591907.88,539826.56,558981.45,716388.81,1375166.86,2011,12,50
7,2011-12-23,1059715.27,0,12.19,3.173,196.1713893,8.513,720242.19,653845.45,949075.87,536144.81,1045124.88,1425603.65,2011,12,51
7,2011-12-30,815915.52,1,15.56,3.119,196.3586101,8.513,1059715.27,720242.19,591907.88,488880.26,729572.08,1369131.46,2011,12,52
7,2012-01-06,713117.66,0,18.67,3.095,196.5458309,8.256,815915.52,1059715.27,653845.45,525866.36,661163.94,1518177.71,2012,1,1
7,2012-01-13,593875.46,0,7.46,3.077,196.7330517,8.256,713117.66,815915.52,720242.19,501959.19,547384.9,1459396.84,2012,1,2
7,2012-01-20,578002.85,0,27.41,3.055,196.7796652,8.256,593875.46,713117.66,1059715.27,558691.43,521539.46,1436883.99,2012,1,3
7,2012-01-27,541037.98,0,26.9,3.038,196.8262786,8.256,578002.85,593875.46,815915.52,527339.52,513372.17,1431426.34,2012,1,4
7,2012-02-03,580453.32,0,22.2,3.031,196.8728921,8.256,541037.98,578002.85,713117.66,564536.01,558027.77,496725.44,2012,2,5
7,2012-02-10,563460.77,1,18.79,3.103,196.9195056,8.256,580453.32,541037.98,593875.46,556015.59,559903.13,524104.92,2012,2,6
7,2012-02-17,620908.18,0,27.03,3.113,196.9432711,8.256,563460.77,580453.32,578002.85,539826.56,572387.47,506760.54,2012,2,7
7,2012-02-24,603041.14,0,24.41,3.129,196.9499007,8.256,620908.18,563460.77,541037.98,949075.87,546690.84,496083.24,2012,2,8
7,2012-03-02,551058.13,0,21.64,3.191,196.9565303,8.256,603041.14,620908.18,580453.32,591907.88,551378.39,491419.55,2012,3,9
7,2012-03-09,579166.5,0,30.1,3.286,196.9631599,8.256,551058.13,603041.14,563460.77,653845.45,558963.83,480452.1,2012,3,10
7,2012-03-16,669205.73,0,37.29,3.486,197.0457208,8.256,579166.5,551058.13,620908.18,720242.19,635014.69,574450.23,2012,3,11
7,2012-03-23,615997.29,0,35.06,3.664,197.2295234,8.256,669205.73,579166.5,603041.14,1059715.27,559061.58,514731.6,2012,3,12
7,2012-03-30,583322.2,0,44.99,3.75,197.4133259,8.256,615997.29,669205.73,551058.13,815915.52,513409.67,561145.14,2012,3,13
7,2012-04-06,621425.98,0,44.29,3.854,197.5971285,8.09,583322.2,615997.29,579166.5,713117.66,500552.16,484263.25,2012,4,14
7,2012-04-13,517420.23,0,41.43,3.901,197.780931,8.09,621425.98,583322.2,669205.73,593875.46,423380.14,406228.19,2012,4,15
7,2012-04-20,457340.06,0,39.3,3.936,197.7227385,8.09,517420.23,621425.98,615997.29,578002.85,466594.89,404751.25,2012,4,16
7,2012-04-27,467827.75,0,51.49,3.927,197.664546,8.09,457340.06,517420.23,583322.2,541037.98,410429.73,373655.61,2012,4,17
7,2012-05-04,465198.89,0,45.38,3.903,197.6063534,8.09,467827.75,457340.06,621425.98,580453.32,407012.47,395453.83,2012,5,18
7,2012-05-11,460397.41,0,48.54,3.87,197.5481609,8.09,465198.89,467827.75,517420.23,563460.77,414094.05,372673.61,2012,5,19
7,2012-05-18,468428.3,0,49.41,3.837,197.5553137,8.09,460397.41,465198.89,457340.06,620908.18,424670.98,395195.65,2012,5,20
7,2012-05-25,532739.77,0,50.6,3.804,197.5886046,8.09,468428.3,460397.41,467827.75,603041.14,457216.87,442734.55,2012,5,21
7,2012-06-01,598495.02,0,55.06,3.764,197.6218954,8.09,532739.77,468428.3,465198.89,551058.13,542295.37,509183.22,2012,6,22
7,2012-06-08,642963.75,0,63.07,3.741,197.6551863,8.09,598495.02,532739.77,460397.41,579166.5,621099.95,498580.87,2012,6,23
7,2012-06-15,666942.02,0,59.33,3.723,197.692292,8.09,642963.75,598495.02,468428.3,669205.73,610991.35,481144.09,2012,6,24
7,2012-06-22,687344.68,0,63.69,3.735,197.7389345,8.09,666942.02,642963.75,532739.77,615997.29,640043.97,553714.87,2012,6,25
7,2012-06-29,704335.41,0,68.84,3.693,197.785577,8.09,687344.68,666942.02,598495.02,583322.2,704344.21,575570.77,2012,6,26
7,2012-07-06,805642.61,0,64.67,3.646,197.8322195,7.872,704335.41,687344.68,642963.75,621425.98,761793.94,593462.34,2012,7,27
7,2012-07-13,694150.89,0,64.21,3.613,197.8788621,7.872,805642.61,704335.41,666942.02,517420.23,642748.21,557166.35,2012,7,28
7,2012-07-20,686345.69,0,62.87,3.585,197.9290378,7.872,694150.89,805642.61,687344.68,457340.06,688043.96,570231.21,2012,7,29
7,2012-07-27,686365.4,0,64.6,3.57,197.9792136,7.872,686345.69,694150.89,704335.41,467827.75,653382.62,603547.16,2012,7,30
7,2012-08-03,680954.81,0,61.83,3.528,198.0293893,7.872,686365.4,686345.69,805642.61,465198.89,695392.84,643854.17,2012,8,31
7,2012-08-10,675926.3,0,63.41,3.509,198.0795651,7.872,680954.81,686365.4,694150.89,460397.41,670670.46,598185.4,2012,8,32
7,2012-08-17,642450.4,0,59.66,3.545,198.1001057,7.872,675926.3,680954.81,686345.69,468428.3,645156.21,582353.17,2012,8,33
7,2012-08-24,609099.37,0,59.27,3.558,198.0984199,7.872,642450.4,675926.3,686365.4,532739.77,629994.47,554309.24,2012,8,34
7,2012-08-31,586467.16,0,60.46,3.556,198.0967341,7.872,609099.37,642450.4,680954.81,598495.02,592355.24,532765.05,2012,8,35
7,2012-09-07,597876.55,1,57.84,3.596,198.0950484,7.872,586467.16,609099.37,675926.3,642963.75,613135.23,535769.32,2012,9,36
7,2012-09-14,541120.2,0,53.66,3.659,198.1267184,7.872,597876.55,586467.16,642450.4,666942.02,558981.45,489408.53,2012,9,37
7,2012-09-21,530842.25,0,51.77,3.765,198.358523,7.872,541120.2,597876.55,609099.37,687344.68,536144.81,488008.83,2012,9,38
7,2012-09-28,525545.76,0,50.64,3.789,198.5903276,7.872,530842.25,541120.2,586467.16,704335.41,488880.26,448998.73,2012,9,39
7,2012-10-05,505830.56,0,48.43,3.779,198.8221322,7.557,525545.76,530842.25,597876.55,805642.61,525866.36,480239.88,2012,10,40
7,2012-10-12,503463.93,0,41.43,3.76,199.0539368,7.557,505830.56,525545.76,541120.2,694150.89,501959.19,463370.48,2012,10,41
7,2012-10-19,516424.83,0,43.01,3.75,199.1481963,7.557,503463.93,505830.56,530842.25,686345.69,558691.43,472450.81,2012,10,42
7,2012-10-26,495543.28,0,42.53,3.686,199.2195317,7.557,516424.83,503463.93,525545.76,686365.4,527339.52,465493.15,2012,10,43
8,2011-02-04,944594.78,0,24.48,2.989,215.9327797,6.262,782256.66,822668.23,873065.23,927266.34,1004137.09,564536.01,2011,2,5
8,2011-02-11,996147.39,1,28.26,3.022,216.3126733,6.262,944594.78,782256.66,809646.66,911538.98,994801.4,556015.59,2011,2,6
8,2011-02-18,1065108.64,0,50.64,3.045,216.6310383,6.262,996147.39,944594.78,822668.23,885608.04,963960.37,539826.56,2011,2,7
8,2011-02-25,917317.15,0,51.29,3.065,216.9247918,6.262,1065108.64,996147.39,782256.66,1261693.16,847592.11,949075.87,2011,2,8
8,2011-03-04,935266.43,0,53.18,3.288,217.2185454,6.262,917317.15,1065108.64,944594.78,952766.93,881503.95,591907.88,2011,3,9
8,2011-03-11,900387.29,0,49.14,3.459,217.512299,6.262,935266.43,917317.15,996147.39,1069061.63,860336.16,653845.45,2011,3,10
8,2011-03-18,898289.14,0,56.68,3.488,217.7705442,6.262,900387.29,935266.43,1065108.64,1220579.55,839911.0,720242.19,2011,3,11
8,2011-03-25,827968.36,0,59.74,3.473,218.0145862,6.262,898289.14,900387.29,917317.15,1511641.09,772539.12,1059715.27,2011,3,12
8,2011-04-01,878762.3,0,49.86,3.524,218.2586281,6.297,827968.36,898289.14,935266.43,773586.49,914500.91,815915.52,2011,4,13
8,2011-04-08,949825.83,0,65.62,3.622,218.50267,6.297,878762.3,827968.36,900387.29,873065.23,916033.92,713117.66,2011,4,14
8,2011-04-15,908278.74,0,63.55,3.743,218.7262524,6.297,949825.83,878762.3,898289.14,809646.66,882917.12,593875.46,2011,4,15
8,2011-04-22,937473.13,0,65.11,3.807,218.8986857,6.297,908278.74,949825.83,827968.36,822668.23,850440.26,578002.85,2011,4,16
8,2011-04-29,855014.77,0,62.29,3.81,219.071119,6.297,937473.13,908278.74,878762.3,782256.66,778672.64,541037.98,2011,4,17
8,2011-05-06,941457.34,0,58.92,3.906,219.2435524,6.297,855014.77,937473.13,949825.83,944594.78,916820.96,580453.32,2011,5,18
8,2011-05-13,895763.41,0,72.96,3.899,219.4159857,6.297,941457.34,855014.77,908278.74,996147.39,873337.84,563460.77,2011,5,19
8,2011-05-20,836049.89,0,65.54,3.907,219.1746922,6.297,895763.41,941457.34,937473.13,1065108.64,818333.21,620908.18,2011,5,20
8,2011-05-27,857939.41,0,73.14,3.786,218.9333986,6.297,836049.89,895763.41,855014.77,917317.15,868041.56,603041.14,2011,5,21
8,2011-06-03,929222.16,0,82.05,3.699,218.6921051,6.297,857939.41,836049.89,941457.34,935266.43,958225.41,551058.13,2011,6,22
8,2011-06-10,897309.41,0,82.21,3.648,218.4508115,6.297,929222.16,857939.41,895763.41,900387.29,914835.86,579166.5,2011,6,23
8,2011-06-17,922048.41,0,84.73,3.637,218.4021448,6.297,897309.41,929222.16,836049.89,898289.14,869922.56,669205.73,2011,6,24
8,2011-06-24,864881.24,0,83.94,3.594,218.4979481,6.297,922048.41,897309.41,857939.41,827968.36,814919.11,615997.29,2011,6,25
8,2011-07-01,883683.35,0,87.26,3.524,218.5937514,6.425,864881.24,922048.41,929222.16,878762.3,852333.75,583322.2,2011,7,26
8,2011-07-08,861965.12,0,83.57,3.48,218.6895548,6.425,883683.35,864881.24,897309.41,949825.83,845289.77,621425.98,2011,7,27
8,2011-07-15,849925.37,0,84.26,3.575,218.7746217,6.425,861965.12,883683.35,922048.41,908278.74,848630.57,517420.23,2011,7,28
8,2011-07-22,829902.42,0,85.46,3.651,218.8328475,6.425,849925.37,861965.12,864881.24,937473.13,785515.88,457340.06,2011,7,29
8,2011-07-29,807082.19,0,86.46,3.682,218.8910733,6.425,829902.42,849925.37,883683.35,855014.77,787295.09,467827.75,2011,7,30
8,2011-08-05,892393.77,0,85.15,3.684,218.9492991,6.425,807082.19,829902.42,861965.12,941457.34,893399.77,465198.89,2011,8,31
8,2011-08-12,856796.1,0,86.05,3.638,219.0075249,6.425,892393.77,807082.19,849925.37,895763.41,867919.21,460397.41,2011,8,32
8,2011-08-19,895066.5,0,82.92,3.554,219.0701968,6.425,856796.1,892393.77,829902.42,836049.89,870676.44,468428.3,2011,8,33
8,2011-08-26,912542.82,0,84.69,3.523,219.1336097,6.425,895066.5,856796.1,807082.19,857939.41,888816.78,532739.77,2011,8,34
8,2011-09-02,891387.14,0,84.77,3.533,219.1970226,6.425,912542.82,895066.5,892393.77,929222.16,899036.47,598495.02,2011,9,35
8,2011-09-09,848358.09,1,69.01,3.546,219.2604355,6.425,891387.14,912542.82,856796.1,897309.41,831425.2,642963.75,2011,9,36
8,2011-09-16,870971.82,0,69.09,3.526,219.4442443,6.425,848358.09,891387.14,895066.5,922048.41,836707.85,666942.02,2011,9,37
8,2011-09-23,806444.29,0,68.72,3.467,219.788581,6.425,870971.82,848358.09,912542.82,864881.24,773725.08,687344.68,2011,9,38
8,2011-09-30,809049.37,0,72.2,3.355,220.1329176,6.425,806444.29,870971.82,891387.14,883683.35,804105.49,704335.41,2011,9,39
8,2011-10-07,929976.55,0,67.61,3.285,220.4772543,6.123,809049.37,806444.29,848358.09,861965.12,870349.86,805642.61,2011,10,40
8,2011-10-14,863188.26,0,61.74,3.274,220.7960935,6.123,929976.55,809049.37,870971.82,849925.37,826546.96,694150.89,2011,10,41
8,2011-10-21,905984.49,0,59.97,3.353,220.9619484,6.123,863188.26,929976.55,806444.29,829902.42,836419.14,686345.69,2011,10,42
8,2011-10-28,876712.31,0,56.86,3.372,221.1278032,6.123,905984.49,863188.26,809049.37,807082.19,830756.76,686365.4,2011,10,43
8,2011-11-04,947815.05,0,49.68,3.332,221.2936581,6.123,876712.31,905984.49,929976.55,892393.77,927266.34,680954.81,2011,11,44
8,2011-11-11,917088.48,0,50.56,3.297,221.4595129,6.123,947815.05,876712.31,863188.26,856796.1,911538.98,675926.3,2011,11,45
8,2011-11-18,897032.19,0,51.72,3.308,221.6911738,6.123,917088.48,947815.05,905984.49,895066.5,885608.04,642450.4,2011,11,46
8,2011-11-25,1235163.86,1,49.61,3.236,221.9491571,6.123,897032.19,917088.48,876712.31,912542.82,1261693.16,609099.37,2011,11,47
8,2011-12-02,986601.46,0,40.82,3.172,222.2071405,6.123,1235163.86,897032.19,947815.05,891387.14,952766.93,586467.16,2011,12,48
8,2011-12-09,1051922.95,0,30.51,3.158,222.4651238,6.123,986601.46,1235163.86,917088.48,848358.09,1069061.63,597876.55,2011,12,49
8,2011-12-16,1118163.94,0,39.79,3.159,222.6910959,6.123,1051922.95,986601.46,897032.19,870971.82,1220579.55,541120.2,2011,12,50
8,2011-12-23,1462254.05,0,38.16,3.112,222.8743862,6.123,1118163.94,1051922.95,1235163.86,806444.29,1511641.09,530842.25,2011,12,51
8,2011-12-30,858572.22,1,36.33,3.129,223.0576765,6.123,1462254.05,1118163.94,986601.46,809049.37,773586.49,525545.76,2011,12,52
8,2012-01-06,872113.23,0,43.47,3.157,223.2409668,5.825,858572.22,1462254.05,1051922.95,929976.55,873065.23,505830.56,2012,1,1
8,2012-01-13,817661.76,0,36.46,3.261,223.4242571,5.825,872113.23,858572.22,1118163.94,863188.26,809646.66,503463.93,2012,1,2
8,2012-01-20,813954.82,0,46.81,3.268,223.5188055,5.825,817661.76,872113.23,1462254.05,905984.49,822668.23,516424.83,2012,1,3
8,2012-01-27,778178.53,0,45.52,3.29,223.6133539,5.825,813954.82,817661.76,858572.22,876712.31,782256.66,495543.28,2012,1,4
8,2012-02-03,927610.69,0,45.56,3.36,223.7079023,5.825,778178.53,813954.82,872113.23,947815.05,944594.78,1004137.09,2012,2,5
8,2012-02-10,1021400.42,1,35.71,3.409,223.8024507,5.825,927610.69,778178.53,817661.76,917088.48,996147.39,994801.4,2012,2,6
8,2012-02-17,1096232.89,0,37.51,3.51,223.9658621,5.825,1021400.42,927610.69,813954.82,897032.19,1065108.64,963960.37,2012,2,7
8,2012-02-24,928537.54,0,46.33,3.555,224.1809207,5.825,1096232.89,1021400.42,778178.53,1235163.86,917317.15,847592.11,2012,2,8
8,2012-03-02,952264.91,0,50.95,3.63,224.3959793,5.825,928537.54,1096232.89,927610.69,986601.46,935266.43,881503.95,2012,3,9
8,2012-03-09,960115.56,0,49.59,3.669,224.6110379,5.825,952264.91,928537.54,1021400.42,1051922.95,900387.29,860336.16,2012,3,10
8,2012-03-16,921178.39,0,56.63,3.734,224.7657327,5.825,960115.56,952264.91,1096232.89,1118163.94,898289.14,839911.0,2012,3,11
8,2012-03-23,874223.25,0,52.9,3.787,224.8399424,5.825,921178.39,960115.56,928537.54,1462254.05,827968.36,772539.12,2012,3,12
8,2012-03-30,905935.29,0,66.69,3.845,224.9141521,5.825,874223.25,921178.39,952264.91,858572.22,878762.3,914500.91,2012,3,13
8,2012-04-06,1046816.59,0,62.18,3.891,224.9883618,5.679,905935.29,874223.25,960115.56,872113.23,949825.83,916033.92,2012,4,14
8,2012-04-13,909989.45,0,65.19,3.891,225.0625714,5.679,1046816.59,905935.29,921178.39,817661.76,908278.74,882917.12,2012,4,15
8,2012-04-20,872288.46,0,63.59,3.877,225.1179914,5.679,909989.45,1046816.59,874223.25,813954.82,937473.13,850440.26,2012,4,16
8,2012-04-27,879448.25,0,70.34,3.814,225.1734114,5.679,872288.46,909989.45,905935.29,778178.53,855014.77,778672.64,2012,4,17
8,2012-05-04,937232.09,0,73.96,3.749,225.2288314,5.679,879448.25,872288.46,1046816.59,927610.69,941457.34,916820.96,2012,5,18
8,2012-05-11,920128.89,0,64.96,3.688,225.2842514,5.679,937232.09,879448.25,909989.45,1021400.42,895763.41,873337.84,2012,5,19
8,2012-05-18,913922.01,0,64.16,3.63,225.3002908,5.679,920128.89,937232.09,872288.46,1096232.89,836049.89,818333.21,2012,5,20
8,2012-05-25,895157.44,0,76.11,3.561,225.3005779,5.679,913922.01,920128.89,879448.25,928537.54,857939.41,868041.56,2012,5,21
8,2012-06-01,921161.2,0,78.31,3.501,225.300865,5.679,895157.44,913922.01,937232.09,952264.91,929222.16,958225.41,2012,6,22
8,2012-06-08,928820.0,0,74.28,3.452,225.3011521,5.679,921161.2,895157.44,920128.89,960115.56,897309.41,914835.86,2012,6,23
8,2012-06-15,916918.7,0,77.14,3.393,225.3134743,5.679,928820.0,921161.2,913922.01,921178.39,922048.41,869922.56,2012,6,24
8,2012-06-22,899449.65,0,78.85,3.346,225.3558843,5.679,916918.7,928820.0,895157.44,874223.25,864881.24,814919.11,2012,6,25
8,2012-06-29,878298.22,0,84.47,3.286,225.3982943,5.679,899449.65,916918.7,921161.2,905935.29,883683.35,852333.75,2012,6,26
8,2012-07-06,936205.5,0,81.24,3.227,225.4407043,5.401,878298.22,899449.65,928820.0,1046816.59,861965.12,845289.77,2012,7,27
8,2012-07-13,890488.01,0,78.46,3.256,225.4831143,5.401,936205.5,878298.22,916918.7,909989.45,849925.37,848630.57,2012,7,28
8,2012-07-20,888834.07,0,79.94,3.311,225.4930078,5.401,890488.01,936205.5,899449.65,872288.46,829902.42,785515.88,2012,7,29
8,2012-07-27,838227.52,0,81.71,3.407,225.5029014,5.401,888834.07,890488.01,878298.22,879448.25,807082.19,787295.09,2012,7,30
8,2012-08-03,897076.73,0,85.06,3.417,225.5127949,5.401,838227.52,888834.07,936205.5,937232.09,892393.77,893399.77,2012,8,31
8,2012-08-10,930745.69,0,83.74,3.494,225.5226885,5.401,897076.73,838227.52,890488.01,920128.89,856796.1,867919.21,2012,8,32
8,2012-08-17,896613.19,0,81.21,3.571,225.6050797,5.401,930745.69,897076.73,888834.07,913922.01,895066.5,870676.44,2012,8,33
8,2012-08-24,936373.65,0,73.77,3.62,225.7418442,5.401,896613.19,930745.69,838227.52,895157.44,912542.82,888816.78,2012,8,34
8,2012-08-31,976137.73,0,75.33,3.638,225.8786088,5.401,936373.65,896613.19,897076.73,921161.2,891387.14,899036.47,2012,8,35
8,2012-09-07,932160.37,1,80.87,3.73,226.0153733,5.401,976137.73,936373.65,930745.69,928820.0,848358.09,831425.2,2012,9,36
8,2012-09-14,883569.38,0,67.21,3.717,226.1615981,5.401,932160.37,976137.73,896613.19,916918.7,870971.82,836707.85,2012,9,37
8,2012-09-21,857796.45,0,66.96,3.721,226.3645848,5.401,883569.38,932160.37,936373.65,899449.65,806444.29,773725.08,2012,9,38
8,2012-09-28,884724.41,0,71.1,3.666,226.5675714,5.401,857796.45,883569.38,976137.73,878298.22,809049.37,804105.49,2012,9,39
8,2012-10-05,976436.02,0,61.41,3.617,226.7705581,5.124,884724.41,857796.45,932160.37,936205.5,929976.55,870349.86,2012,10,40
8,2012-10-12,927511.99,0,55.03,3.601,226.9735448,5.124,976436.02,884724.41,883569.38,890488.01,863188.26,826546.96,2012,10,41
8,2012-10-19,900309.75,0,62.99,3.594,227.0184166,5.124,927511.99,976436.02,857796.45,888834.07,905984.49,836419.14,2012,10,42
8,2012-10-26,891671.44,0,64.74,3.506,227.0369359,5.124,900309.75,927511.99,884724.41,838227.52,876712.31,830756.76,2012,10,43
9,2011-02-04,544612.28,0,31.82,2.989,216.1162864,6.416,463561.48,454021.69,490981.78,517869.97,549505.55,947815.05,2011,2,5
9,2011-02-11,555279.02,1,34.13,3.022,216.496729,6.416,544612.28,463561.48,458086.69,520846.68,552677.48,917088.48,2011,2,6
9,2011-02-18,610985.56,0,58.5,3.045,216.8154856,6.416,555279.02,544612.28,454021.69,519823.3,511327.9,897032.19,2011,2,7
9,2011-02-25,513107.2,0,59.01,3.065,217.1095679,6.416,610985.56,555279.02,463561.48,768070.53,473773.27,1235163.86,2011,2,8
9,2011-03-04,542016.18,0,60.67,3.288,217.4036503,6.416,513107.2,610985.56,544612.28,578164.82,507297.88,986601.46,2011,3,9
9,2011-03-11,517783.5,0,54.75,3.459,217.6977326,6.416,542016.18,513107.2,555279.02,618121.82,494145.8,1051922.95,2011,3,10
9,2011-03-18,515226.11,0,63.82,3.488,217.9563371,6.416,517783.5,542016.18,610985.56,685243.2,485744.61,1118163.94,2011,3,11
9,2011-03-25,497488.4,0,68.79,3.473,218.2007506,6.416,515226.11,517783.5,513107.2,873347.55,484946.56,1462254.05,2011,3,12
9,2011-04-01,520962.14,0,56.12,3.524,218.445164,6.38,497488.4,515226.11,542016.18,459770.85,545206.32,858572.22,2011,4,13
9,2011-04-08,561625.92,0,71.4,3.622,218.6895775,6.38,520962.14,497488.4,517783.5,490981.78,529384.31,872113.23,2011,4,14
9,2011-04-15,528420.28,0,71.9,3.743,218.9134935,6.38,561625.92,520962.14,515226.11,458086.69,485764.32,817661.76,2011,4,15
9,2011-04-22,549502.11,0,72.35,3.807,219.0861659,6.38,528420.28,561625.92,497488.4,454021.69,488683.57,813954.82,2011,4,16
9,2011-04-29,532226.2,0,70.85,3.81,219.2588382,6.38,549502.11,528420.28,520962.14,463561.48,491723.42,778178.53,2011,4,17
9,2011-05-06,545251.1,0,62.2,3.906,219.4315106,6.38,532226.2,549502.11,561625.92,544612.28,526128.61,927610.69,2011,5,18
9,2011-05-13,539126.0,0,77.66,3.899,219.6041829,6.38,545251.1,532226.2,528420.28,555279.02,492792.8,1021400.42,2011,5,19
9,2011-05-20,518266.9,0,70.49,3.907,219.3622809,6.38,539126.0,545251.1,549502.11,610985.56,506274.94,1096232.89,2011,5,20
9,2011-05-27,553834.04,0,80.42,3.786,219.1203788,6.38,518266.9,539126.0,532226.2,513107.2,558143.53,928537.54,2011,5,21
9,2011-06-03,587004.29,0,85.8,3.699,218.8784768,6.38,553834.04,518266.9,545251.1,542016.18,586061.46,952264.91,2011,6,22
9,2011-06-10,550076.32,0,85.81,3.648,218.6365747,6.38,587004.29,553834.04,539126.0,517783.5,522715.68,960115.56,2011,6,23
9,2011-06-17,558671.14,0,89.15,3.637,218.5877333,6.38,550076.32,587004.29,518266.9,515226.11,513073.87,921178.39,2011,6,24
9,2011-06-24,538745.93,0,86.74,3.594,218.6836874,6.38,558671.14,550076.32,553834.04,497488.4,509263.28,874223.25,2011,6,25
9,2011-07-01,537064.03,0,89.14,3.524,218.7796415,6.404,538745.93,558671.14,587004.29,520962.14,528832.54,905935.29,2011,7,26
9,2011-07-08,535983.13,0,89.04,3.48,218.8755955,6.404,537064.03,538745.93,550076.32,561625.92,485389.15,1046816.59,2011,7,27
9,2011-07-15,512834.04,0,90.45,3.575,218.9607242,6.404,535983.13,537064.03,558671.14,528420.28,474030.51,909989.45,2011,7,28
9,2011-07-22,491449.94,0,89.08,3.651,219.0187895,6.404,512834.04,535983.13,538745.93,549502.11,462676.5,872288.46,2011,7,29
9,2011-07-29,471449.98,0,91.1,3.682,219.0768548,6.404,491449.94,512834.04,537064.03,532226.2,468675.19,879448.25,2011,7,30
9,2011-08-05,554879.67,0,91.52,3.684,219.1349201,6.404,471449.98,491449.94,535983.13,545251.1,522815.45,937232.09,2011,8,31
9,2011-08-12,520284.79,0,91.63,3.638,219.1929854,6.404,554879.67,471449.98,512834.04,539126.0,481897.98,920128.89,2011,8,32
9,2011-08-19,540819.44,0,85.8,3.554,219.2556109,6.404,520284.79,554879.67,491449.94,518266.9,499325.38,913922.01,2011,8,33
9,2011-08-26,542663.53,0,88.95,3.523,219.3189965,6.404,540819.44,520284.79,471449.98,553834.04,506789.66,895157.44,2011,8,34
9,2011-09-02,544643.33,0,89.33,3.533,219.382382,6.404,542663.53,540819.44,554879.67,587004.29,511049.06,921161.2,2011,9,35
9,2011-09-09,528784.86,1,75.65,3.546,219.4457675,6.404,544643.33,542663.53,520284.79,550076.32,484835.2,928820.0,2011,9,36
9,2011-09-16,500274.03,0,77.95,3.526,219.6297841,6.404,528784.86,544643.33,540819.44,558671.14,463448.59,916918.7,2011,9,37
9,2011-09-23,506743.78,0,74.42,3.467,219.9746423,6.404,500274.03,528784.86,542663.53,538745.93,452905.22,899449.65,2011,9,38
9,2011-09-30,508567.04,0,78.45,3.355,220.3195004,6.404,506743.78,500274.03,544643.33,537064.03,495692.19,878298.22,2011,9,39
9,2011-10-07,553836.98,0,72.62,3.285,220.6643585,6.054,508567.04,506743.78,528784.86,535983.13,505069.21,936205.5,2011,10,40
9,2011-10-14,529515.66,0,67.27,3.274,220.9836849,6.054,553836.98,508567.04,500274.03,512834.04,454769.68,890488.01,2011,10,41
9,2011-10-21,557075.21,0,65.46,3.353,221.1498206,6.054,529515.66,553836.98,506743.78,491449.94,466322.76,888834.07,2011,10,42
9,2011-10-28,548527.49,0,63.96,3.372,221.3159563,6.054,557075.21,529515.66,508567.04,471449.98,508801.61,838227.52,2011,10,43
9,2011-11-04,597855.07,0,54.46,3.332,221.4820921,6.054,548527.49,557075.21,553836.98,554879.67,517869.97,897076.73,2011,11,44
9,2011-11-11,594574.12,0,58.28,3.297,221.6482278,6.054,597855.07,548527.49,529515.66,520284.79,520846.68,930745.69,2011,11,45
9,2011-11-18,542414.27,0,58.8,3.308,221.8803923,6.054,594574.12,597855.07,557075.21,540819.44,519823.3,896613.19,2011,11,46
9,2011-11-25,814753.5,1,54.32,3.236,222.1389683,6.054,542414.27,594574.12,548527.49,542663.53,768070.53,936373.65,2011,11,47
9,2011-12-02,613115.21,0,46.84,3.172,222.3975443,6.054,814753.5,542414.27,597855.07,544643.33,578164.82,976137.73,2011,12,48
9,2011-12-09,630327.28,0,37.65,3.158,222.6561203,6.054,613115.21,814753.5,594574.12,528784.86,618121.82,932160.37,2011,12,49
9,2011-12-16,705557.97,0,47.31,3.159,222.8825484,6.054,630327.28,613115.21,542414.27,500274.03,685243.2,883569.38,2011,12,50
9,2011-12-23,905324.68,0,44.43,3.112,223.0661125,6.054,705557.97,630327.28,814753.5,506743.78,873347.55,857796.45,2011,12,51
9,2011-12-30,549788.36,1,43.41,3.129,223.2496766,6.054,905324.68,705557.97,613115.21,508567.04,459770.85,884724.41,2011,12,52
9,2012-01-06,519585.67,0,47.54,3.157,223.4332408,5.667,549788.36,905324.68,630327.28,553836.98,490981.78,976436.02,2012,1,1
9,2012-01-13,474964.6,0,42.44,3.261,223.6168049,5.667,519585.67,549788.36,705557.97,529515.66,458086.69,927511.99,2012,1,2
9,2012-01-20,480130.04,0,51.56,3.268,223.7114288,5.667,474964.6,519585.67,905324.68,557075.21,454021.69,900309.75,2012,1,3
9,2012-01-27,482451.21,0,49.38,3.29,223.8060527,5.667,480130.04,474964.6,549788.36,548527.49,463561.48,891671.44,2012,1,4
9,2012-02-03,549967.89,0,54.43,3.36,223.9006766,5.667,482451.21,480130.04,519585.67,597855.07,544612.28,549505.55,2012,2,5
9,2012-02-10,609736.12,1,44.03,3.409,223.9953006,5.667,549967.89,482451.21,474964.6,594574.12,555279.02,552677.48,2012,2,6
9,2012-02-17,658965.05,0,43.81,3.51,224.1588663,5.667,609736.12,549967.89,480130.04,542414.27,610985.56,511327.9,2012,2,7
9,2012-02-24,563578.79,0,53.67,3.555,224.3741384,5.667,658965.05,609736.12,482451.21,814753.5,513107.2,473773.27,2012,2,8
9,2012-03-02,619498.28,0,57.2,3.63,224.5894104,5.667,563578.79,658965.05,549967.89,613115.21,542016.18,507297.88,2012,3,9
9,2012-03-09,574955.95,0,54.03,3.669,224.8046825,5.667,619498.28,563578.79,609736.12,630327.28,517783.5,494145.8,2012,3,10
9,2012-03-16,550373.57,0,59.94,3.734,224.9594902,5.667,574955.95,619498.28,658965.05,705557.97,515226.11,485744.61,2012,3,11
9,2012-03-23,550791.32,0,58.79,3.787,225.0336786,5.667,550373.57,574955.95,563578.79,905324.68,497488.4,484946.56,2012,3,12
9,2012-03-30,574985.37,0,67.87,3.845,225.107867,5.667,550791.32,550373.57,619498.28,549788.36,520962.14,545206.32,2012,3,13
9,2012-04-06,677885.99,0,68.83,3.891,225.1820555,5.539,574985.37,550791.32,574955.95,519585.67,561625.92,529384.31,2012,4,14
9,2012-04-13,578539.86,0,69.19,3.891,225.2562439,5.539,677885.99,574985.37,550373.57,474964.6,528420.28,485764.32,2012,4,15
9,2012-04-20,542819.03,0,68.04,3.877,225.3117488,5.539,578539.86,677885.99,550791.32,480130.04,549502.11,488683.57,2012,4,16
9,2012-04-27,550414.99,0,73.07,3.814,225.3672537,5.539,542819.03,578539.86,574985.37,482451.21,532226.2,491723.42,2012,4,17
9,2012-05-04,586289.08,0,78.98,3.749,225.4227585,5.539,550414.99,542819.03,677885.99,549967.89,545251.1,526128.61,2012,5,18
9,2012-05-11,592572.3,0,70.94,3.688,225.4782634,5.539,586289.08,550414.99,578539.86,609736.12,539126.0,492792.8,2012,5,19
9,2012-05-18,571463.93,0,69.52,3.63,225.4942498,5.539,592572.3,586289.08,542819.03,658965.05,518266.9,506274.94,2012,5,20
9,2012-05-25,547226.0,0,79.69,3.561,225.4944288,5.539,571463.93,592572.3,550414.99,563578.79,553834.04,558143.53,2012,5,21
9,2012-06-01,583648.59,0,80.26,3.501,225.4946078,5.539,547226.0,571463.93,586289.08,619498.28,587004.29,586061.46,2012,6,22
9,2012-06-08,582525.42,0,78.91,3.452,225.4947868,5.539,583648.59,547226.0,592572.3,574955.95,550076.32,522715.68,2012,6,23
9,2012-06-15,564606.1,0,82.21,3.393,225.5070634,5.539,582525.42,583648.59,571463.93,550373.57,558671.14,513073.87,2012,6,24
9,2012-06-22,562173.12,0,81.05,3.346,225.5495841,5.539,564606.1,582525.42,547226.0,550791.32,538745.93,509263.28,2012,6,25
9,2012-06-29,544770.7,0,87.18,3.286,225.5921049,5.539,562173.12,564606.1,583648.59,574985.37,537064.03,528832.54,2012,6,26
9,2012-07-06,578790.36,0,84.15,3.227,225.6346256,5.277,544770.7,562173.12,582525.42,677885.99,535983.13,485389.15,2012,7,27
9,2012-07-13,536537.64,0,82.39,3.256,225.6771463,5.277,578790.36,544770.7,564606.1,578539.86,512834.04,474030.51,2012,7,28
9,2012-07-20,513991.57,0,83.39,3.311,225.6871121,5.277,536537.64,578790.36,562173.12,542819.03,491449.94,462676.5,2012,7,29
9,2012-07-27,495951.0,0,86.41,3.407,225.6970779,5.277,513991.57,536537.64,544770.7,550414.99,471449.98,468675.19,2012,7,30
9,2012-08-03,533887.54,0,90.23,3.417,225.7070437,5.277,495951.0,513991.57,578790.36,586289.08,554879.67,522815.45,2012,8,31
9,2012-08-10,538713.47,0,88.66,3.494,225.7170094,5.277,533887.54,495951.0,536537.64,592572.3,520284.79,481897.98,2012,8,32
9,2012-08-17,535153.47,0,86.37,3.571,225.7995323,5.277,538713.47,533887.54,513991.57,571463.93,540819.44,499325.38,2012,8,33
9,2012-08-24,572887.78,0,77.9,3.62,225.9364729,5.277,535153.47,538713.47,495951.0,547226.0,542663.53,506789.66,2012,8,34
9,2012-08-31,576879.15,0,80.71,3.638,226.0734135,5.277,572887.78,535153.47,533887.54,583648.59,544643.33,511049.06,2012,8,35
9,2012-09-07,565812.29,1,87.93,3.73,226.2103541,5.277,576879.15,572887.78,538713.47,582525.42,528784.86,484835.2,2012,9,36
9,2012-09-14,523427.35,0,73.55,3.717,226.3567545,5.277,565812.29,576879.15,535153.47,564606.1,500274.03,463448.59,2012,9,37
9,2012-09-21,533756.88,0,69.92,3.721,226.5599138,5.277,523427.35,565812.29,572887.78,562173.12,506743.78,452905.22,2012,9,38
9,2012-09-28,516361.06,0,76.8,3.666,226.7630732,5.277,533756.88,523427.35,576879.15,544770.7,508567.04,495692.19,2012,9,39
9,2012-10-05,606755.3,0,66.61,3.617,226.9662325,4.954,516361.06,533756.88,565812.29,578790.36,553836.98,505069.21,2012,10,40
9,2012-10-12,558464.8,0,60.09,3.601,227.1693919,4.954,606755.3,516361.06,523427.35,536537.64,529515.66,454769.68,2012,10,41
9,2012-10-19,542009.46,0,68.01,3.594,227.214288,4.954,558464.8,606755.3,533756.88,513991.57,557075.21,466322.76,2012,10,42
9,2012-10-26,549731.49,0,69.52,3.506,227.2328068,4.954,542009.46,558464.8,516361.06,495951.0,548527.49,508801.61,2012,10,43
10,2011-02-04,1968045.91,0,44.88,3.348,127.7195806,8.744,1715769.05,1677556.18,1714309.9,1832211.96,2193048.75,597855.07,2011,2,5
10,2011-02-11,2115408.31,1,51.51,3.381,127.859129,8.744,1968045.91,1715769.05,1710803.59,1895901.59,2176028.52,594574.12,2011,2,6
10,2011-02-18,2106934.55,0,61.77,3.43,127.99525,8.744,2115408.31,1968045.91,1677556.18,1949177.13,2113432.58,542414.27,2011,2,7
10,2011-02-25,1967996.71,0,53.59,3.398,128.13,8.744,2106934.55,2115408.31,1715769.05,2939946.38,2006774.96,814753.5,2011,2,8
10,2011-03-04,1958003.19,0,56.96,3.674,128.26475,8.744,1967996.71,2106934.55,1968045.91,2251206.64,1987090.09,613115.21,2011,3,9
10,2011-03-11,1933469.15,0,64.22,3.63,128.3995,8.744,1958003.19,1967996.71,2115408.31,2411790.21,1941346.13,630327.28,2011,3,10
10,2011-03-18,1884734.31,0,70.12,3.892,128.5121935,8.744,1933469.15,1958003.19,2106934.55,2811646.85,1946875.06,705557.97,2011,3,11
10,2011-03-25,1815798.85,0,62.53,3.716,128.6160645,8.744,1884734.31,1933469.15,1967996.71,3749057.69,1893532.46,905324.68,2011,3,12
10,2011-04-01,1827733.18,0,67.64,3.772,128.7199355,8.494,1815798.85,1884734.31,1958003.19,1707298.14,2138651.97,549788.36,2011,4,13
10,2011-04-08,1870720.73,0,73.03,3.818,128.8238065,8.494,1827733.18,1815798.85,1933469.15,1714309.9,2041069.37,519585.67,2011,4,14
10,2011-04-15,1781767.22,0,61.05,4.089,128.9107333,8.494,1870720.73,1827733.18,1884734.31,1710803.59,1826241.44,474964.6,2011,4,15
10,2011-04-22,2004831.14,0,75.93,3.917,128.9553,8.494,1781767.22,1870720.73,1815798.85,1677556.18,1829521.83,480130.04,2011,4,16
10,2011-04-29,1873646.34,0,73.38,4.151,128.9998667,8.494,2004831.14,1781767.22,1827733.18,1715769.05,1790694.59,482451.21,2011,4,17
10,2011-05-06,1841369.99,0,73.56,4.193,129.0444333,8.494,1873646.34,2004831.14,1870720.73,1968045.91,1921432.16,549967.89,2011,5,18
10,2011-05-13,1712995.44,0,74.04,4.202,129.089,8.494,1841369.99,1873646.34,1781767.22,2115408.31,1808056.41,609736.12,2011,5,19
10,2011-05-20,1720908.01,0,72.62,3.99,129.0756774,8.494,1712995.44,1841369.99,2004831.14,2106934.55,1847613.58,658965.05,2011,5,20
10,2011-05-27,1743000.38,0,78.62,3.933,129.0623548,8.494,1720908.01,1712995.44,1873646.34,1967996.71,1904618.17,563578.79,2011,5,21
10,2011-06-03,1792210.89,0,81.87,3.893,129.0490323,8.494,1743000.38,1720908.01,1841369.99,1958003.19,1931406.28,619498.28,2011,6,22
10,2011-06-10,1740063.1,0,84.57,3.981,129.0357097,8.494,1792210.89,1743000.38,1712995.44,1933469.15,1827521.71,574955.95,2011,6,23
10,2011-06-17,1817934.76,0,87.96,3.935,129.0432,8.494,1740063.1,1792210.89,1720908.01,1884734.31,1837636.24,550373.57,2011,6,24
10,2011-06-24,1711813.13,0,90.69,3.807,129.0663,8.494,1817934.76,1740063.1,1743000.38,1815798.85,1768172.31,550791.32,2011,6,25
10,2011-07-01,1751369.75,0,95.36,3.842,129.0894,8.257,1711813.13,1817934.76,1792210.89,1827733.18,1845893.87,574985.37,2011,7,26
10,2011-07-08,1699708.38,0,88.57,3.793,129.1125,8.257,1751369.75,1711813.13,1740063.1,1870720.73,1769793.37,677885.99,2011,7,27
10,2011-07-15,1775068.4,0,86.01,3.779,129.1338387,8.257,1699708.38,1751369.75,1817934.76,1781767.22,1828052.47,578539.86,2011,7,28
10,2011-07-22,1774342.61,0,88.59,3.697,129.1507742,8.257,1775068.4,1699708.38,1711813.13,2004831.14,1831676.03,542819.03,2011,7,29
10,2011-07-29,1745841.33,0,86.75,3.694,129.1677097,8.257,1774342.61,1775068.4,1751369.75,1873646.34,1832664.03,550414.99,2011,7,30
10,2011-08-05,1886299.98,0,89.8,3.803,129.1846452,8.257,1745841.33,1774342.61,1699708.38,1841369.99,1949236.09,586289.08,2011,8,31
10,2011-08-12,1917397.63,0,85.61,3.794,129.2015806,8.257,1886299.98,1745841.33,1775068.4,1712995.44,1962996.7,592572.3,2011,8,32
10,2011-08-19,1954849.68,0,87.4,3.743,129.2405806,8.257,1917397.63,1886299.98,1774342.61,1720908.01,1983190.56,571463.93,2011,8,33
10,2011-08-26,1728399.07,0,91.59,3.663,129.2832581,8.257,1954849.68,1917397.63,1745841.33,1743000.38,1727565.42,547226.0,2011,8,34
10,2011-09-02,1758587.35,0,91.61,3.798,129.3259355,8.257,1728399.07,1954849.68,1886299.98,1792210.89,1766331.45,583648.59,2011,9,35
10,2011-09-09,1670579.82,1,89.06,3.771,129.3686129,8.257,1758587.35,1728399.07,1917397.63,1740063.1,1720530.23,582525.42,2011,9,36
10,2011-09-16,1650894.3,0,77.49,3.784,129.4306,8.257,1670579.82,1758587.35,1954849.68,1817934.76,1716755.78,564606.1,2011,9,37
10,2011-09-23,1685910.53,0,82.51,3.789,129.5183333,8.257,1650894.3,1670579.82,1728399.07,1711813.13,1655036.75,562173.12,2011,9,38
10,2011-09-30,1627707.31,0,82.27,3.877,129.6060667,8.257,1685910.53,1650894.3,1758587.35,1751369.75,1645892.97,544770.7,2011,9,39
10,2011-10-07,1788227.6,0,75.01,3.827,129.6938,7.874,1627707.31,1685910.53,1670579.82,1699708.38,1772192.42,578790.36,2011,10,40
10,2011-10-14,1704753.02,0,70.27,3.698,129.7706452,7.874,1788227.6,1627707.31,1650894.3,1775068.4,1703850.25,536537.64,2011,10,41
10,2011-10-21,1745928.56,0,77.91,3.842,129.7821613,7.874,1704753.02,1788227.6,1685910.53,1774342.61,1740234.06,513991.57,2011,10,42
10,2011-10-28,1771792.97,0,72.79,3.843,129.7936774,7.874,1745928.56,1704753.02,1627707.31,1745841.33,1741308.56,495951.0,2011,10,43
10,2011-11-04,1904438.59,0,68.57,3.828,129.8051935,7.874,1771792.97,1745928.56,1788227.6,1886299.98,1832211.96,533887.54,2011,11,44
10,2011-11-11,2076570.84,0,55.28,3.677,129.8167097,7.874,1904438.59,1771792.97,1704753.02,1917397.63,1895901.59,538713.47,2011,11,45
10,2011-11-18,1869087.85,0,58.97,3.669,129.8268333,7.874,2076570.84,1904438.59,1745928.56,1954849.68,1949177.13,535153.47,2011,11,46
10,2011-11-25,2950198.64,1,60.68,3.76,129.8364,7.874,1869087.85,2076570.84,1771792.97,1728399.07,2939946.38,572887.78,2011,11,47
10,2011-12-02,2068097.18,0,57.29,3.701,129.8459667,7.874,2950198.64,1869087.85,1904438.59,1758587.35,2251206.64,576879.15,2011,12,48
10,2011-12-09,2429310.9,0,42.58,3.644,129.8555333,7.874,2068097.18,2950198.64,2076570.84,1670579.82,2411790.21,565812.29,2011,12,49
10,2011-12-16,2555031.18,0,50.53,3.489,129.8980645,7.874,2429310.9,2068097.18,1869087.85,1650894.3,2811646.85,523427.35,2011,12,50
10,2011-12-23,3487986.89,0,48.36,3.541,129.9845484,7.874,2555031.18,2429310.9,2950198.64,1685910.53,3749057.69,533756.88,2011,12,51
10,2011-12-30,1930690.37,1,48.92,3.428,130.0710323,7.874,3487986.89,2555031.18,2068097.18,1627707.31,1707298.14,516361.06,2011,12,52
10,2012-01-06,1683401.78,0,59.85,3.443,130.1575161,7.545,1930690.37,3487986.89,2429310.9,1788227.6,1714309.9,606755.3,2012,1,1
10,2012-01-13,1711562.73,0,51.0,3.477,130.244,7.545,1683401.78,1930690.37,2555031.18,1704753.02,1710803.59,558464.8,2012,1,2
10,2012-01-20,1675562.94,0,54.51,3.66,130.2792258,7.545,1711562.73,1683401.78,3487986.89,1745928.56,1677556.18,542009.46,2012,1,3
10,2012-01-27,1632406.0,0,53.59,3.675,130.3144516,7.545,1675562.94,1711562.73,1930690.37,1771792.97,1715769.05,549731.49,2012,1,4
10,2012-02-03,1867403.01,0,56.85,3.543,130.3496774,7.545,1632406.0,1675562.94,1683401.78,1904438.59,1968045.91,2193048.75,2012,2,5
10,2012-02-10,2218595.8,1,55.73,3.722,130.3849032,7.545,1867403.01,1632406.0,1711562.73,2076570.84,2115408.31,2176028.52,2012,2,6
10,2012-02-17,2168709.76,0,54.12,3.781,130.4546207,7.545,2218595.8,1867403.01,1675562.94,1869087.85,2106934.55,2113432.58,2012,2,7
10,2012-02-24,2039415.74,0,56.02,3.95,130.5502069,7.545,2168709.76,2218595.8,1632406.0,2950198.64,1967996.71,2006774.96,2012,2,8
10,2012-03-02,1990371.02,0,57.62,3.882,130.6457931,7.545,2039415.74,2168709.76,1867403.01,2068097.18,1958003.19,1987090.09,2012,3,9
10,2012-03-09,1917483.1,0,57.65,3.963,130.7413793,7.545,1990371.02,2039415.74,2218595.8,2429310.9,1933469.15,1941346.13,2012,3,10
10,2012-03-16,1930814.66,0,62.11,4.273,130.8261935,7.545,1917483.1,1990371.02,2168709.76,2555031.18,1884734.31,1946875.06,2012,3,11
10,2012-03-23,1837457.69,0,56.54,4.288,130.8966452,7.545,1930814.66,1917483.1,2039415.74,3487986.89,1815798.85,1893532.46,2012,3,12
10,2012-03-30,1815760.42,0,67.92,4.294,130.9670968,7.545,1837457.69,1930814.66,1990371.02,1930690.37,1827733.18,2138651.97,2012,3,13
10,2012-04-06,2163384.17,0,65.99,4.282,131.0375484,7.382,1815760.42,1837457.69,1917483.1,1683401.78,1870720.73,2041069.37,2012,4,14
10,2012-04-13,1974687.51,0,70.28,4.254,131.108,7.382,2163384.17,1815760.42,1930814.66,1711562.73,1781767.22,1826241.44,2012,4,15
10,2012-04-20,1777166.53,0,67.75,4.111,131.1173333,7.382,1974687.51,2163384.17,1837457.69,1675562.94,2004831.14,1829521.83,2012,4,16
10,2012-04-27,1712987.56,0,80.11,4.088,131.1266667,7.382,1777166.53,1974687.51,1815760.42,1632406.0,1873646.34,1790694.59,2012,4,17
10,2012-05-04,1821364.42,0,77.02,4.058,131.136,7.382,1712987.56,1777166.53,2163384.17,1867403.01,1841369.99,1921432.16,2012,5,18
10,2012-05-11,1792345.3,0,76.03,4.186,131.1453333,7.382,1821364.42,1712987.56,1974687.51,2218595.8,1712995.44,1808056.41,2012,5,19
10,2012-05-18,1795152.73,0,85.19,4.308,131.0983226,7.382,1792345.3,1821364.42,1777166.53,2168709.76,1720908.01,1847613.58,2012,5,20
10,2012-05-25,1830939.1,0,86.03,4.127,131.0287742,7.382,1795152.73,1792345.3,1712987.56,2039415.74,1743000.38,1904618.17,2012,5,21
10,2012-06-01,1767471.48,0,80.06,4.277,130.9592258,7.382,1830939.1,1795152.73,1821364.42,1990371.02,1792210.89,1931406.28,2012,6,22
10,2012-06-08,1840491.41,0,86.87,4.103,130.8896774,7.382,1767471.48,1830939.1,1792345.3,1917483.1,1740063.1,1827521.71,2012,6,23
10,2012-06-15,1811562.88,0,88.58,4.144,130.8295333,7.382,1840491.41,1767471.48,1795152.73,1930814.66,1817934.76,1837636.24,2012,6,24
10,2012-06-22,1755334.18,0,89.92,4.014,130.7929,7.382,1811562.88,1840491.41,1830939.1,1837457.69,1711813.13,1768172.31,2012,6,25
10,2012-06-29,1707481.9,0,91.36,3.875,130.7562667,7.382,1755334.18,1811562.88,1767471.48,1815760.42,1751369.75,1845893.87,2012,6,26
10,2012-07-06,1805999.79,0,86.87,3.666,130.7196333,7.17,1707481.9,1755334.18,1840491.41,2163384.17,1699708.38,1769793.37,2012,7,27
10,2012-07-13,1765571.91,0,89.8,3.723,130.683,7.17,1805999.79,1707481.9,1811562.88,1974687.51,1775068.4,1828052.47,2012,7,28
10,2012-07-20,1869967.03,0,84.45,3.589,130.7012903,7.17,1765571.91,1805999.79,1755334.18,1777166.53,1774342.61,1831676.03,2012,7,29
10,2012-07-27,1817603.66,0,83.98,3.769,130.7195806,7.17,1869967.03,1765571.91,1707481.9,1712987.56,1745841.33,1832664.03,2012,7,30
10,2012-08-03,1939440.09,0,84.76,3.595,130.737871,7.17,1817603.66,1869967.03,1805999.79,1821364.42,1886299.98,1949236.09,2012,8,31
10,2012-08-10,1880436.94,0,90.78,3.811,130.7561613,7.17,1939440.09,1817603.66,1765571.91,1792345.3,1917397.63,1962996.7,2012,8,32
10,2012-08-17,1827797.4,0,88.83,4.002,130.7909677,7.17,1880436.94,1939440.09,1869967.03,1795152.73,1954849.68,1983190.56,2012,8,33
10,2012-08-24,1764984.15,0,82.5,4.055,130.8381613,7.17,1827797.4,1880436.94,1817603.66,1830939.1,1728399.07,1727565.42,2012,8,34
10,2012-08-31,1650285.54,0,86.97,3.886,130.8853548,7.17,1764984.15,1827797.4,1939440.09,1767471.48,1758587.35,1766331.45,2012,8,35
10,2012-09-07,1708283.28,1,83.07,4.124,130.9325484,7.17,1650285.54,1764984.15,1880436.94,1840491.41,1670579.82,1720530.23,2012,9,36
10,2012-09-14,1640168.99,0,78.47,3.966,130.9776667,7.17,1708283.28,1650285.54,1827797.4,1811562.88,1650894.3,1716755.78,2012,9,37
10,2012-09-21,1671857.57,0,81.93,4.125,131.0103333,7.17,1640168.99,1708283.28,1764984.15,1755334.18,1685910.53,1655036.75,2012,9,38
10,2012-09-28,1694862.41,0,82.52,3.966,131.043,7.17,1671857.57,1640168.99,1650285.54,1707481.9,1627707.31,1645892.97,2012,9,39
10,2012-10-05,1758971.38,0,80.88,4.132,131.0756667,6.943,1694862.41,1671857.57,1708283.28,1805999.79,1788227.6,1772192.42,2012,10,40
10,2012-10-12,1713889.11,0,76.03,4.468,131.1083333,6.943,1758971.38,1694862.41,1640168.99,1765571.91,1704753.02,1703850.25,2012,10,41
10,2012-10-19,1734834.82,0,72.71,4.449,131.1499677,6.943,1713889.11,1758971.38,1671857.57,1869967.03,1745928.56,1740234.06,2012,10,42
10,2012-10-26,1744349.05,0,70.5,4.301,131.1930968,6.943,1734834.82,1713889.11,1694862.41,1817603.66,1771792.97,1741308.56,2012,10,43
11,2011-02-04,1422546.05,0,47.17,2.989,215.8863367,7.551,1100418.69,1187776.19,1178905.44,1332759.13,1528008.64,1904438.59,2011,2,5
11,2011-02-11,1419236.9,1,44.61,3.022,216.2660913,7.551,1422546.05,1100418.69,1194449.78,1281675.6,1574684.08,2076570.84,2011,2,6
11,2011-02-18,1554747.15,0,61.5,3.045,216.5843571,7.551,1419236.9,1422546.05,1187776.19,1292346.57,1503298.7,1869087.85,2011,2,7
11,2011-02-25,1323999.36,0,68.74,3.065,216.8780275,7.551,1554747.15,1419236.9,1100418.69,1757242.51,1336404.65,2950198.64,2011,2,8
11,2011-03-04,1399456.99,0,66.5,3.288,217.1716979,7.551,1323999.36,1554747.15,1422546.05,1380522.64,1426622.65,2068097.18,2011,3,9
11,2011-03-11,1314557.31,0,63.29,3.459,217.4653683,7.551,1399456.99,1323999.36,1419236.9,1564516.43,1331883.16,2429310.9,2011,3,10
11,2011-03-18,1391813.69,0,70.17,3.488,217.7235226,7.551,1314557.31,1399456.99,1554747.15,1843971.15,1364207.0,2555031.18,2011,3,11
11,2011-03-25,1229777.24,0,73.74,3.473,217.9674705,7.551,1391813.69,1314557.31,1323999.36,2306265.36,1245624.27,3487986.89,2011,3,12
11,2011-04-01,1258674.12,0,69.1,3.524,218.2114184,7.574,1229777.24,1391813.69,1399456.99,1172003.1,1446210.26,1930690.37,2011,4,13
11,2011-04-08,1327401.06,0,73.57,3.622,218.4553663,7.574,1258674.12,1229777.24,1314557.31,1178905.44,1470308.32,1683401.78,2011,4,14
11,2011-04-15,1312905.8,0,76.64,3.743,218.6788642,7.574,1327401.06,1258674.12,1391813.69,1194449.78,1323243.35,1711562.73,2011,4,15
11,2011-04-22,1388118.53,0,78.31,3.807,218.851237,7.574,1312905.8,1327401.06,1229777.24,1187776.19,1283766.55,1675562.94,2011,4,16
11,2011-04-29,1357589.89,0,79.97,3.81,219.0236099,7.574,1388118.53,1312905.8,1258674.12,1100418.69,1239766.89,1632406.0,2011,4,17
11,2011-05-06,1331453.41,0,71.39,3.906,219.1959827,7.574,1357589.89,1388118.53,1327401.06,1422546.05,1312329.78,1867403.01,2011,5,18
11,2011-05-13,1277959.42,0,80.93,3.899,219.3683556,7.574,1331453.41,1357589.89,1312905.8,1419236.9,1266796.13,2218595.8,2011,5,19
11,2011-05-20,1239466.97,0,76.97,3.907,219.127216,7.574,1277959.42,1331453.41,1388118.53,1554747.15,1271646.62,2168709.76,2011,5,20
11,2011-05-27,1216876.52,0,85.61,3.786,218.8860765,7.574,1239466.97,1277959.42,1357589.89,1323999.36,1264272.52,2039415.74,2011,5,21
11,2011-06-03,1343637.0,0,86.14,3.699,218.6449369,7.574,1216876.52,1239466.97,1331453.41,1399456.99,1396322.19,1990371.02,2011,6,22
11,2011-06-10,1314626.75,0,85.79,3.648,218.4037974,7.574,1343637.0,1216876.52,1277959.42,1314557.31,1339570.85,1917483.1,2011,6,23
11,2011-06-17,1337506.74,0,87.9,3.637,218.3551748,7.574,1314626.75,1343637.0,1239466.97,1391813.69,1336522.92,1930814.66,2011,6,24
11,2011-06-24,1254587.84,0,86.13,3.594,218.45094,7.574,1337506.74,1314626.75,1216876.52,1229777.24,1262025.08,1837457.69,2011,6,25
11,2011-07-01,1297472.06,0,86.43,3.524,218.5467052,7.567,1254587.84,1337506.74,1343637.0,1258674.12,1302600.14,1815760.42,2011,7,26
11,2011-07-08,1334627.96,0,87.17,3.48,218.6424704,7.567,1297472.06,1254587.84,1314626.75,1327401.06,1280156.47,2163384.17,2011,7,27
11,2011-07-15,1266546.73,0,88.3,3.575,218.7275216,7.567,1334627.96,1297472.06,1337506.74,1312905.8,1290609.54,1974687.51,2011,7,28
11,2011-07-22,1290576.44,0,87.8,3.651,218.7857881,7.567,1266546.73,1334627.96,1254587.84,1388118.53,1244390.03,1777166.53,2011,7,29
11,2011-07-29,1212938.67,0,89.46,3.682,218.8440545,7.567,1290576.44,1266546.73,1297472.06,1357589.89,1250178.89,1712987.56,2011,7,30
11,2011-08-05,1403198.94,0,90.04,3.684,218.9023209,7.567,1212938.67,1290576.44,1334627.96,1331453.41,1369634.92,1821364.42,2011,8,31
11,2011-08-12,1354188.43,0,90.3,3.638,218.9605873,7.567,1403198.94,1212938.67,1266546.73,1277959.42,1384339.1,1792345.3,2011,8,32
11,2011-08-19,1484169.74,0,89.51,3.554,219.023271,7.567,1354188.43,1403198.94,1290576.44,1239466.97,1430192.37,1795152.73,2011,8,33
11,2011-08-26,1304706.75,0,89.09,3.523,219.0866908,7.567,1484169.74,1354188.43,1212938.67,1216876.52,1311263.07,1830939.1,2011,8,34
11,2011-09-02,1297792.41,0,91.44,3.533,219.1501106,7.567,1304706.75,1484169.74,1403198.94,1343637.0,1303914.27,1767471.48,2011,9,35
11,2011-09-09,1249439.95,1,84.91,3.546,219.2135305,7.567,1297792.41,1304706.75,1354188.43,1314626.75,1231428.46,1840491.41,2011,9,36
11,2011-09-16,1270816.01,0,85.11,3.526,219.3972867,7.567,1249439.95,1297792.41,1484169.74,1337506.74,1215676.31,1811562.88,2011,9,37
11,2011-09-23,1235775.15,0,82.14,3.467,219.7414914,7.567,1270816.01,1249439.95,1304706.75,1254587.84,1170103.25,1755334.18,2011,9,38
11,2011-09-30,1190515.83,0,84.4,3.355,220.085696,7.567,1235775.15,1270816.01,1297792.41,1297472.06,1182490.46,1707481.9,2011,9,39
11,2011-10-07,1346271.06,0,76.97,3.285,220.4299007,7.197,1190515.83,1235775.15,1249439.95,1334627.96,1293472.8,1805999.79,2011,10,40
11,2011-10-14,1286388.96,0,75.56,3.274,220.7486167,7.197,1346271.06,1190515.83,1270816.01,1266546.73,1175003.67,1765571.91,2011,10,41
11,2011-10-21,1325107.53,0,70.91,3.353,220.9144005,7.197,1286388.96,1346271.06,1235775.15,1290576.44,1169831.38,1869967.03,2011,10,42
11,2011-10-28,1310684.1,0,72.66,3.372,221.0801842,7.197,1325107.53,1286388.96,1190515.83,1212938.67,1195036.0,1817603.66,2011,10,43
11,2011-11-04,1458287.38,0,61.13,3.332,221.245968,7.197,1310684.1,1325107.53,1346271.06,1403198.94,1332759.13,1939440.09,2011,11,44
11,2011-11-11,1366053.69,0,64.2,3.297,221.4117517,7.197,1458287.38,1310684.1,1286388.96,1354188.43,1281675.6,1880436.94,2011,11,45
11,2011-11-18,1315091.63,0,66.17,3.308,221.6432852,7.197,1366053.69,1458287.38,1325107.53,1484169.74,1292346.57,1827797.4,2011,11,46
11,2011-11-25,1848953.48,1,70.03,3.236,221.9011185,7.197,1315091.63,1366053.69,1310684.1,1304706.75,1757242.51,1764984.15,2011,11,47
11,2011-12-02,1399322.44,0,56.89,3.172,222.1589519,7.197,1848953.48,1315091.63,1458287.38,1297792.41,1380522.64,1650285.54,2011,12,48
11,2011-12-09,1646655.94,0,50.63,3.158,222.4167852,7.197,1399322.44,1848953.48,1366053.69,1249439.95,1564516.43,1708283.28,2011,12,49
11,2011-12-16,1783910.06,0,59.69,3.159,222.6426418,7.197,1646655.94,1399322.44,1315091.63,1270816.01,1843971.15,1640168.99,2011,12,50
11,2011-12-23,2213518.5,0,54.29,3.112,222.8258628,7.197,1783910.06,1646655.94,1848953.48,1235775.15,2306265.36,1671857.57,2011,12,51
11,2011-12-30,1352084.21,1,48.86,3.129,223.0090839,7.197,2213518.5,1783910.06,1399322.44,1190515.83,1172003.1,1694862.41,2011,12,52
11,2012-01-06,1283885.55,0,54.44,3.157,223.1923049,6.833,1352084.21,2213518.5,1646655.94,1346271.06,1178905.44,1758971.38,2012,1,1
11,2012-01-13,1264736.59,0,53.1,3.261,223.3755259,6.833,1283885.55,1352084.21,1783910.06,1286388.96,1194449.78,1713889.11,2012,1,2
11,2012-01-20,1207303.29,0,56.43,3.268,223.4700552,6.833,1264736.59,1283885.55,2213518.5,1325107.53,1187776.19,1734834.82,2012,1,3
11,2012-01-27,1162675.85,0,58.36,3.29,223.5645845,6.833,1207303.29,1264736.59,1352084.21,1310684.1,1100418.69,1744349.05,2012,1,4
11,2012-02-03,1376732.18,0,60.24,3.36,223.6591137,6.833,1162675.85,1207303.29,1283885.55,1458287.38,1422546.05,1528008.64,2012,2,5
11,2012-02-10,1574287.76,1,52.23,3.409,223.753643,6.833,1376732.18,1162675.85,1264736.59,1366053.69,1419236.9,1574684.08,2012,2,6
11,2012-02-17,1569607.94,0,52.77,3.51,223.9170153,6.833,1574287.76,1376732.18,1207303.29,1315091.63,1554747.15,1503298.7,2012,2,7
11,2012-02-24,1379473.03,0,61.11,3.555,224.1320199,6.833,1569607.94,1574287.76,1162675.85,1848953.48,1323999.36,1336404.65,2012,2,8
11,2012-03-02,1438383.44,0,62.61,3.63,224.3470245,6.833,1379473.03,1569607.94,1376732.18,1399322.44,1399456.99,1426622.65,2012,3,9
11,2012-03-09,1413382.76,0,61.44,3.669,224.5620291,6.833,1438383.44,1379473.03,1574287.76,1646655.94,1314557.31,1331883.16,2012,3,10
11,2012-03-16,1441884.28,0,64.21,3.734,224.7166953,6.833,1413382.76,1438383.44,1569607.94,1783910.06,1391813.69,1364207.0,2012,3,11
11,2012-03-23,1300593.61,0,67.16,3.787,224.7909104,6.833,1441884.28,1413382.76,1379473.03,2213518.5,1229777.24,1245624.27,2012,3,12
11,2012-03-30,1300104.03,0,70.23,3.845,224.8651254,6.833,1300593.61,1441884.28,1438383.44,1352084.21,1258674.12,1446210.26,2012,3,13
11,2012-04-06,1596325.01,0,74.19,3.891,224.9393405,6.664,1300104.03,1300593.61,1413382.76,1283885.55,1327401.06,1470308.32,2012,4,14
11,2012-04-13,1472752.01,0,72.74,3.891,225.0135556,6.664,1596325.01,1300104.03,1441884.28,1264736.59,1312905.8,1323243.35,2012,4,15
11,2012-04-20,1315356.99,0,71.97,3.877,225.0689541,6.664,1472752.01,1596325.01,1300593.61,1207303.29,1388118.53,1283766.55,2012,4,16
11,2012-04-27,1236238.29,0,73.4,3.814,225.1243526,6.664,1315356.99,1472752.01,1300104.03,1162675.85,1357589.89,1239766.89,2012,4,17
11,2012-05-04,1370251.22,0,79.07,3.749,225.1797511,6.664,1236238.29,1315356.99,1596325.01,1376732.18,1331453.41,1312329.78,2012,5,18
11,2012-05-11,1300147.07,0,75.13,3.688,225.2351496,6.664,1370251.22,1236238.29,1472752.01,1574287.76,1277959.42,1266796.13,2012,5,19
11,2012-05-18,1352442.31,0,72.53,3.63,225.2512024,6.664,1300147.07,1370251.22,1315356.99,1569607.94,1239466.97,1271646.62,2012,5,20
11,2012-05-25,1297335.87,0,78.44,3.561,225.2515168,6.664,1352442.31,1300147.07,1236238.29,1379473.03,1216876.52,1264272.52,2012,5,21
11,2012-06-01,1361595.33,0,81.67,3.501,225.2518313,6.664,1297335.87,1352442.31,1370251.22,1438383.44,1343637.0,1396322.19,2012,6,22
11,2012-06-08,1414343.53,0,82.1,3.452,225.2521458,6.664,1361595.33,1297335.87,1300147.07,1413382.76,1314626.75,1339570.85,2012,6,23
11,2012-06-15,1417875.42,0,84.97,3.393,225.2644795,6.664,1414343.53,1361595.33,1352442.31,1441884.28,1337506.74,1336522.92,2012,6,24
11,2012-06-22,1355680.3,0,83.26,3.346,225.3068615,6.664,1417875.42,1414343.53,1297335.87,1300593.61,1254587.84,1262025.08,2012,6,25
11,2012-06-29,1297028.6,0,87.86,3.286,225.3492435,6.664,1355680.3,1417875.42,1361595.33,1300104.03,1297472.06,1302600.14,2012,6,26
11,2012-07-06,1461129.94,0,83.44,3.227,225.3916254,6.334,1297028.6,1355680.3,1414343.53,1596325.01,1334627.96,1280156.47,2012,7,27
11,2012-07-13,1320239.51,0,82.46,3.256,225.4340074,6.334,1461129.94,1297028.6,1417875.42,1472752.01,1266546.73,1290609.54,2012,7,28
11,2012-07-20,1344483.81,0,82.41,3.311,225.4438827,6.334,1320239.51,1461129.94,1355680.3,1315356.99,1290576.44,1244390.03,2012,7,29
11,2012-07-27,1272395.02,0,85.43,3.407,225.4537579,6.334,1344483.81,1320239.51,1297028.6,1236238.29,1212938.67,1250178.89,2012,7,30
11,2012-08-03,1399341.07,0,86.94,3.417,225.4636332,6.334,1272395.02,1344483.81,1461129.94,1370251.22,1403198.94,1369634.92,2012,8,31
11,2012-08-10,1388973.65,0,86.21,3.494,225.4735085,6.334,1399341.07,1272395.02,1320239.51,1300147.07,1354188.43,1384339.1,2012,8,32
11,2012-08-17,1421307.2,0,87.73,3.571,225.5558664,6.334,1388973.65,1399341.07,1344483.81,1352442.31,1484169.74,1430192.37,2012,8,33
11,2012-08-24,1409515.73,0,83.17,3.62,225.6925864,6.334,1421307.2,1388973.65,1272395.02,1297335.87,1304706.75,1311263.07,2012,8,34
11,2012-08-31,1372872.35,0,86.49,3.638,225.8293063,6.334,1409515.73,1421307.2,1399341.07,1361595.33,1297792.41,1303914.27,2012,8,35
11,2012-09-07,1304584.4,1,85.17,3.73,225.9660263,6.334,1372872.35,1409515.73,1388973.65,1414343.53,1249439.95,1231428.46,2012,9,36
11,2012-09-14,1267675.05,0,79.61,3.717,226.1122067,6.334,1304584.4,1372872.35,1421307.2,1417875.42,1270816.01,1215676.31,2012,9,37
11,2012-09-21,1326132.98,0,73.64,3.721,226.3151496,6.334,1267675.05,1304584.4,1409515.73,1355680.3,1235775.15,1170103.25,2012,9,38
11,2012-09-28,1227430.73,0,77.67,3.666,226.5180926,6.334,1326132.98,1267675.05,1372872.35,1297028.6,1190515.83,1182490.46,2012,9,39
11,2012-10-05,1422794.26,0,73.37,3.617,226.7210356,6.034,1227430.73,1326132.98,1304584.4,1461129.94,1346271.06,1293472.8,2012,10,40
11,2012-10-12,1311965.09,0,69.94,3.601,226.9239785,6.034,1422794.26,1227430.73,1267675.05,1320239.51,1286388.96,1175003.67,2012,10,41
11,2012-10-19,1232073.18,0,73.77,3.594,226.9688442,6.034,1311965.09,1422794.26,1326132.98,1344483.81,1325107.53,1169831.38,2012,10,42
11,2012-10-26,1200729.45,0,74.26,3.506,226.9873637,6.034,1232073.18,1311965.09,1227430.73,1272395.02,1310684.1,1195036.0,2012,10,43
12,2011-02-04,1046068.17,0,45.14,3.348,127.7195806,14.021,873119.06,802105.5,910110.24,929690.71,1100046.37,1458287.38,2011,2,5
12,2011-02-11,1086421.57,1,51.3,3.381,127.859129,14.021,1046068.17,873119.06,812011.8,942475.24,1117863.33,1366053.69,2011,2,6
12,2011-02-18,1128485.1,0,53.35,3.43,127.99525,14.021,1086421.57,1046068.17,802105.5,894493.7,1095421.65,1315091.63,2011,2,7
12,2011-02-25,1046203.72,0,48.45,3.53,128.13,14.021,1128485.1,1086421.57,873119.06,1601377.41,1048617.17,1848953.48,2011,2,8
12,2011-03-04,1085248.21,0,51.72,3.674,128.26475,14.021,1046203.72,1128485.1,1046068.17,1069533.17,1077018.27,1399322.44,2011,3,9
12,2011-03-11,997672.62,0,57.75,3.818,128.3995,14.021,1085248.21,1046203.72,1086421.57,1121934.15,985594.23,1646655.94,2011,3,10
12,2011-03-18,1009502.01,0,64.21,3.692,128.5121935,14.021,997672.62,1085248.21,1128485.1,1295605.35,972088.34,1783910.06,2011,3,11
12,2011-03-25,954107.32,0,54.4,3.909,128.6160645,14.021,1009502.01,997672.62,1046203.72,1768249.89,981615.81,2213518.5,2011,3,12
12,2011-04-01,1005463.49,0,63.63,3.772,128.7199355,13.736,954107.32,1009502.01,1085248.21,891736.91,1011822.3,1352084.21,2011,4,13
12,2011-04-08,998362.05,0,64.47,4.003,128.8238065,13.736,1005463.49,954107.32,997672.62,910110.24,1041238.87,1283885.55,2011,4,14
12,2011-04-15,990951.77,0,57.63,3.868,128.9107333,13.736,998362.05,1005463.49,1009502.01,812011.8,957997.52,1264736.59,2011,4,15
12,2011-04-22,1016019.47,0,72.12,4.134,128.9553,13.736,990951.77,998362.05,954107.32,802105.5,993833.44,1207303.29,2011,4,16
12,2011-04-29,994966.1,0,68.27,4.151,128.9998667,13.736,1016019.47,990951.77,1005463.49,873119.06,954220.22,1162675.85,2011,4,17
12,2011-05-06,1021154.48,0,68.4,4.193,129.0444333,13.736,994966.1,1016019.47,998362.05,1046068.17,1043240.27,1376732.18,2011,5,18
12,2011-05-13,977033.5,0,70.93,4.202,129.089,13.736,1021154.48,994966.1,990951.77,1086421.57,966054.97,1574287.76,2011,5,19
12,2011-05-20,924134.99,0,66.59,4.169,129.0756774,13.736,977033.5,1021154.48,1016019.47,1128485.1,958374.56,1569607.94,2011,5,20
12,2011-05-27,964332.51,0,76.67,4.087,129.0623548,13.736,924134.99,977033.5,994966.1,1046203.72,955451.16,1379473.03,2011,5,21
12,2011-06-03,970328.68,0,71.81,4.031,129.0490323,13.736,964332.51,924134.99,1021154.48,1085248.21,1049357.36,1438383.44,2011,6,22
12,2011-06-10,996937.95,0,78.72,3.981,129.0357097,13.736,970328.68,964332.51,977033.5,997672.62,1016039.71,1413382.76,2011,6,23
12,2011-06-17,986504.93,0,86.84,3.935,129.0432,13.736,996937.95,970328.68,924134.99,1009502.01,956211.2,1441884.28,2011,6,24
12,2011-06-24,997282.75,0,88.95,3.898,129.0663,13.736,986504.93,996937.95,964332.51,954107.32,958007.69,1300593.61,2011,6,25
12,2011-07-01,961993.34,0,89.85,3.842,129.0894,13.503,997282.75,986504.93,970328.68,1005463.49,951957.31,1300104.03,2011,7,26
12,2011-07-08,943717.38,0,89.9,3.705,129.1125,13.503,961993.34,997282.75,996937.95,998362.05,943506.28,1596325.01,2011,7,27
12,2011-07-15,936001.98,0,88.1,3.692,129.1338387,13.503,943717.38,961993.34,986504.93,990951.77,916402.76,1472752.01,2011,7,28
12,2011-07-22,922231.92,0,91.17,3.794,129.1507742,13.503,936001.98,943717.38,997282.75,1016019.47,912403.67,1315356.99,2011,7,29
12,2011-07-29,890547.07,0,93.29,3.805,129.1677097,13.503,922231.92,936001.98,961993.34,994966.1,913548.25,1236238.29,2011,7,30
12,2011-08-05,988712.52,0,90.61,3.803,129.1846452,13.503,890547.07,922231.92,943717.38,1021154.48,967576.95,1370251.22,2011,8,31
12,2011-08-12,955913.68,0,91.04,3.701,129.2015806,13.503,988712.52,890547.07,936001.98,977033.5,928264.4,1300147.07,2011,8,32
12,2011-08-19,966817.24,0,91.74,3.743,129.2405806,13.503,955913.68,988712.52,922231.92,924134.99,948447.34,1352442.31,2011,8,33
12,2011-08-26,1017593.47,0,94.61,3.74,129.2832581,13.503,966817.24,955913.68,890547.07,964332.51,1004516.46,1297335.87,2011,8,34
12,2011-09-02,1052051.45,0,93.66,3.798,129.3259355,13.503,1017593.47,966817.24,988712.52,970328.68,1075758.55,1361595.33,2011,9,35
12,2011-09-09,922850.57,1,88.0,3.913,129.3686129,13.503,1052051.45,1017593.47,955913.68,996937.95,903119.03,1414343.53,2011,9,36
12,2011-09-16,889290.23,0,76.36,3.918,129.4306,13.503,922850.57,1052051.45,966817.24,986504.93,852882.61,1417875.42,2011,9,37
12,2011-09-23,871692.74,0,82.95,3.789,129.5183333,13.503,889290.23,922850.57,1017593.47,997282.75,851919.34,1355680.3,2011,9,38
12,2011-09-30,866401.45,0,83.26,3.877,129.6060667,13.503,871692.74,889290.23,1052051.45,961993.34,850936.26,1297028.6,2011,9,39
12,2011-10-07,951244.66,0,70.44,3.827,129.6938,12.89,866401.45,871692.74,922850.57,943717.38,918335.68,1461129.94,2011,10,40
12,2011-10-14,927600.01,0,67.31,3.805,129.7706452,12.89,951244.66,866401.45,889290.23,936001.98,862419.84,1320239.51,2011,10,41
12,2011-10-21,938604.58,0,73.05,3.842,129.7821613,12.89,927600.01,951244.66,871692.74,922231.92,857883.46,1344483.81,2011,10,42
12,2011-10-28,990926.38,0,67.41,3.727,129.7936774,12.89,938604.58,927600.01,866401.45,890547.07,955294.7,1272395.02,2011,10,43
12,2011-11-04,1051944.79,0,59.77,3.828,129.8051935,12.89,990926.38,938604.58,951244.66,988712.52,929690.71,1399341.07,2011,11,44
12,2011-11-11,1095091.53,0,48.76,3.824,129.8167097,12.89,1051944.79,990926.38,927600.01,955913.68,942475.24,1388973.65,2011,11,45
12,2011-11-18,970641.34,0,54.2,3.813,129.8268333,12.89,1095091.53,1051944.79,938604.58,966817.24,894493.7,1421307.2,2011,11,46
12,2011-11-25,1591920.42,1,53.25,3.622,129.8364,12.89,970641.34,1095091.53,990926.38,1017593.47,1601377.41,1409515.73,2011,11,47
12,2011-12-02,1071383.1,0,52.5,3.701,129.8459667,12.89,1591920.42,970641.34,1051944.79,1052051.45,1069533.17,1372872.35,2011,12,48
12,2011-12-09,1189646.45,0,42.17,3.644,129.8555333,12.89,1071383.1,1591920.42,1095091.53,922850.57,1121934.15,1304584.4,2011,12,49
12,2011-12-16,1293404.18,0,43.29,3.6,129.8980645,12.89,1189646.45,1071383.1,970641.34,889290.23,1295605.35,1267675.05,2011,12,50
12,2011-12-23,1617612.03,0,45.4,3.541,129.9845484,12.89,1293404.18,1189646.45,1591920.42,871692.74,1768249.89,1326132.98,2011,12,51
12,2011-12-30,1111638.07,1,44.64,3.428,130.0710323,12.89,1617612.03,1293404.18,1071383.1,866401.45,891736.91,1227430.73,2011,12,52
12,2012-01-06,945823.65,0,50.43,3.599,130.1575161,12.187,1111638.07,1617612.03,1189646.45,951244.66,910110.24,1422794.26,2012,1,1
12,2012-01-13,865467.86,0,48.07,3.657,130.244,12.187,945823.65,1111638.07,1293404.18,927600.01,812011.8,1311965.09,2012,1,2
12,2012-01-20,855922.64,0,46.2,3.66,130.2792258,12.187,865467.86,945823.65,1617612.03,938604.58,802105.5,1232073.18,2012,1,3
12,2012-01-27,888203.69,0,50.43,3.675,130.3144516,12.187,855922.64,865467.86,1111638.07,990926.38,873119.06,1200729.45,2012,1,4
12,2012-02-03,1058767.95,0,50.58,3.702,130.3496774,12.187,888203.69,855922.64,945823.65,1051944.79,1046068.17,1100046.37,2012,2,5
12,2012-02-10,1199330.85,1,52.27,3.722,130.3849032,12.187,1058767.95,888203.69,865467.86,1095091.53,1086421.57,1117863.33,2012,2,6
12,2012-02-17,1240048.85,0,51.8,3.781,130.4546207,12.187,1199330.85,1058767.95,855922.64,970641.34,1128485.1,1095421.65,2012,2,7
12,2012-02-24,1112034.72,0,53.13,3.95,130.5502069,12.187,1240048.85,1199330.85,888203.69,1591920.42,1046203.72,1048617.17,2012,2,8
12,2012-03-02,1147636.96,0,52.27,4.178,130.6457931,12.187,1112034.72,1240048.85,1058767.95,1071383.1,1085248.21,1077018.27,2012,3,9
12,2012-03-09,1113208.57,0,54.54,4.25,130.7413793,12.187,1147636.96,1112034.72,1199330.85,1189646.45,997672.62,985594.23,2012,3,10
12,2012-03-16,1088498.52,0,64.44,4.273,130.8261935,12.187,1113208.57,1147636.96,1240048.85,1293404.18,1009502.01,972088.34,2012,3,11
12,2012-03-23,1045419.87,0,56.26,4.038,130.8966452,12.187,1088498.52,1113208.57,1112034.72,1617612.03,954107.32,981615.81,2012,3,12
12,2012-03-30,1025382.22,0,64.36,4.294,130.9670968,12.187,1045419.87,1088498.52,1147636.96,1111638.07,1005463.49,1011822.3,2012,3,13
12,2012-04-06,1128765.71,0,64.05,4.121,131.0375484,11.627,1025382.22,1045419.87,1113208.57,945823.65,998362.05,1041238.87,2012,4,14
12,2012-04-13,1083811.19,0,64.28,4.254,131.108,11.627,1128765.71,1025382.22,1088498.52,865467.86,990951.77,957997.52,2012,4,15
12,2012-04-20,1006486.96,0,66.73,4.222,131.1173333,11.627,1083811.19,1128765.71,1045419.87,855922.64,1016019.47,993833.44,2012,4,16
12,2012-04-27,1004252.38,0,77.99,4.193,131.1266667,11.627,1006486.96,1083811.19,1025382.22,888203.69,994966.1,954220.22,2012,4,17
12,2012-05-04,1073433.69,0,76.03,4.171,131.136,11.627,1004252.38,1006486.96,1128765.71,1058767.95,1021154.48,1043240.27,2012,5,18
12,2012-05-11,1041995.22,0,77.27,4.186,131.1453333,11.627,1073433.69,1004252.38,1083811.19,1199330.85,977033.5,966054.97,2012,5,19
12,2012-05-18,1020486.05,0,84.51,4.11,131.0983226,11.627,1041995.22,1073433.69,1006486.96,1240048.85,924134.99,958374.56,2012,5,20
12,2012-05-25,991514.21,0,83.84,4.293,131.0287742,11.627,1020486.05,1041995.22,1004252.38,1112034.72,964332.51,955451.16,2012,5,21
12,2012-06-01,981345.2,0,78.11,4.277,130.9592258,11.627,991514.21,1020486.05,1073433.69,1147636.96,970328.68,1049357.36,2012,6,22
12,2012-06-08,1086231.47,0,84.83,4.103,130.8896774,11.627,981345.2,991514.21,1041995.22,1113208.57,996937.95,1016039.71,2012,6,23
12,2012-06-15,1019555.51,0,85.94,4.144,130.8295333,11.627,1086231.47,981345.2,1020486.05,1088498.52,986504.93,956211.2,2012,6,24
12,2012-06-22,981386.25,0,91.61,4.014,130.7929,11.627,1019555.51,1086231.47,991514.21,1045419.87,997282.75,958007.69,2012,6,25
12,2012-06-29,943124.74,0,90.47,3.875,130.7562667,11.627,981386.25,1019555.51,981345.2,1025382.22,961993.34,951957.31,2012,6,26
12,2012-07-06,1014898.78,0,89.13,3.765,130.7196333,10.926,943124.74,981386.25,1086231.47,1128765.71,943717.38,943506.28,2012,7,27
12,2012-07-13,960312.75,0,95.61,3.723,130.683,10.926,1014898.78,943124.74,1019555.51,1083811.19,936001.98,916402.76,2012,7,28
12,2012-07-20,941550.34,0,85.53,3.726,130.7012903,10.926,960312.75,1014898.78,981386.25,1006486.96,922231.92,912403.67,2012,7,29
12,2012-07-27,916967.92,0,93.47,3.769,130.7195806,10.926,941550.34,960312.75,943124.74,1004252.38,890547.07,913548.25,2012,7,30
12,2012-08-03,958667.23,0,88.16,3.76,130.737871,10.926,916967.92,941550.34,1014898.78,1073433.69,988712.52,967576.95,2012,8,31
12,2012-08-10,984689.9,0,95.91,3.811,130.7561613,10.926,958667.23,916967.92,960312.75,1041995.22,955913.68,928264.4,2012,8,32
12,2012-08-17,1005003.12,0,94.87,4.002,130.7909677,10.926,984689.9,958667.23,941550.34,1020486.05,966817.24,948447.34,2012,8,33
12,2012-08-24,1048101.39,0,85.32,4.055,130.8381613,10.926,1005003.12,984689.9,916967.92,991514.21,1017593.47,1004516.46,2012,8,34
12,2012-08-31,1061943.49,0,89.78,4.093,130.8853548,10.926,1048101.39,1005003.12,958667.23,981345.2,1052051.45,1075758.55,2012,8,35
12,2012-09-07,955146.04,1,88.52,4.124,130.9325484,10.926,1061943.49,1048101.39,984689.9,1086231.47,922850.57,903119.03,2012,9,36
12,2012-09-14,885892.37,0,83.64,4.133,130.9776667,10.926,955146.04,1061943.49,1005003.12,1019555.51,889290.23,852882.61,2012,9,37
12,2012-09-21,922735.37,0,82.97,4.125,131.0103333,10.926,885892.37,955146.04,1048101.39,981386.25,871692.74,851919.34,2012,9,38
12,2012-09-28,880415.67,0,81.22,3.966,131.043,10.926,922735.37,885892.37,1061943.49,943124.74,866401.45,850936.26,2012,9,39
12,2012-10-05,979825.92,0,81.61,3.966,131.0756667,10.199,880415.67,922735.37,955146.04,1014898.78,951244.66,918335.68,2012,10,40
12,2012-10-12,934917.47,0,71.74,4.468,131.1083333,10.199,979825.92,880415.67,885892.37,960312.75,927600.01,862419.84,2012,10,41
12,2012-10-19,960945.43,0,68.66,4.449,131.1499677,10.199,934917.47,979825.92,922735.37,941550.34,938604.58,857883.46,2012,10,42
12,2012-10-26,974697.6,0,65.95,4.301,131.1930968,10.199,960945.43,934917.47,880415.67,916967.92,990926.38,955294.7,2012,10,43
13,2011-02-04,1848186.58,0,23.35,2.974,127.7195806,7.47,1633663.12,1770177.37,1744544.39,1854967.66,1967220.53,1051944.79,2011,2,5
13,2011-02-11,1944438.9,1,30.83,3.034,127.859129,7.47,1848186.58,1633663.12,1682316.31,1939964.63,2030933.46,1095091.53,2011,2,6
13,2011-02-18,2003480.59,0,40.85,3.062,127.99525,7.47,1944438.9,1848186.58,1770177.37,1925393.91,1970274.64,970641.34,2011,2,7
13,2011-02-25,1831933.95,0,33.17,3.12,128.13,7.47,2003480.59,1944438.9,1633663.12,2766400.05,1817850.32,1591920.42,2011,2,8
13,2011-03-04,1894960.68,0,34.23,3.23,128.26475,7.47,1831933.95,2003480.59,1848186.58,2083379.89,1939980.43,1071383.1,2011,3,9
13,2011-03-11,1852432.58,0,41.28,3.346,128.3995,7.47,1894960.68,1831933.95,1944438.9,2461468.35,1840686.94,1189646.45,2011,3,10
13,2011-03-18,1852443.78,0,44.69,3.407,128.5121935,7.47,1852432.58,1894960.68,2003480.59,2771646.81,1879794.89,1293404.18,2011,3,11
13,2011-03-25,1807545.43,0,42.38,3.435,128.6160645,7.47,1852443.78,1852432.58,1831933.95,3595903.2,1882095.98,1617612.03,2011,3,12
13,2011-04-01,1864238.64,0,42.49,3.487,128.7199355,7.193,1807545.43,1852443.78,1894960.68,1675292.0,2142482.14,1111638.07,2011,4,13
13,2011-04-08,1887465.04,0,42.75,3.547,128.8238065,7.193,1864238.64,1807545.43,1852432.58,1744544.39,1898321.33,945823.65,2011,4,14
13,2011-04-15,1950994.04,0,41.72,3.616,128.9107333,7.193,1887465.04,1864238.64,1852443.78,1682316.31,1819660.44,865467.86,2011,4,15
13,2011-04-22,2124316.34,0,47.55,3.655,128.9553,7.193,1950994.04,1887465.04,1807545.43,1770177.37,1909330.77,855922.64,2011,4,16
13,2011-04-29,1895583.12,0,43.85,3.683,128.9998667,7.193,2124316.34,1950994.04,1864238.64,1633663.12,1785823.37,888203.69,2011,4,17
13,2011-05-06,1986380.4,0,47.75,3.744,129.0444333,7.193,1895583.12,2124316.34,1887465.04,1848186.58,2005478.46,1058767.95,2011,5,18
13,2011-05-13,1958823.56,0,52.4,3.77,129.089,7.193,1986380.4,1895583.12,1950994.04,1944438.9,1890273.44,1199330.85,2011,5,19
13,2011-05-20,1860923.55,0,52.12,3.802,129.0756774,7.193,1958823.56,1986380.4,2124316.34,2003480.59,1853657.6,1240048.85,2011,5,20
13,2011-05-27,1866369.93,0,54.62,3.778,129.0623548,7.193,1860923.55,1958823.56,1895583.12,1831933.95,1877358.86,1112034.72,2011,5,21
13,2011-06-03,1935593.87,0,52.76,3.752,129.0490323,7.193,1866369.93,1860923.55,1986380.4,1894960.68,2022705.22,1147636.96,2011,6,22
13,2011-06-10,1997816.98,0,61.39,3.732,129.0357097,7.193,1935593.87,1866369.93,1958823.56,1852432.58,2037880.96,1113208.57,2011,6,23
13,2011-06-17,2086433.49,0,63.35,3.704,129.0432,7.193,1997816.98,1935593.87,1860923.55,1852443.78,2003435.31,1088498.52,2011,6,24
13,2011-06-24,2009163.08,0,66.38,3.668,129.0663,7.193,2086433.49,1997816.98,1866369.93,1807545.43,1970340.25,1045419.87,2011,6,25
13,2011-07-01,2048035.74,0,74.29,3.613,129.0894,6.877,2009163.08,2086433.49,1935593.87,1864238.64,2018314.71,1025382.22,2011,7,26
13,2011-07-08,2021699.38,0,77.3,3.563,129.1125,6.877,2048035.74,2009163.08,1997816.98,1887465.04,1870843.9,1128765.71,2011,7,27
13,2011-07-15,1956813.31,0,75.59,3.553,129.1338387,6.877,2021699.38,2048035.74,2086433.49,1950994.04,1932231.05,1083811.19,2011,7,28
13,2011-07-22,1987089.36,0,78.5,3.563,129.1507742,6.877,1956813.31,2021699.38,2009163.08,2124316.34,1907351.2,1006486.96,2011,7,29
13,2011-07-29,1880785.69,0,77.62,3.574,129.1677097,6.877,1987089.36,1956813.31,2048035.74,1895583.12,1817887.23,1004252.38,2011,7,30
13,2011-08-05,2076231.8,0,75.56,3.595,129.1846452,6.877,1880785.69,1987089.36,2021699.38,1986380.4,1969121.45,1073433.69,2011,8,31
13,2011-08-12,1970341.38,0,75.95,3.606,129.2015806,6.877,2076231.8,1880785.69,1956813.31,1958823.56,1877592.55,1041995.22,2011,8,32
13,2011-08-19,2090340.98,0,76.68,3.578,129.2405806,6.877,1970341.38,2076231.8,1987089.36,1860923.55,1997397.63,1020486.05,2011,8,33
13,2011-08-26,2035244.54,0,81.53,3.57,129.2832581,6.877,2090340.98,1970341.38,1880785.69,1866369.93,1908278.27,991514.21,2011,8,34
13,2011-09-02,1953628.82,0,77.0,3.58,129.3259355,6.877,2035244.54,2090340.98,2076231.8,1935593.87,1911852.58,981345.2,2011,9,35
13,2011-09-09,1872921.31,1,70.19,3.619,129.3686129,6.877,1953628.82,2035244.54,1970341.38,1997816.98,1772143.94,1086231.47,2011,9,36
13,2011-09-16,1923223.82,0,67.54,3.641,129.4306,6.877,1872921.31,1953628.82,2090340.98,2086433.49,1790279.74,1019555.51,2011,9,37
13,2011-09-23,1847430.96,0,63.6,3.648,129.5183333,6.877,1923223.82,1872921.31,2035244.54,2009163.08,1705655.09,981386.25,2011,9,38
13,2011-09-30,1835662.69,0,68.28,3.623,129.6060667,6.877,1847430.96,1923223.82,1953628.82,2048035.74,1765584.48,943124.74,2011,9,39
13,2011-10-07,2067232.56,0,60.62,3.592,129.6938,6.392,1835662.69,1847430.96,1872921.31,2021699.38,1871924.07,1014898.78,2011,10,40
13,2011-10-14,1929659.07,0,51.74,3.567,129.7706452,6.392,2067232.56,1835662.69,1923223.82,1956813.31,1851431.06,960312.75,2011,10,41
13,2011-10-21,1973544.27,0,54.66,3.579,129.7821613,6.392,1929659.07,2067232.56,1847430.96,1987089.36,1796949.59,941550.34,2011,10,42
13,2011-10-28,1948733.81,0,47.41,3.567,129.7936774,6.392,1973544.27,1929659.07,1835662.69,1880785.69,1887895.07,916967.92,2011,10,43
13,2011-11-04,2036317.54,0,43.51,3.538,129.8051935,6.392,1948733.81,1973544.27,2067232.56,2076231.8,1854967.66,958667.23,2011,11,44
13,2011-11-11,2111592.09,0,33.8,3.513,129.8167097,6.392,2036317.54,1948733.81,1929659.07,1970341.38,1939964.63,984689.9,2011,11,45
13,2011-11-18,2016323.51,0,40.65,3.489,129.8268333,6.392,2111592.09,2036317.54,1973544.27,2090340.98,1925393.91,1005003.12,2011,11,46
13,2011-11-25,2864170.61,1,38.89,3.445,129.8364,6.392,2016323.51,2111592.09,1948733.81,2035244.54,2766400.05,1048101.39,2011,11,47
13,2011-12-02,2051315.66,0,33.94,3.389,129.8459667,6.392,2864170.61,2016323.51,2036317.54,1953628.82,2083379.89,1061943.49,2011,12,48
13,2011-12-09,2462779.06,0,24.82,3.341,129.8555333,6.392,2051315.66,2864170.61,2111592.09,1872921.31,2461468.35,955146.04,2011,12,49
13,2011-12-16,2760346.71,0,27.85,3.282,129.8980645,6.392,2462779.06,2051315.66,2016323.51,1923223.82,2771646.81,885892.37,2011,12,50
13,2011-12-23,3556766.03,0,24.76,3.186,129.9845484,6.392,2760346.71,2462779.06,2864170.61,1847430.96,3595903.2,922735.37,2011,12,51
13,2011-12-30,1969056.91,1,31.53,3.119,130.0710323,6.392,3556766.03,2760346.71,2051315.66,1835662.69,1675292.0,880415.67,2011,12,52
13,2012-01-06,1865752.78,0,33.8,3.08,130.1575161,6.104,1969056.91,3556766.03,2462779.06,2067232.56,1744544.39,979825.92,2012,1,1
13,2012-01-13,1794962.64,0,25.61,3.056,130.244,6.104,1865752.78,1969056.91,2760346.71,1929659.07,1682316.31,934917.47,2012,1,2
13,2012-01-20,1811606.21,0,32.71,3.047,130.2792258,6.104,1794962.64,1865752.78,3556766.03,1973544.27,1770177.37,960945.43,2012,1,3
13,2012-01-27,1733983.09,0,34.32,3.058,130.3144516,6.104,1811606.21,1794962.64,1969056.91,1948733.81,1633663.12,974697.6,2012,1,4
13,2012-02-03,1927780.74,0,31.39,3.077,130.3496774,6.104,1733983.09,1811606.21,1865752.78,2036317.54,1848186.58,1967220.53,2012,2,5
13,2012-02-10,2069284.57,1,33.73,3.116,130.3849032,6.104,1927780.74,1733983.09,1794962.64,2111592.09,1944438.9,2030933.46,2012,2,6
13,2012-02-17,2214477.06,0,36.57,3.119,130.4546207,6.104,2069284.57,1927780.74,1811606.21,2016323.51,2003480.59,1970274.64,2012,2,7
13,2012-02-24,1929768.03,0,35.38,3.145,130.5502069,6.104,2214477.06,2069284.57,1733983.09,2864170.61,1831933.95,1817850.32,2012,2,8
13,2012-03-02,1969742.76,0,32.36,3.242,130.6457931,6.104,1929768.03,2214477.06,1927780.74,2051315.66,1894960.68,1939980.43,2012,3,9
13,2012-03-09,1986445.65,0,38.24,3.38,130.7413793,6.104,1969742.76,1929768.03,2069284.57,2462779.06,1852432.58,1840686.94,2012,3,10
13,2012-03-16,2025582.62,0,52.5,3.529,130.8261935,6.104,1986445.65,1969742.76,2214477.06,2760346.71,1852443.78,1879794.89,2012,3,11
13,2012-03-23,1904421.74,0,47.83,3.671,130.8966452,6.104,2025582.62,1986445.65,1929768.03,3556766.03,1807545.43,1882095.98,2012,3,12
13,2012-03-30,1948982.7,0,53.2,3.734,130.9670968,6.104,1904421.74,2025582.62,1969742.76,1969056.91,1864238.64,2142482.14,2012,3,13
13,2012-04-06,2271614.76,0,48.85,3.793,131.0375484,5.965,1948982.7,1904421.74,1986445.65,1865752.78,1887465.04,1898321.33,2012,4,14
13,2012-04-13,2057637.86,0,51.7,3.833,131.108,5.965,2271614.76,1948982.7,2025582.62,1794962.64,1950994.04,1819660.44,2012,4,15
13,2012-04-20,1955689.12,0,50.24,3.845,131.1173333,5.965,2057637.86,2271614.76,1904421.74,1811606.21,2124316.34,1909330.77,2012,4,16
13,2012-04-27,1970121.65,0,64.8,3.842,131.1266667,5.965,1955689.12,2057637.86,1948982.7,1733983.09,1895583.12,1785823.37,2012,4,17
13,2012-05-04,1995994.51,0,54.41,3.831,131.136,5.965,1970121.65,1955689.12,2271614.76,1927780.74,1986380.4,2005478.46,2012,5,18
13,2012-05-11,2080764.17,0,56.47,3.809,131.1453333,5.965,1995994.51,1970121.65,2057637.86,2069284.57,1958823.56,1890273.44,2012,5,19
13,2012-05-18,2131900.55,0,65.17,3.808,131.0983226,5.965,2080764.17,1995994.51,1955689.12,2214477.06,1860923.55,1853657.6,2012,5,20
13,2012-05-25,2043349.41,0,62.39,3.801,131.0287742,5.965,2131900.55,2080764.17,1970121.65,1929768.03,1866369.93,1877358.86,2012,5,21
13,2012-06-01,2035431.39,0,61.11,3.788,130.9592258,5.965,2043349.41,2131900.55,1995994.51,1969742.76,1935593.87,2022705.22,2012,6,22
13,2012-06-08,2182437.9,0,68.4,3.776,130.8896774,5.965,2035431.39,2043349.41,2080764.17,1986445.65,1997816.98,2037880.96,2012,6,23
13,2012-06-15,2152229.11,0,65.97,3.756,130.8295333,5.965,2182437.9,2035431.39,2131900.55,2025582.62,2086433.49,2003435.31,2012,6,24
13,2012-06-22,2094373.0,0,72.89,3.737,130.7929,5.965,2152229.11,2182437.9,2043349.41,1904421.74,2009163.08,1970340.25,2012,6,25
13,2012-06-29,2037663.71,0,82.0,3.681,130.7562667,5.965,2094373.0,2152229.11,2035431.39,1948982.7,2048035.74,2018314.71,2012,6,26
13,2012-07-06,2184980.35,0,79.23,3.63,130.7196333,5.765,2037663.71,2094373.0,2182437.9,2271614.76,2021699.38,1870843.9,2012,7,27
13,2012-07-13,2002750.99,0,83.68,3.595,130.683,5.765,2184980.35,2037663.71,2152229.11,2057637.86,1956813.31,1932231.05,2012,7,28
13,2012-07-20,2053089.32,0,75.69,3.556,130.7012903,5.765,2002750.99,2184980.35,2094373.0,1955689.12,1987089.36,1907351.2,2012,7,29
13,2012-07-27,1914430.53,0,80.42,3.537,130.7195806,5.765,2053089.32,2002750.99,2037663.71,1970121.65,1880785.69,1817887.23,2012,7,30
13,2012-08-03,2044148.23,0,81.99,3.512,130.737871,5.765,1914430.53,2053089.32,2184980.35,1995994.51,2076231.8,1969121.45,2012,8,31
13,2012-08-10,2041019.92,0,81.69,3.509,130.7561613,5.765,2044148.23,1914430.53,2002750.99,2080764.17,1970341.38,1877592.55,2012,8,32
13,2012-08-17,2095769.18,0,79.4,3.545,130.7909677,5.765,2041019.92,2044148.23,2053089.32,2131900.55,2090340.98,1997397.63,2012,8,33
13,2012-08-24,2059458.25,0,77.37,3.582,130.8381613,5.765,2095769.18,2041019.92,1914430.53,2043349.41,2035244.54,1908278.27,2012,8,34
13,2012-08-31,2073855.42,0,79.18,3.624,130.8853548,5.765,2059458.25,2095769.18,2044148.23,2035431.39,1953628.82,1911852.58,2012,8,35
13,2012-09-07,2165796.31,1,70.65,3.689,130.9325484,5.765,2073855.42,2059458.25,2041019.92,2182437.9,1872921.31,1772143.94,2012,9,36
13,2012-09-14,1919917.03,0,68.55,3.749,130.9776667,5.765,2165796.31,2073855.42,2095769.18,2152229.11,1923223.82,1790279.74,2012,9,37
13,2012-09-21,1938379.66,0,67.96,3.821,131.0103333,5.765,1919917.03,2165796.31,2059458.25,2094373.0,1847430.96,1705655.09,2012,9,38
13,2012-09-28,1927664.11,0,64.8,3.821,131.043,5.765,1938379.66,1919917.03,2073855.42,2037663.71,1835662.69,1765584.48,2012,9,39
13,2012-10-05,2041918.74,0,61.79,3.815,131.0756667,5.621,1927664.11,1938379.66,2165796.31,2184980.35,2067232.56,1871924.07,2012,10,40
13,2012-10-12,1999079.44,0,55.1,3.797,131.1083333,5.621,2041918.74,1927664.11,1919917.03,2002750.99,1929659.07,1851431.06,2012,10,41
13,2012-10-19,2018010.15,0,52.06,3.781,131.1499677,5.621,1999079.44,2041918.74,1938379.66,2053089.32,1973544.27,1796949.59,2012,10,42
13,2012-10-26,2035189.66,0,46.97,3.755,131.1930968,5.621,2018010.15,1999079.44,1927664.11,1914430.53,1948733.81,1887895.07,2012,10,43
14,2011-02-04,1995891.87,0,28.73,3.231,183.4408542,8.549,1613718.38,1743188.87,1864746.1,2078417.47,2623469.95,2036317.54,2011,2,5
14,2011-02-11,1980405.03,1,30.3,3.239,183.7016129,8.549,1995891.87,1613718.38,1699095.9,2092189.06,1704218.84,2111592.09,2011,2,6
14,2011-02-18,2019031.67,0,40.7,3.245,183.9371353,8.549,1980405.03,1995891.87,1743188.87,1968462.58,2204556.7,2016323.51,2011,2,7
14,2011-02-25,1875708.88,0,35.78,3.274,184.1625632,8.549,2019031.67,1980405.03,1613718.38,2921709.71,2095591.63,2864170.61,2011,2,8
14,2011-03-04,2041215.61,0,38.65,3.433,184.3879911,8.549,1875708.88,2019031.67,1995891.87,2258489.63,2237544.75,2051315.66,2011,3,9
14,2011-03-11,1931104.67,0,45.01,3.582,184.613419,8.549,2041215.61,1875708.88,1980405.03,2600519.26,2156035.06,2462779.06,2011,3,10
14,2011-03-18,1932491.42,0,46.66,3.631,184.809719,8.549,1931104.67,2041215.61,2019031.67,2762861.41,2066219.3,2760346.71,2011,3,11
14,2011-03-25,1879451.23,0,41.76,3.625,184.9943679,8.549,1932491.42,1931104.67,1875708.88,3818686.45,2050396.27,3556766.03,2011,3,12
14,2011-04-01,1869110.55,0,37.27,3.638,185.1790167,8.521,1879451.23,1932491.42,2041215.61,1623716.46,2495630.51,1969056.91,2011,4,13
14,2011-04-08,2037798.88,0,48.71,3.72,185.3636656,8.521,1869110.55,1879451.23,1931104.67,1864746.1,2258781.28,1865752.78,2011,4,14
14,2011-04-15,1974960.86,0,53.69,3.821,185.5339821,8.521,2037798.88,1869110.55,1932491.42,1699095.9,2121788.61,1794962.64,2011,4,15
14,2011-04-22,2256461.39,0,53.04,3.892,185.6684673,8.521,1974960.86,2037798.88,1879451.23,1743188.87,2138144.91,1811606.21,2011,4,16
14,2011-04-29,1930617.64,0,66.18,3.962,185.8029526,8.521,2256461.39,1974960.86,1869110.55,1613718.38,2082355.12,1733983.09,2011,4,17
14,2011-05-06,2095599.93,0,58.21,4.046,185.9374378,8.521,1930617.64,2256461.39,2037798.88,1995891.87,2370116.52,1927780.74,2011,5,18
14,2011-05-13,2004330.3,0,60.38,4.066,186.0719231,8.521,2095599.93,1930617.64,1974960.86,1980405.03,2129771.13,2069284.57,2011,5,19
14,2011-05-20,1959967.8,0,62.28,4.062,185.9661154,8.521,2004330.3,2095599.93,2256461.39,2019031.67,2108187.1,2214477.06,2011,5,20
14,2011-05-27,2080694.24,0,69.7,3.985,185.8603077,8.521,1959967.8,2004330.3,1930617.64,1875708.88,2227152.16,1929768.03,2011,5,21
14,2011-06-03,2079899.47,0,76.38,3.922,185.7545,8.521,2080694.24,1959967.8,2095599.93,2041215.61,2363601.47,1969742.76,2011,6,22
14,2011-06-10,2132446.0,0,73.88,3.881,185.6486923,8.521,2079899.47,2080694.24,2004330.3,1931104.67,2249570.04,1986445.65,2011,6,23
14,2011-06-17,2082083.34,0,69.32,3.842,185.6719333,8.521,2132446.0,2079899.47,1959967.8,1932491.42,2248645.59,2025582.62,2011,6,24
14,2011-06-24,2069523.52,0,74.85,3.804,185.7919609,8.521,2082083.34,2132446.0,2080694.24,1879451.23,2246179.91,1904421.74,2011,6,25
14,2011-07-01,2074668.19,0,74.04,3.748,185.9119885,8.625,2069523.52,2082083.34,2079899.47,1869110.55,2334788.42,1948982.7,2011,7,26
14,2011-07-08,2063401.06,0,77.49,3.711,186.032016,8.625,2074668.19,2069523.52,2132446.0,2037798.88,2236209.13,2271614.76,2011,7,27
14,2011-07-15,1953544.76,0,78.47,3.76,186.1399808,8.625,2063401.06,2074668.19,2082083.34,1974960.86,2130287.27,2057637.86,2011,7,28
14,2011-07-22,1882070.88,0,82.33,3.811,186.2177885,8.625,1953544.76,2063401.06,2069523.52,2256461.39,2044155.39,1955689.12,2011,7,29
14,2011-07-29,1871021.01,0,81.31,3.829,186.2955962,8.625,1882070.88,1953544.76,2074668.19,1930617.64,2054843.28,1970121.65,2011,7,30
14,2011-08-05,2066020.69,0,78.22,3.842,186.3734038,8.625,1871021.01,1882070.88,2063401.06,2095599.93,2219813.5,1995994.51,2011,8,31
14,2011-08-12,1928773.82,0,77.0,3.812,186.4512115,8.625,2066020.69,1871021.01,1953544.76,2004330.3,2052984.81,2080764.17,2011,8,32
14,2011-08-19,1896873.99,0,72.98,3.747,186.5093071,8.625,1928773.82,2066020.69,1882070.88,1959967.8,2057138.31,2131900.55,2011,8,33
14,2011-08-26,2273470.62,0,72.55,3.704,186.5641172,8.625,1896873.99,1928773.82,1871021.01,2080694.24,2020332.07,2043349.41,2011,8,34
14,2011-09-02,1750891.47,0,70.63,3.703,186.6189274,8.625,2273470.62,1896873.99,2066020.69,2079899.47,2182563.66,2035431.39,2011,9,35
14,2011-09-09,2202742.9,1,71.48,3.738,186.6737376,8.625,1750891.47,2273470.62,1928773.82,2132446.0,2191767.76,2182437.9,2011,9,36
14,2011-09-16,1864637.89,0,69.17,3.742,186.8024,8.625,2202742.9,1750891.47,1896873.99,2082083.34,1953539.85,2152229.11,2011,9,37
14,2011-09-23,1871555.64,0,63.75,3.711,187.0295321,8.625,1864637.89,2202742.9,2273470.62,2069523.52,1879891.13,2094373.0,2011,9,38
14,2011-09-30,1809989.29,0,70.66,3.645,187.2566641,8.625,1871555.64,1864637.89,1750891.47,2074668.19,1855703.66,2037663.71,2011,9,39
14,2011-10-07,2078796.76,0,55.82,3.583,187.4837962,8.523,1809989.29,1871555.64,2202742.9,2063401.06,2091663.2,2184980.35,2011,10,40
14,2011-10-14,1890870.75,0,63.82,3.541,187.6917481,8.523,2078796.76,1809989.29,1864637.89,1953544.76,1932162.63,2002750.99,2011,10,41
14,2011-10-21,2009004.59,0,59.6,3.57,187.7846197,8.523,1890870.75,2078796.76,1871555.64,1882070.88,1936621.09,2053089.32,2011,10,42
14,2011-10-28,2056846.12,0,51.78,3.569,187.8774913,8.523,2009004.59,1890870.75,1809989.29,1871021.01,1984768.34,1914430.53,2011,10,43
14,2011-11-04,2174056.71,0,43.92,3.551,187.9703629,8.523,2056846.12,2009004.59,2078796.76,2066020.69,2078417.47,2044148.23,2011,11,44
14,2011-11-11,2081534.65,0,47.65,3.53,188.0632345,8.523,2174056.71,2056846.12,1890870.75,1928773.82,2092189.06,2041019.92,2011,11,45
14,2011-11-18,1969360.72,0,51.34,3.53,188.1983654,8.523,2081534.65,2174056.71,2009004.59,1896873.99,1968462.58,2095769.18,2011,11,46
14,2011-11-25,2685351.81,1,48.71,3.492,188.3504,8.523,1969360.72,2081534.65,2056846.12,2273470.62,2921709.71,2059458.25,2011,11,47
14,2011-12-02,2143080.57,0,50.19,3.452,188.5024346,8.523,2685351.81,1969360.72,2174056.71,1750891.47,2258489.63,2073855.42,2011,12,48
14,2011-12-09,2470581.29,0,46.57,3.415,188.6544692,8.523,2143080.57,2685351.81,2081534.65,2202742.9,2600519.26,2165796.31,2011,12,49
14,2011-12-16,2594363.09,0,39.93,3.413,188.7979349,8.523,2470581.29,2143080.57,1969360.72,1864637.89,2762861.41,1919917.03,2011,12,50
14,2011-12-23,3369068.99,0,42.27,3.389,188.9299752,8.523,2594363.09,2470581.29,2685351.81,1871555.64,3818686.45,1938379.66,2011,12,51
14,2011-12-30,1914148.89,1,37.79,3.389,189.0620155,8.523,3369068.99,2594363.09,2143080.57,1809989.29,1623716.46,1927664.11,2011,12,52
14,2012-01-06,1859144.96,0,35.88,3.422,189.1940558,8.424,1914148.89,3369068.99,2470581.29,2078796.76,1864746.1,2041918.74,2012,1,1
14,2012-01-13,1696248.27,0,41.18,3.513,189.3260962,8.424,1859144.96,1914148.89,2594363.09,1890870.75,1699095.9,1999079.44,2012,1,2
14,2012-01-20,1789113.32,0,31.85,3.533,189.4214733,8.424,1696248.27,1859144.96,3369068.99,2009004.59,1743188.87,2018010.15,2012,1,3
14,2012-01-27,1595362.27,0,37.93,3.567,189.5168505,8.424,1789113.32,1696248.27,1914148.89,2056846.12,1613718.38,2035189.66,2012,1,4
14,2012-02-03,1877410.36,0,42.96,3.617,189.6122277,8.424,1595362.27,1789113.32,1859144.96,2174056.71,1995891.87,2623469.95,2012,2,5
14,2012-02-10,2077256.24,1,37.0,3.64,189.7076048,8.424,1877410.36,1595362.27,1696248.27,2081534.65,1980405.03,1704218.84,2012,2,6
14,2012-02-17,2020550.99,0,36.85,3.695,189.8424834,8.424,2077256.24,1877410.36,1789113.32,1969360.72,2019031.67,2204556.7,2012,2,7
14,2012-02-24,1875040.16,0,42.86,3.739,190.0069881,8.424,2020550.99,2077256.24,1595362.27,2685351.81,1875708.88,2095591.63,2012,2,8
14,2012-03-02,1926004.99,0,41.55,3.816,190.1714927,8.424,1875040.16,2020550.99,1877410.36,2143080.57,2041215.61,2237544.75,2012,3,9
14,2012-03-09,2020839.31,0,45.52,3.848,190.3359973,8.424,1926004.99,1875040.16,2077256.24,2470581.29,1931104.67,2156035.06,2012,3,10
14,2012-03-16,1941040.5,0,50.56,3.862,190.4618964,8.424,2020839.31,1926004.99,2020550.99,2594363.09,1932491.42,2066219.3,2012,3,11
14,2012-03-23,1893447.71,0,59.45,3.9,190.5363213,8.424,1941040.5,2020839.31,1875040.16,3369068.99,1879451.23,2050396.27,2012,3,12
14,2012-03-30,1905033.01,0,50.04,3.953,190.6107463,8.424,1893447.71,1941040.5,1926004.99,1914148.89,1869110.55,2495630.51,2012,3,13
14,2012-04-06,2376022.26,0,49.73,3.996,190.6851712,8.567,1905033.01,1893447.71,2020839.31,1859144.96,2037798.88,2258781.28,2012,4,14
14,2012-04-13,1912909.69,0,51.83,4.044,190.7595962,8.567,2376022.26,1905033.01,1941040.5,1696248.27,1974960.86,2121788.61,2012,4,15
14,2012-04-20,1875686.44,0,63.13,4.027,190.8138013,8.567,1912909.69,2376022.26,1893447.71,1789113.32,2256461.39,2138144.91,2012,4,16
14,2012-04-27,1784029.95,0,53.2,4.004,190.8680064,8.567,1875686.44,1912909.69,1905033.01,1595362.27,1930617.64,2082355.12,2012,4,17
14,2012-05-04,1949354.29,0,55.21,3.951,190.9222115,8.567,1784029.95,1875686.44,2376022.26,1877410.36,2095599.93,2370116.52,2012,5,18
14,2012-05-11,1987531.05,0,61.24,3.889,190.9764167,8.567,1949354.29,1784029.95,1912909.69,2077256.24,2004330.3,2129771.13,2012,5,19
14,2012-05-18,1932233.17,0,66.3,3.848,190.9964479,8.567,1987531.05,1949354.29,1875686.44,2020550.99,1959967.8,2108187.1,2012,5,20
14,2012-05-25,2030869.61,0,67.21,3.798,191.0028096,8.567,1932233.17,1987531.05,1784029.95,1875040.16,2080694.24,2227152.16,2012,5,21
14,2012-06-01,2049485.49,0,74.48,3.742,191.0091712,8.567,2030869.61,1932233.17,1949354.29,1926004.99,2079899.47,2363601.47,2012,6,22
14,2012-06-08,2099615.88,0,64.3,3.689,191.0155329,8.567,2049485.49,2030869.61,1987531.05,2020839.31,2132446.0,2249570.04,2012,6,23
14,2012-06-15,1905733.68,0,71.93,3.62,191.0299731,8.567,2099615.88,2049485.49,1932233.17,1941040.5,2082083.34,2248645.59,2012,6,24
14,2012-06-22,1660228.88,0,74.22,3.564,191.0646096,8.567,1905733.68,2099615.88,2030869.61,1893447.71,2069523.52,2246179.91,2012,6,25
14,2012-06-29,1591835.02,0,75.22,3.506,191.0992462,8.567,1660228.88,1905733.68,2049485.49,1905033.01,2074668.19,2334788.42,2012,6,26
14,2012-07-06,1862128.95,0,82.99,3.475,191.1338827,8.684,1591835.02,1660228.88,2099615.88,2376022.26,2063401.06,2236209.13,2012,7,27
14,2012-07-13,1544422.35,0,79.97,3.523,191.1685192,8.684,1862128.95,1591835.02,1905733.68,1912909.69,1953544.76,2130287.27,2012,7,28
14,2012-07-20,1553250.16,0,78.89,3.567,191.1670428,8.684,1544422.35,1862128.95,1660228.88,1875686.44,1882070.88,2044155.39,2012,7,29
14,2012-07-27,1479514.66,0,77.2,3.647,191.1655664,8.684,1553250.16,1544422.35,1591835.02,1784029.95,1871021.01,2054843.28,2012,7,30
14,2012-08-03,1656886.46,0,76.58,3.654,191.16409,8.684,1479514.66,1553250.16,1862128.95,1949354.29,2066020.69,2219813.5,2012,8,31
14,2012-08-10,1648570.03,0,78.65,3.722,191.1626135,8.684,1656886.46,1479514.66,1544422.35,1987531.05,1928773.82,2052984.81,2012,8,32
14,2012-08-17,1660433.3,0,75.71,3.807,191.2284919,8.684,1648570.03,1656886.46,1553250.16,1932233.17,1896873.99,2057138.31,2012,8,33
14,2012-08-24,1621841.33,0,72.62,3.834,191.3448865,8.684,1660433.3,1648570.03,1479514.66,2030869.61,2273470.62,2020332.07,2012,8,34
14,2012-08-31,1613342.19,0,75.09,3.867,191.461281,8.684,1621841.33,1660433.3,1656886.46,2049485.49,1750891.47,2182563.66,2012,8,35
14,2012-09-07,1904512.34,1,75.7,3.911,191.5776756,8.684,1613342.19,1621841.33,1648570.03,2099615.88,2202742.9,2191767.76,2012,9,36
14,2012-09-14,1554794.22,0,67.87,3.948,191.69985,8.684,1904512.34,1613342.19,1660433.3,1905733.68,1864637.89,1953539.85,2012,9,37
14,2012-09-21,1565352.46,0,65.32,4.038,191.8567038,8.684,1554794.22,1904512.34,1621841.33,1660228.88,1871555.64,1879891.13,2012,9,38
14,2012-09-28,1522512.2,0,64.88,3.997,192.0135577,8.684,1565352.46,1554794.22,1613342.19,1591835.02,1809989.29,1855703.66,2012,9,39
14,2012-10-05,1687592.16,0,64.89,3.985,192.1704115,8.667,1522512.2,1565352.46,1904512.34,1862128.95,2078796.76,2091663.2,2012,10,40
14,2012-10-12,1639585.61,0,54.47,4.0,192.3272654,8.667,1687592.16,1522512.2,1554794.22,1544422.35,1890870.75,1932162.63,2012,10,41
14,2012-10-19,1590274.72,0,56.47,3.969,192.3308542,8.667,1639585.61,1687592.16,1565352.46,1553250.16,2009004.59,1936621.09,2012,10,42
14,2012-10-26,1704357.62,0,58.85,3.882,192.3088989,8.667,1590274.72,1639585.61,1522512.2,1479514.66,2056846.12,1984768.34,2012,10,43
15,2011-02-04,556550.85,0,20.69,3.4,133.1834194,7.771,481119.6,487311.03,509640.77,612987.64,652122.44,2174056.71,2011,2,5
15,2011-02-11,582864.35,1,21.64,3.416,133.260871,7.771,556550.85,481119.6,479424.2,619639.74,682447.1,2081534.65,2011,2,6
15,2011-02-18,649993.5,0,33.06,3.42,133.3701429,7.771,582864.35,556550.85,487311.03,608200.81,660838.75,1969360.72,2011,2,7
15,2011-02-25,547564.09,0,20.87,3.452,133.4921429,7.771,649993.5,582864.35,481119.6,1120018.92,564883.2,2685351.81,2011,2,8
15,2011-03-04,573374.49,0,28.16,3.605,133.6141429,7.771,547564.09,649993.5,556550.85,754134.95,605325.43,2143080.57,2011,3,9
15,2011-03-11,537035.28,0,34.27,3.752,133.7361429,7.771,573374.49,547564.09,582864.35,847294.04,604173.59,2470581.29,2011,3,10
15,2011-03-18,551553.99,0,40.23,3.796,133.8492258,7.771,537035.28,573374.49,649993.5,983825.15,593710.67,2594363.09,2011,3,11
15,2011-03-25,527389.28,0,32.63,3.789,133.9587419,7.771,551553.99,537035.28,547564.09,1368318.17,592111.49,3369068.99,2011,3,12
15,2011-04-01,542556.05,0,30.34,3.811,134.0682581,7.658,527389.28,551553.99,573374.49,543754.17,718470.71,1914148.89,2011,4,13
15,2011-04-08,587370.81,0,40.94,3.895,134.1777742,7.658,542556.05,527389.28,537035.28,509640.77,634605.77,1859144.96,2011,4,14
15,2011-04-15,607691.36,0,48.63,3.981,134.2784667,7.658,587370.81,542556.05,551553.99,479424.2,641208.65,1696248.27,2011,4,15
15,2011-04-22,655318.26,0,41.37,4.061,134.3571,7.658,607691.36,587370.81,527389.28,487311.03,643097.6,1789113.32,2011,4,16
15,2011-04-29,560764.41,0,55.46,4.117,134.4357333,7.658,655318.26,607691.36,542556.05,481119.6,570791.11,1595362.27,2011,4,17
15,2011-05-06,630522.67,0,49.87,4.192,134.5143667,7.658,560764.41,655318.26,587370.81,556550.85,661348.88,1877410.36,2011,5,18
15,2011-05-13,630482.91,0,57.07,4.211,134.593,7.658,630522.67,560764.41,607691.36,582864.35,594385.2,2077256.24,2011,5,19
15,2011-05-20,593941.9,0,57.19,4.202,134.6803871,7.658,630482.91,630522.67,655318.26,649993.5,616598.1,2020550.99,2011,5,20
15,2011-05-27,636193.24,0,65.87,4.134,134.7677742,7.658,593941.9,630482.91,560764.41,547564.09,744772.88,1875040.16,2011,5,21
15,2011-06-03,695396.19,0,69.8,4.069,134.8551613,7.658,636193.24,593941.9,630522.67,573374.49,693192.5,1926004.99,2011,6,22
15,2011-06-10,642679.81,0,69.86,4.025,134.9425484,7.658,695396.19,636193.24,630482.91,537035.28,619337.29,2020839.31,2011,6,23
15,2011-06-17,639928.85,0,63.9,3.989,135.0837333,7.658,642679.81,695396.19,593941.9,551553.99,652329.53,1941040.5,2011,6,24
15,2011-06-24,656594.95,0,69.96,3.964,135.2652667,7.658,639928.85,642679.81,636193.24,527389.28,672194.03,1893447.71,2011,6,25
15,2011-07-01,674669.16,0,67.43,3.916,135.4468,7.806,656594.95,639928.85,695396.19,542556.05,709337.11,1905033.01,2011,7,26
15,2011-07-08,635118.48,0,73.47,3.886,135.6283333,7.806,674669.16,656594.95,642679.81,587370.81,691497.62,2376022.26,2011,7,27
15,2011-07-15,624114.56,0,73.34,3.915,135.7837419,7.806,635118.48,674669.16,639928.85,607691.36,633203.69,1912909.69,2011,7,28
15,2011-07-22,607475.44,0,79.97,3.972,135.8738387,7.806,624114.56,635118.48,656594.95,655318.26,598553.43,1875686.44,2011,7,29
15,2011-07-29,577511.02,0,74.67,4.004,135.9639355,7.806,607475.44,624114.56,674669.16,560764.41,619224.06,1784029.95,2011,7,30
15,2011-08-05,607961.21,0,73.63,4.02,136.0540323,7.806,577511.02,607475.44,635118.48,630522.67,639651.24,1949354.29,2011,8,31
15,2011-08-12,590836.37,0,70.63,3.995,136.144129,7.806,607961.21,577511.02,624114.56,630482.91,622437.08,1987531.05,2011,8,32
15,2011-08-19,599488.98,0,70.41,3.942,136.183129,7.806,590836.37,607961.21,607475.44,593941.9,637090.44,1932233.17,2011,8,33
15,2011-08-26,605413.17,0,69.19,3.906,136.2136129,7.806,599488.98,590836.37,577511.02,636193.24,649791.15,2030869.61,2011,8,34
15,2011-09-02,649159.68,0,67.63,3.879,136.2440968,7.806,605413.17,599488.98,607961.21,695396.19,638647.21,2049485.49,2011,9,35
15,2011-09-09,607593.51,1,67.59,3.93,136.2745806,7.806,649159.68,605413.17,590836.37,642679.81,641965.2,2099615.88,2011,9,36
15,2011-09-16,545052.34,0,62.1,3.937,136.3145,7.806,607593.51,649159.68,599488.98,639928.85,583210.87,1905733.68,2011,9,37
15,2011-09-23,545570.86,0,59.0,3.899,136.367,7.806,545052.34,607593.51,605413.17,656594.95,548542.47,1660228.88,2011,9,38
15,2011-09-30,521297.31,0,64.87,3.858,136.4195,7.806,545570.86,545052.34,649159.68,674669.16,566945.95,1591835.02,2011,9,39
15,2011-10-07,579068.88,0,51.24,3.775,136.472,7.866,521297.31,545570.86,607593.51,635118.48,591603.79,1862128.95,2011,10,40
15,2011-10-14,537300.94,0,61.3,3.744,136.5150968,7.866,579068.88,521297.31,545052.34,624114.56,577011.26,1544422.35,2011,10,41
15,2011-10-21,603318.89,0,51.67,3.757,136.5017742,7.866,537300.94,579068.88,545570.86,607475.44,600395.73,1553250.16,2011,10,42
15,2011-10-28,589842.69,0,45.54,3.757,136.4884516,7.866,603318.89,537300.94,521297.31,577511.02,598301.5,1479514.66,2011,10,43
15,2011-11-04,615121.78,0,43.39,3.738,136.475129,7.866,589842.69,603318.89,579068.88,607961.21,612987.64,1656886.46,2011,11,44
15,2011-11-11,618949.82,0,47.13,3.719,136.4618065,7.866,615121.78,589842.69,537300.94,590836.37,619639.74,1648570.03,2011,11,45
15,2011-11-18,597856.51,0,46.53,3.717,136.4666667,7.866,618949.82,615121.78,603318.89,599488.98,608200.81,1660433.3,2011,11,46
15,2011-11-25,1066478.1,1,41.1,3.689,136.4788,7.866,597856.51,618949.82,589842.69,605413.17,1120018.92,1621841.33,2011,11,47
15,2011-12-02,699028.66,0,45.67,3.666,136.4909333,7.866,1066478.1,597856.51,615121.78,649159.68,754134.95,1613342.19,2011,12,48
15,2011-12-09,764565.55,0,38.53,3.627,136.5030667,7.866,699028.66,1066478.1,618949.82,607593.51,847294.04,1904512.34,2011,12,49
15,2011-12-16,870415.49,0,35.49,3.611,136.5335161,7.866,764565.55,699028.66,597856.51,545052.34,983825.15,1554794.22,2011,12,50
15,2011-12-23,1182691.87,0,34.93,3.587,136.5883871,7.866,870415.49,764565.55,1066478.1,545570.86,1368318.17,1565352.46,2011,12,51
15,2011-12-30,603460.79,1,31.44,3.566,136.6432581,7.866,1182691.87,870415.49,699028.66,521297.31,543754.17,1522512.2,2011,12,52
15,2012-01-06,516087.65,0,30.24,3.585,136.698129,7.943,603460.79,1182691.87,764565.55,579068.88,509640.77,1687592.16,2012,1,1
15,2012-01-13,454183.42,0,36.26,3.666,136.753,7.943,516087.65,603460.79,870415.49,537300.94,479424.2,1639585.61,2012,1,2
15,2012-01-20,492721.85,0,21.39,3.705,136.8564194,7.943,454183.42,516087.65,1182691.87,603318.89,487311.03,1590274.72,2012,1,3
15,2012-01-27,466045.63,0,30.87,3.737,136.9598387,7.943,492721.85,454183.42,603460.79,589842.69,481119.6,1704357.62,2012,1,4
15,2012-02-03,523831.64,0,35.3,3.796,137.0632581,7.943,466045.63,492721.85,516087.65,615121.78,556550.85,652122.44,2012,2,5
15,2012-02-10,628218.22,1,31.91,3.826,137.1666774,7.943,523831.64,466045.63,454183.42,618949.82,582864.35,682447.1,2012,2,6
15,2012-02-17,598502.83,0,30.26,3.874,137.2583103,7.943,628218.22,523831.64,492721.85,597856.51,649993.5,660838.75,2012,2,7
15,2012-02-24,561137.06,0,33.18,3.917,137.3411034,7.943,598502.83,628218.22,466045.63,1066478.1,547564.09,564883.2,2012,2,8
15,2012-03-02,541292.64,0,33.24,3.983,137.4238966,7.943,561137.06,598502.83,523831.64,699028.66,573374.49,605325.43,2012,3,9
15,2012-03-09,545120.67,0,36.97,4.021,137.5066897,7.943,541292.64,561137.06,628218.22,764565.55,537035.28,604173.59,2012,3,10
15,2012-03-16,570611.23,0,47.42,4.021,137.5843871,7.943,545120.67,541292.64,598502.83,870415.49,551553.99,593710.67,2012,3,11
15,2012-03-23,565481.88,0,58.92,4.054,137.6552903,7.943,570611.23,545120.67,561137.06,1182691.87,527389.28,592111.49,2012,3,12
15,2012-03-30,557547.25,0,42.65,4.098,137.7261935,7.943,565481.88,570611.23,541292.64,603460.79,542556.05,718470.71,2012,3,13
15,2012-04-06,659950.36,0,40.01,4.143,137.7970968,8.15,557547.25,565481.88,545120.67,516087.65,587370.81,634605.77,2012,4,14
15,2012-04-13,558585.13,0,43.52,4.187,137.868,8.15,659950.36,557547.25,570611.23,454183.42,607691.36,641208.65,2012,4,15
15,2012-04-20,534780.57,0,54.47,4.17,137.9230667,8.15,558585.13,659950.36,565481.88,492721.85,655318.26,643097.6,2012,4,16
15,2012-04-27,527402.62,0,41.57,4.163,137.9781333,8.15,534780.57,558585.13,557547.25,466045.63,560764.41,570791.11,2012,4,17
15,2012-05-04,577868.38,0,51.04,4.124,138.0332,8.15,527402.62,534780.57,659950.36,523831.64,630522.67,661348.88,2012,5,18
15,2012-05-11,579539.95,0,54.23,4.055,138.0882667,8.15,577868.38,527402.62,558585.13,628218.22,630482.91,594385.2,2012,5,19
15,2012-05-18,600050.98,0,58.84,4.029,138.1065806,8.15,579539.95,577868.38,534780.57,598502.83,593941.9,616598.1,2012,5,20
15,2012-05-25,693780.42,0,67.97,3.979,138.1101935,8.15,600050.98,579539.95,527402.62,561137.06,636193.24,744772.88,2012,5,21
15,2012-06-01,663971.26,0,67.61,3.915,138.1138065,8.15,693780.42,600050.98,577868.38,541292.64,695396.19,693192.5,2012,6,22
15,2012-06-08,611390.67,0,59.35,3.871,138.1174194,8.15,663971.26,693780.42,579539.95,545120.67,642679.81,619337.29,2012,6,23
15,2012-06-15,636737.65,0,67.7,3.786,138.1295333,8.15,611390.67,663971.26,600050.98,570611.23,639928.85,652329.53,2012,6,24
15,2012-06-22,687085.6,0,74.28,3.722,138.1629,8.15,636737.65,611390.67,693780.42,565481.88,656594.95,672194.03,2012,6,25
15,2012-06-29,624099.48,0,68.91,3.667,138.1962667,8.15,687085.6,636737.65,663971.26,557547.25,674669.16,709337.11,2012,6,26
15,2012-07-06,678024.75,0,74.64,3.646,138.2296333,8.193,624099.48,687085.6,611390.67,659950.36,635118.48,691497.62,2012,7,27
15,2012-07-13,591335.5,0,72.62,3.689,138.263,8.193,678024.75,624099.48,636737.65,558585.13,624114.56,633203.69,2012,7,28
15,2012-07-20,592369.22,0,75.31,3.732,138.2331935,8.193,591335.5,678024.75,687085.6,534780.57,607475.44,598553.43,2012,7,29
15,2012-07-27,571190.83,0,73.9,3.82,138.2033871,8.193,592369.22,591335.5,624099.48,527402.62,577511.02,619224.06,2012,7,30
15,2012-08-03,590739.62,0,73.13,3.819,138.1735806,8.193,571190.83,592369.22,678024.75,577868.38,607961.21,639651.24,2012,8,31
15,2012-08-10,590453.63,0,73.99,3.863,138.1437742,8.193,590739.62,571190.83,591335.5,579539.95,590836.37,622437.08,2012,8,32
15,2012-08-17,579738.2,0,70.29,3.963,138.1857097,8.193,590453.63,590739.62,592369.22,600050.98,599488.98,637090.44,2012,8,33
15,2012-08-24,606210.77,0,66.98,3.997,138.2814516,8.193,579738.2,590453.63,571190.83,693780.42,605413.17,649791.15,2012,8,34
15,2012-08-31,610185.32,0,71.42,4.026,138.3771935,8.193,606210.77,579738.2,590739.62,663971.26,649159.68,638647.21,2012,8,35
15,2012-09-07,587259.82,1,71.61,4.076,138.4729355,8.193,610185.32,606210.77,590453.63,611390.67,607593.51,641965.2,2012,9,36
15,2012-09-14,527509.76,0,65.44,4.088,138.5673,8.193,587259.82,610185.32,579738.2,636737.65,545052.34,583210.87,2012,9,37
15,2012-09-21,533161.64,0,60.34,4.203,138.6534,8.193,527509.76,587259.82,606210.77,687085.6,545570.86,548542.47,2012,9,38
15,2012-09-28,553901.97,0,57.13,4.158,138.7395,8.193,533161.64,527509.76,610185.32,624099.48,521297.31,566945.95,2012,9,39
15,2012-10-05,573498.64,0,59.57,4.151,138.8256,7.992,553901.97,533161.64,587259.82,678024.75,579068.88,591603.79,2012,10,40
15,2012-10-12,551799.63,0,49.12,4.186,138.9117,7.992,573498.64,553901.97,527509.76,591335.5,537300.94,577011.26,2012,10,41
15,2012-10-19,555652.77,0,52.89,4.153,138.8336129,7.992,551799.63,573498.64,533161.64,592369.22,603318.89,600395.73,2012,10,42
15,2012-10-26,558473.6,0,55.75,4.071,138.7281613,7.992,555652.77,551799.63,553901.97,571190.83,589842.69,598301.5,2012,10,43
16,2011-02-04,479263.15,0,13.64,3.011,191.7625895,6.614,448391.99,462888.13,573545.96,446905.02,477409.3,615121.78,2011,2,5
16,2011-02-11,466806.89,1,15.02,3.037,191.8572881,6.614,479263.15,448391.99,470365.59,453632.76,472044.28,618949.82,2011,2,6
16,2011-02-18,491179.79,0,27.18,3.051,191.9178331,6.614,466806.89,479263.15,462888.13,458634.68,469868.7,597856.51,2011,2,7
16,2011-02-25,475201.64,0,26.15,3.101,191.9647167,6.614,491179.79,466806.89,448391.99,651837.77,443242.17,1066478.1,2011,2,8
16,2011-03-04,484829.07,0,31.77,3.232,192.0116004,6.614,475201.64,491179.79,479263.15,512260.59,444181.85,699028.66,2011,3,9
16,2011-03-11,457504.35,0,29.36,3.372,192.058484,6.614,484829.07,475201.64,466806.89,570103.64,445393.74,764565.55,2011,3,10
16,2011-03-18,497373.49,0,36.5,3.406,192.1237981,6.614,457504.35,484829.07,491179.79,648652.01,504307.35,870415.49,2011,3,11
16,2011-03-25,465279.68,0,32.61,3.414,192.1964844,6.614,497373.49,457504.35,475201.64,1004730.69,483177.2,1182691.87,2011,3,12
16,2011-04-01,459756.11,0,35.75,3.461,192.2691707,6.339,465279.68,497373.49,484829.07,575317.38,490503.69,603460.79,2011,4,13
16,2011-04-08,439276.5,0,38.04,3.532,192.3418571,6.339,459756.11,465279.68,457504.35,573545.96,424083.99,516087.65,2011,4,14
16,2011-04-15,427855.24,0,34.59,3.611,192.4225954,6.339,439276.5,459756.11,497373.49,470365.59,436312.41,454183.42,2011,4,15
16,2011-04-22,368600.0,0,40.74,3.636,192.5234638,6.339,427855.24,439276.5,465279.68,462888.13,370230.94,492721.85,2011,4,16
16,2011-04-29,378100.31,0,37.77,3.663,192.6243322,6.339,368600.0,427855.24,459756.11,448391.99,383550.93,466045.63,2011,4,17
16,2011-05-06,423805.22,0,38.64,3.735,192.7252006,6.339,378100.31,368600.0,439276.5,479263.15,403217.22,523831.64,2011,5,18
16,2011-05-13,410406.95,0,43.29,3.767,192.826069,6.339,423805.22,378100.31,427855.24,466806.89,401770.9,628218.22,2011,5,19
16,2011-05-20,435397.19,0,43.95,3.828,192.831317,6.339,410406.95,423805.22,368600.0,491179.79,435300.51,598502.83,2011,5,20
16,2011-05-27,444718.68,0,45.17,3.795,192.8365651,6.339,435397.19,410406.95,378100.31,475201.64,479430.0,561137.06,2011,5,21
16,2011-06-03,531080.31,0,54.08,3.763,192.8418131,6.339,444718.68,435397.19,423805.22,484829.07,516295.81,541292.64,2011,6,22
16,2011-06-10,600952.06,0,55.78,3.735,192.8470612,6.339,531080.31,444718.68,410406.95,457504.35,535587.31,545120.67,2011,6,23
16,2011-06-17,581546.23,0,58.34,3.697,192.9034759,6.339,600952.06,531080.31,435397.19,497373.49,540149.85,570611.23,2011,6,24
16,2011-06-24,569105.03,0,54.36,3.661,192.9982655,6.339,581546.23,600952.06,444718.68,465279.68,546554.96,565481.88,2011,6,25
16,2011-07-01,608737.56,0,63.59,3.597,193.0930552,6.338,569105.03,581546.23,531080.31,459756.11,610641.42,557547.25,2011,7,26
16,2011-07-08,634634.66,0,65.0,3.54,193.1878448,6.338,608737.56,569105.03,600952.06,439276.5,614253.33,659950.36,2011,7,27
16,2011-07-15,586841.77,0,65.16,3.532,193.3125484,6.338,634634.66,608737.56,581546.23,427855.24,586583.69,558585.13,2011,7,28
16,2011-07-22,581758.22,0,65.36,3.545,193.5120367,6.338,586841.77,634634.66,569105.03,368600.0,588344.18,534780.57,2011,7,29
16,2011-07-29,582381.95,0,66.84,3.547,193.711525,6.338,581758.22,586841.77,608737.56,378100.31,562633.67,527402.62,2011,7,30
16,2011-08-05,592981.33,0,63.96,3.554,193.9110133,6.338,582381.95,581758.22,634634.66,423805.22,586936.45,577868.38,2011,8,31
16,2011-08-12,563884.47,0,67.09,3.542,194.1105017,6.338,592981.33,582381.95,586841.77,410406.95,543757.97,579539.95,2011,8,32
16,2011-08-19,554630.42,0,68.83,3.499,194.2500634,6.338,563884.47,592981.33,581758.22,435397.19,521516.96,600050.98,2011,8,33
16,2011-08-26,557312.01,0,67.51,3.485,194.3796374,6.338,554630.42,563884.47,582381.95,444718.68,581010.52,693780.42,2011,8,34
16,2011-09-02,580805.33,0,63.44,3.511,194.5092113,6.338,557312.01,554630.42,592981.33,531080.31,542087.89,663971.26,2011,9,35
16,2011-09-09,574622.56,1,56.99,3.566,194.6387853,6.338,580805.33,557312.01,563884.47,600952.06,537518.57,611390.67,2011,9,36
16,2011-09-16,539081.09,0,53.68,3.596,194.7419707,6.338,574622.56,580805.33,554630.42,581546.23,522049.52,636737.65,2011,9,37
16,2011-09-23,504856.97,0,50.39,3.581,194.8099713,6.338,539081.09,574622.56,557312.01,569105.03,511330.32,687085.6,2011,9,38
16,2011-09-30,450075.31,0,57.61,3.538,194.8779718,6.338,504856.97,539081.09,580805.33,608737.56,463977.54,624099.48,2011,9,39
16,2011-10-07,482926.93,0,48.91,3.498,194.9459724,6.232,450075.31,504856.97,574622.56,634634.66,442894.2,678024.75,2011,10,40
16,2011-10-14,498241.06,0,39.97,3.491,195.0261012,6.232,482926.93,450075.31,539081.09,586841.77,452169.28,591335.5,2011,10,41
16,2011-10-21,560104.16,0,46.99,3.548,195.1789994,6.232,498241.06,482926.93,504856.97,581758.22,541216.92,592369.22,2011,10,42
16,2011-10-28,505918.21,0,41.97,3.55,195.3318977,6.232,560104.16,498241.06,450075.31,582381.95,495022.51,571190.83,2011,10,43
16,2011-11-04,511059.95,0,33.43,3.527,195.4847959,6.232,505918.21,560104.16,482926.93,592981.33,446905.02,590739.62,2011,11,44
16,2011-11-11,513181.31,0,29.56,3.505,195.6376941,6.232,511059.95,505918.21,498241.06,563884.47,453632.76,590453.63,2011,11,45
16,2011-11-18,480353.64,0,31.73,3.479,195.7184713,6.232,513181.31,511059.95,560104.16,554630.42,458634.68,579738.2,2011,11,46
16,2011-11-25,712422.4,1,31.39,3.424,195.7704,6.232,480353.64,513181.31,505918.21,557312.01,651837.77,606210.77,2011,11,47
16,2011-12-02,530492.84,0,27.83,3.378,195.8223287,6.232,712422.4,480353.64,511059.95,580805.33,512260.59,610185.32,2011,12,48
16,2011-12-09,574798.86,0,14.44,3.331,195.8742575,6.232,530492.84,712422.4,513181.31,574622.56,570103.64,587259.82,2011,12,49
16,2011-12-16,679481.9,0,22.5,3.266,195.9841685,6.232,574798.86,530492.84,480353.64,539081.09,648652.01,527509.76,2011,12,50
16,2011-12-23,950691.96,0,20.79,3.173,196.1713893,6.232,679481.9,574798.86,712422.4,504856.97,1004730.69,533161.64,2011,12,51
16,2011-12-30,665861.06,1,23.91,3.119,196.3586101,6.232,950691.96,679481.9,530492.84,450075.31,575317.38,553901.97,2011,12,52
16,2012-01-06,564538.07,0,26.49,3.095,196.5458309,6.162,665861.06,950691.96,574798.86,482926.93,573545.96,573498.64,2012,1,1
16,2012-01-13,508520.09,0,19.55,3.077,196.7330517,6.162,564538.07,665861.06,679481.9,498241.06,470365.59,551799.63,2012,1,2
16,2012-01-20,474389.75,0,29.3,3.055,196.7796652,6.162,508520.09,564538.07,950691.96,560104.16,462888.13,555652.77,2012,1,3
16,2012-01-27,453979.19,0,28.17,3.038,196.8262786,6.162,474389.75,508520.09,665861.06,505918.21,448391.99,558473.6,2012,1,4
16,2012-02-03,475905.1,0,25.53,3.031,196.8728921,6.162,453979.19,474389.75,564538.07,511059.95,479263.15,477409.3,2012,2,5
16,2012-02-10,473766.97,1,23.69,3.103,196.9195056,6.162,475905.1,453979.19,508520.09,513181.31,466806.89,472044.28,2012,2,6
16,2012-02-17,494069.49,0,31.19,3.113,196.9432711,6.162,473766.97,475905.1,474389.75,480353.64,491179.79,469868.7,2012,2,7
16,2012-02-24,495720.3,0,26.21,3.129,196.9499007,6.162,494069.49,473766.97,453979.19,712422.4,475201.64,443242.17,2012,2,8
16,2012-03-02,464189.09,0,23.4,3.191,196.9565303,6.162,495720.3,494069.49,475905.1,530492.84,484829.07,444181.85,2012,3,9
16,2012-03-09,495951.66,0,28.16,3.286,196.9631599,6.162,464189.09,495720.3,473766.97,574798.86,457504.35,445393.74,2012,3,10
16,2012-03-16,520850.71,0,38.02,3.486,197.0457208,6.162,495951.66,464189.09,494069.49,679481.9,497373.49,504307.35,2012,3,11
16,2012-03-23,493503.89,0,38.7,3.664,197.2295234,6.162,520850.71,495951.66,495720.3,950691.96,465279.68,483177.2,2012,3,12
16,2012-03-30,485095.41,0,48.29,3.75,197.4133259,6.162,493503.89,520850.71,464189.09,665861.06,459756.11,490503.69,2012,3,13
16,2012-04-06,502662.07,0,48.93,3.854,197.5971285,6.169,485095.41,493503.89,495951.66,564538.07,439276.5,424083.99,2012,4,14
16,2012-04-13,450756.71,0,45.83,3.901,197.780931,6.169,502662.07,485095.41,520850.71,508520.09,427855.24,436312.41,2012,4,15
16,2012-04-20,436221.26,0,43.61,3.936,197.7227385,6.169,450756.71,502662.07,493503.89,474389.75,368600.0,370230.94,2012,4,16
16,2012-04-27,398445.15,0,59.69,3.927,197.664546,6.169,436221.26,450756.71,485095.41,453979.19,378100.31,383550.93,2012,4,17
16,2012-05-04,426959.62,0,51.34,3.903,197.6063534,6.169,398445.15,436221.26,502662.07,475905.1,423805.22,403217.22,2012,5,18
16,2012-05-11,479855.0,0,53.57,3.87,197.5481609,6.169,426959.62,398445.15,450756.71,473766.97,410406.95,401770.9,2012,5,19
16,2012-05-18,493506.47,0,56.74,3.837,197.5553137,6.169,479855.0,426959.62,436221.26,494069.49,435397.19,435300.51,2012,5,20
16,2012-05-25,518045.09,0,57.36,3.804,197.5886046,6.169,493506.47,479855.0,398445.15,495720.3,444718.68,479430.0,2012,5,21
16,2012-06-01,532311.93,0,58.97,3.764,197.6218954,6.169,518045.09,493506.47,426959.62,464189.09,531080.31,516295.81,2012,6,22
16,2012-06-08,603618.89,0,65.43,3.741,197.6551863,6.169,532311.93,518045.09,479855.0,495951.66,600952.06,535587.31,2012,6,23
16,2012-06-15,570045.79,0,65.36,3.723,197.692292,6.169,603618.89,532311.93,493506.47,520850.71,581546.23,540149.85,2012,6,24
16,2012-06-22,581745.72,0,70.41,3.735,197.7389345,6.169,570045.79,603618.89,518045.09,493503.89,569105.03,546554.96,2012,6,25
16,2012-06-29,570162.28,0,77.31,3.693,197.785577,6.169,581745.72,570045.79,532311.93,485095.41,608737.56,610641.42,2012,6,26
16,2012-07-06,641763.53,0,70.49,3.646,197.8322195,6.061,570162.28,581745.72,603618.89,502662.07,634634.66,614253.33,2012,7,27
16,2012-07-13,569005.06,0,70.29,3.613,197.8788621,6.061,641763.53,570162.28,570045.79,450756.71,586841.77,586583.69,2012,7,28
16,2012-07-20,565297.54,0,68.43,3.585,197.9290378,6.061,569005.06,641763.53,581745.72,436221.26,581758.22,588344.18,2012,7,29
16,2012-07-27,539337.87,0,69.0,3.57,197.9792136,6.061,565297.54,569005.06,570162.28,398445.15,582381.95,562633.67,2012,7,30
16,2012-08-03,584000.71,0,68.59,3.528,198.0293893,6.061,539337.87,565297.54,641763.53,426959.62,592981.33,586936.45,2012,8,31
16,2012-08-10,554036.84,0,70.24,3.509,198.0795651,6.061,584000.71,539337.87,569005.06,479855.0,563884.47,543757.97,2012,8,32
16,2012-08-17,521896.6,0,62.07,3.545,198.1001057,6.061,554036.84,584000.71,565297.54,493506.47,554630.42,521516.96,2012,8,33
16,2012-08-24,551152.15,0,61.44,3.558,198.0984199,6.061,521896.6,554036.84,539337.87,518045.09,557312.01,581010.52,2012,8,34
16,2012-08-31,551837.31,0,64.19,3.556,198.0967341,6.061,551152.15,521896.6,584000.71,532311.93,580805.33,542087.89,2012,8,35
16,2012-09-07,537138.58,1,60.09,3.596,198.0950484,6.061,551837.31,551152.15,554036.84,603618.89,574622.56,537518.57,2012,9,36
16,2012-09-14,526525.16,0,56.69,3.659,198.1267184,6.061,537138.58,551837.31,521896.6,570045.79,539081.09,522049.52,2012,9,37
16,2012-09-21,509942.56,0,56.48,3.765,198.358523,6.061,526525.16,537138.58,551152.15,581745.72,504856.97,511330.32,2012,9,38
16,2012-09-28,469607.73,0,51.4,3.789,198.5903276,6.061,509942.56,526525.16,551837.31,570162.28,450075.31,463977.54,2012,9,39
16,2012-10-05,471281.68,0,50.46,3.779,198.8221322,5.847,469607.73,509942.56,537138.58,641763.53,482926.93,442894.2,2012,10,40
16,2012-10-12,491817.19,0,43.26,3.76,199.0539368,5.847,471281.68,469607.73,526525.16,569005.06,498241.06,452169.28,2012,10,41
16,2012-10-19,577198.97,0,40.59,3.75,199.1481963,5.847,491817.19,471281.68,509942.56,565297.54,560104.16,541216.92,2012,10,42
16,2012-10-26,475770.14,0,40.99,3.686,199.2195317,5.847,577198.97,491817.19,469607.73,539337.87,505918.21,495022.51,2012,10,43
17,2011-02-04,816603.05,0,11.29,2.974,127.7195806,6.866,736335.69,755804.37,1083071.14,818434.49,789036.02,511059.95,2011,2,5
17,2011-02-11,813211.46,1,14.19,3.034,127.859129,6.866,816603.05,736335.69,758510.36,855459.96,841951.91,513181.31,2011,2,6
17,2011-02-18,860962.91,0,26.86,3.062,127.99525,6.866,813211.46,816603.05,755804.37,782252.57,800714.0,480353.64,2011,2,7
17,2011-02-25,767256.53,0,24.36,3.12,128.13,6.866,860962.91,813211.46,736335.69,1005448.76,749549.55,712422.4,2011,2,8
17,2011-03-04,816138.33,0,24.21,3.23,128.26475,6.866,767256.53,860962.91,816603.05,926573.81,783300.05,530492.84,2011,3,9
17,2011-03-11,779602.36,0,32.42,3.346,128.3995,6.866,816138.33,767256.53,813211.46,962475.55,763961.82,574798.86,2011,3,10
17,2011-03-18,778436.81,0,34.48,3.407,128.5121935,6.866,779602.36,816138.33,860962.91,1049372.38,752034.52,679481.9,2011,3,11
17,2011-03-25,781267.76,0,36.71,3.435,128.6160645,6.866,778436.81,779602.36,767256.53,1309226.79,793097.64,950691.96,2011,3,12
17,2011-04-01,795859.23,0,39.38,3.487,128.7199355,6.774,781267.76,778436.81,816138.33,635862.55,848521.17,665861.06,2011,4,13
17,2011-04-08,811855.72,0,39.16,3.547,128.8238065,6.774,795859.23,781267.76,779602.36,1083071.14,770228.02,564538.07,2011,4,14
17,2011-04-15,825283.43,0,39.98,3.616,128.9107333,6.774,811855.72,795859.23,778436.81,758510.36,757738.76,508520.09,2011,4,15
17,2011-04-22,1060770.11,0,42.24,3.655,128.9553,6.774,825283.43,811855.72,781267.76,755804.37,977790.83,474389.75,2011,4,16
17,2011-04-29,806979.15,0,40.14,3.683,128.9998667,6.774,1060770.11,825283.43,795859.23,736335.69,807798.73,453979.19,2011,4,17
17,2011-05-06,882132.28,0,45.66,3.744,129.0444333,6.774,806979.15,1060770.11,811855.72,816603.05,843848.65,475905.1,2011,5,18
17,2011-05-13,870625.49,0,49.26,3.77,129.089,6.774,882132.28,806979.15,825283.43,813211.46,813756.09,473766.97,2011,5,19
17,2011-05-20,844443.35,0,51.93,3.802,129.0756774,6.774,870625.49,882132.28,1060770.11,860962.91,826626.5,494069.49,2011,5,20
17,2011-05-27,892056.64,0,51.04,3.778,129.0623548,6.774,844443.35,870625.49,806979.15,767256.53,872817.62,495720.3,2011,5,21
17,2011-06-03,895020.48,0,49.61,3.752,129.0490323,6.774,892056.64,844443.35,882132.28,816138.33,876902.87,464189.09,2011,6,22
17,2011-06-10,881190.46,0,54.57,3.732,129.0357097,6.774,895020.48,892056.64,870625.49,779602.36,845252.21,495951.66,2011,6,23
17,2011-06-17,894686.67,0,56.61,3.704,129.0432,6.774,881190.46,895020.48,844443.35,778436.81,877996.27,520850.71,2011,6,24
17,2011-06-24,920719.98,0,60.99,3.668,129.0663,6.774,894686.67,881190.46,892056.64,781267.76,893995.44,493503.89,2011,6,25
17,2011-07-01,940554.34,0,67.39,3.613,129.0894,6.745,920719.98,894686.67,895020.48,795859.23,958875.37,485095.41,2011,7,26
17,2011-07-08,915064.22,0,70.6,3.563,129.1125,6.745,940554.34,920719.98,881190.46,811855.72,836915.92,502662.07,2011,7,27
17,2011-07-15,902727.76,0,67.93,3.553,129.1338387,6.745,915064.22,940554.34,894686.67,825283.43,876591.41,450756.71,2011,7,28
17,2011-07-22,899044.34,0,69.82,3.563,129.1507742,6.745,902727.76,915064.22,920719.98,1060770.11,893504.87,436221.26,2011,7,29
17,2011-07-29,861894.77,0,68.59,3.574,129.1677097,6.745,899044.34,902727.76,940554.34,806979.15,833517.19,398445.15,2011,7,30
17,2011-08-05,866184.92,0,65.71,3.595,129.1846452,6.745,861894.77,899044.34,915064.22,882132.28,795301.17,426959.62,2011,8,31
17,2011-08-12,800819.79,0,64.79,3.606,129.2015806,6.745,866184.92,861894.77,902727.76,870625.49,759995.18,479855.0,2011,8,32
17,2011-08-19,797523.04,0,67.59,3.578,129.2405806,6.745,800819.79,866184.92,899044.34,844443.35,783929.7,493506.47,2011,8,33
17,2011-08-26,837390.79,0,72.04,3.57,129.2832581,6.745,797523.04,800819.79,861894.77,892056.64,802583.89,518045.09,2011,8,34
17,2011-09-02,847380.07,0,69.31,3.58,129.3259355,6.745,837390.79,797523.04,866184.92,895020.48,834373.73,532311.93,2011,9,35
17,2011-09-09,1161900.18,1,61.94,3.619,129.3686129,6.745,847380.07,837390.79,800819.79,881190.46,1200888.28,603618.89,2011,9,36
17,2011-09-16,1051116.95,0,61.48,3.641,129.4306,6.745,1161900.18,847380.07,797523.04,894686.67,871264.25,570045.79,2011,9,37
17,2011-09-23,895535.31,0,56.96,3.648,129.5183333,6.745,1051116.95,1161900.18,837390.79,920719.98,852876.29,581745.72,2011,9,38
17,2011-09-30,868191.05,0,61.4,3.623,129.6060667,6.745,895535.31,1051116.95,847380.07,940554.34,829207.27,570162.28,2011,9,39
17,2011-10-07,918006.9,0,54.4,3.592,129.6938,6.617,868191.05,895535.31,1161900.18,915064.22,827738.06,641763.53,2011,10,40
17,2011-10-14,884042.63,0,47.69,3.567,129.7706452,6.617,918006.9,868191.05,1051116.95,902727.76,838297.32,569005.06,2011,10,41
17,2011-10-21,877380.22,0,47.27,3.579,129.7821613,6.617,884042.63,918006.9,895535.31,899044.34,815093.76,565297.54,2011,10,42
17,2011-10-28,936508.43,0,41.89,3.567,129.7936774,6.617,877380.22,884042.63,868191.05,861894.77,861941.25,539337.87,2011,10,43
17,2011-11-04,927657.63,0,37.52,3.538,129.8051935,6.617,936508.43,877380.22,918006.9,866184.92,818434.49,584000.71,2011,11,44
17,2011-11-11,914759.2,0,27.61,3.513,129.8167097,6.617,927657.63,936508.43,884042.63,800819.79,855459.96,554036.84,2011,11,45
17,2011-11-18,877724.31,0,32.93,3.489,129.8268333,6.617,914759.2,927657.63,877380.22,797523.04,782252.57,521896.6,2011,11,46
17,2011-11-25,1225700.28,1,32.81,3.445,129.8364,6.617,877724.31,914759.2,936508.43,837390.79,1005448.76,551152.15,2011,11,47
17,2011-12-02,945267.68,0,26.47,3.389,129.8459667,6.617,1225700.28,877724.31,927657.63,847380.07,926573.81,551837.31,2011,12,48
17,2011-12-09,976522.93,0,17.56,3.341,129.8555333,6.617,945267.68,1225700.28,914759.2,1161900.18,962475.55,537138.58,2011,12,49
17,2011-12-16,1067754.06,0,21.07,3.282,129.8980645,6.617,976522.93,945267.68,877724.31,1051116.95,1049372.38,526525.16,2011,12,50
17,2011-12-23,1289156.9,0,18.76,3.186,129.9845484,6.617,1067754.06,976522.93,1225700.28,895535.31,1309226.79,509942.56,2011,12,51
17,2011-12-30,777207.3,1,26.73,3.119,130.0710323,6.617,1289156.9,1067754.06,945267.68,868191.05,635862.55,469607.73,2011,12,52
17,2012-01-06,1198104.22,0,27.64,3.08,130.1575161,6.403,777207.3,1289156.9,976522.93,918006.9,1083071.14,471281.68,2012,1,1
17,2012-01-13,873576.96,0,20.28,3.056,130.244,6.403,1198104.22,777207.3,1067754.06,884042.63,758510.36,491817.19,2012,1,2
17,2012-01-20,809272.65,0,27.26,3.047,130.2792258,6.403,873576.96,1198104.22,1289156.9,877380.22,755804.37,577198.97,2012,1,3
17,2012-01-27,769522.33,0,29.99,3.058,130.3144516,6.403,809272.65,873576.96,777207.3,936508.43,736335.69,475770.14,2012,1,4
17,2012-02-03,864852.85,0,26.26,3.077,130.3496774,6.403,769522.33,809272.65,1198104.22,927657.63,816603.05,789036.02,2012,2,5
17,2012-02-10,880165.7,1,23.63,3.116,130.3849032,6.403,864852.85,769522.33,873576.96,914759.2,813211.46,841951.91,2012,2,6
17,2012-02-17,927084.65,0,30.76,3.119,130.4546207,6.403,880165.7,864852.85,809272.65,877724.31,860962.91,800714.0,2012,2,7
17,2012-02-24,843864.43,0,30.01,3.145,130.5502069,6.403,927084.65,880165.7,769522.33,1225700.28,767256.53,749549.55,2012,2,8
17,2012-03-02,856178.47,0,26.28,3.242,130.6457931,6.403,843864.43,927084.65,864852.85,945267.68,816138.33,783300.05,2012,3,9
17,2012-03-09,860224.98,0,32.02,3.38,130.7413793,6.403,856178.47,843864.43,880165.7,976522.93,779602.36,763961.82,2012,3,10
17,2012-03-16,853136.46,0,43.69,3.529,130.8261935,6.403,860224.98,856178.47,927084.65,1067754.06,778436.81,752034.52,2012,3,11
17,2012-03-23,851762.28,0,40.69,3.671,130.8966452,6.403,853136.46,860224.98,843864.43,1289156.9,781267.76,793097.64,2012,3,12
17,2012-03-30,872469.03,0,45.29,3.734,130.9670968,6.403,851762.28,853136.46,856178.47,777207.3,795859.23,848521.17,2012,3,13
17,2012-04-06,986922.62,0,43.92,3.793,131.0375484,6.235,872469.03,851762.28,860224.98,1198104.22,811855.72,770228.02,2012,4,14
17,2012-04-13,877055.32,0,46.94,3.833,131.108,6.235,986922.62,872469.03,853136.46,873576.96,825283.43,757738.76,2012,4,15
17,2012-04-20,1119979.98,0,47.69,3.845,131.1173333,6.235,877055.32,986922.62,851762.28,809272.65,1060770.11,977790.83,2012,4,16
17,2012-04-27,925916.65,0,59.11,3.842,131.1266667,6.235,1119979.98,877055.32,872469.03,769522.33,806979.15,807798.73,2012,4,17
17,2012-05-04,930121.14,0,48.86,3.831,131.136,6.235,925916.65,1119979.98,986922.62,864852.85,882132.28,843848.65,2012,5,18
17,2012-05-11,944100.3,0,49.96,3.809,131.1453333,6.235,930121.14,925916.65,877055.32,880165.7,870625.49,813756.09,2012,5,19
17,2012-05-18,968816.33,0,59.67,3.808,131.0983226,6.235,944100.3,930121.14,1119979.98,927084.65,844443.35,826626.5,2012,5,20
17,2012-05-25,984881.59,0,55.69,3.801,131.0287742,6.235,968816.33,944100.3,925916.65,843864.43,892056.64,872817.62,2012,5,21
17,2012-06-01,938914.28,0,54.13,3.788,130.9592258,6.235,984881.59,968816.33,930121.14,856178.47,895020.48,876902.87,2012,6,22
17,2012-06-08,987990.24,0,60.51,3.776,130.8896774,6.235,938914.28,984881.59,944100.3,860224.98,881190.46,845252.21,2012,6,23
17,2012-06-15,964169.67,0,56.67,3.756,130.8295333,6.235,987990.24,938914.28,968816.33,853136.46,894686.67,877996.27,2012,6,24
17,2012-06-22,981210.57,0,62.9,3.737,130.7929,6.235,964169.67,987990.24,984881.59,851762.28,920719.98,893995.44,2012,6,25
17,2012-06-29,982322.24,0,71.14,3.681,130.7562667,6.235,981210.57,964169.67,938914.28,872469.03,940554.34,958875.37,2012,6,26
17,2012-07-06,1046782.52,0,68.91,3.63,130.7196333,5.936,982322.24,981210.57,987990.24,986922.62,915064.22,836915.92,2012,7,27
17,2012-07-13,960746.04,0,72.94,3.595,130.683,5.936,1046782.52,982322.24,964169.67,877055.32,902727.76,876591.41,2012,7,28
17,2012-07-20,944698.7,0,70.59,3.556,130.7012903,5.936,960746.04,1046782.52,981210.57,1119979.98,899044.34,893504.87,2012,7,29
17,2012-07-27,907493.24,0,74.2,3.537,130.7195806,5.936,944698.7,960746.04,982322.24,925916.65,861894.77,833517.19,2012,7,30
17,2012-08-03,877813.33,0,72.94,3.512,130.737871,5.936,907493.24,944698.7,1046782.52,930121.14,866184.92,795301.17,2012,8,31
17,2012-08-10,849074.04,0,73.29,3.509,130.7561613,5.936,877813.33,907493.24,960746.04,944100.3,800819.79,759995.18,2012,8,32
17,2012-08-17,844928.17,0,70.98,3.545,130.7909677,5.936,849074.04,877813.33,944698.7,968816.33,797523.04,783929.7,2012,8,33
17,2012-08-24,924299.78,0,68.89,3.582,130.8381613,5.936,844928.17,849074.04,907493.24,984881.59,837390.79,802583.89,2012,8,34
17,2012-08-31,865924.2,0,68.07,3.624,130.8853548,5.936,924299.78,844928.17,877813.33,938914.28,847380.07,834373.73,2012,8,35
17,2012-09-07,1255633.29,1,61.99,3.689,130.9325484,5.936,865924.2,924299.78,849074.04,987990.24,1161900.18,1200888.28,2012,9,36
17,2012-09-14,1071040.22,0,59.64,3.749,130.9776667,5.936,1255633.29,865924.2,844928.17,964169.67,1051116.95,871264.25,2012,9,37
17,2012-09-21,938303.28,0,58.43,3.821,131.0103333,5.936,1071040.22,1255633.29,924299.78,981210.57,895535.31,852876.29,2012,9,38
17,2012-09-28,972716.24,0,57.77,3.821,131.043,5.936,938303.28,1071040.22,865924.2,982322.24,868191.05,829207.27,2012,9,39
17,2012-10-05,952609.17,0,52.81,3.815,131.0756667,5.527,972716.24,938303.28,1255633.29,1046782.52,918006.9,827738.06,2012,10,40
17,2012-10-12,919878.34,0,44.82,3.797,131.1083333,5.527,952609.17,972716.24,1071040.22,960746.04,884042.63,838297.32,2012,10,41
17,2012-10-19,957356.84,0,48.16,3.781,131.1499677,5.527,919878.34,952609.17,938303.28,944698.7,877380.22,815093.76,2012,10,42
17,2012-10-26,943465.29,0,39.94,3.755,131.1930968,5.527,957356.84,919878.34,972716.24,907493.24,936508.43,861941.25,2012,10,43
18,2011-02-04,1055841.24,0,20.79,3.24,133.1834194,9.131,849540.85,891148.55,933960.3,1089530.94,1205307.5,927657.63,2011,2,5
18,2011-02-11,1122053.58,1,24.3,3.255,133.260871,9.131,1055841.24,849540.85,777175.28,1081322.12,1187880.7,914759.2,2011,2,6
18,2011-02-18,1095058.57,0,31.59,3.263,133.3701429,9.131,1122053.58,1055841.24,891148.55,1045722.37,1150663.42,877724.31,2011,2,7
18,2011-02-25,1005983.31,0,26.15,3.281,133.4921429,9.131,1095058.57,1122053.58,849540.85,1653759.36,1068157.45,1225700.28,2011,2,8
18,2011-03-04,1063310.62,0,28.49,3.437,133.6141429,9.131,1005983.31,1095058.57,1055841.24,1211026.13,1179738.5,945267.68,2011,3,9
18,2011-03-11,1002714.25,0,38.4,3.6,133.7361429,9.131,1063310.62,1005983.31,1122053.58,1416168.98,1138800.32,976522.93,2011,3,10
18,2011-03-18,945889.59,0,41.12,3.634,133.8492258,9.131,1002714.25,1063310.62,1095058.57,1588430.71,1087507.47,1067754.06,2011,3,11
18,2011-03-25,944523.3,0,36.65,3.624,133.9587419,9.131,945889.59,1002714.25,1005983.31,2027507.15,1092704.09,1289156.9,2011,3,12
18,2011-04-01,938083.17,0,35.06,3.638,134.0682581,8.975,944523.3,945889.59,1063310.62,887907.01,1254107.84,777207.3,2011,4,13
18,2011-04-08,1018541.3,0,43.32,3.72,134.1777742,8.975,938083.17,944523.3,1002714.25,933960.3,1174447.55,1198104.22,2011,4,14
18,2011-04-15,988157.72,0,49.91,3.823,134.2784667,8.975,1018541.3,938083.17,945889.59,777175.28,1135577.62,873576.96,2011,4,15
18,2011-04-22,1105860.06,0,45.99,3.919,134.3571,8.975,988157.72,1018541.3,944523.3,891148.55,1132433.55,809272.65,2011,4,16
18,2011-04-29,974114.39,0,58.82,3.988,134.4357333,8.975,1105860.06,988157.72,938083.17,849540.85,1060446.16,769522.33,2011,4,17
18,2011-05-06,1065427.37,0,54.17,4.078,134.5143667,8.975,974114.39,1105860.06,1018541.3,1055841.24,1222255.47,864852.85,2011,5,18
18,2011-05-13,993172.98,0,58.48,4.095,134.593,8.975,1065427.37,974114.39,988157.72,1122053.58,1092616.49,880165.7,2011,5,19
18,2011-05-20,994610.43,0,57.55,4.101,134.6803871,8.975,993172.98,1065427.37,1105860.06,1095058.57,1101621.36,927084.65,2011,5,20
18,2011-05-27,1065214.14,0,64.6,4.034,134.7677742,8.975,994610.43,993172.98,974114.39,1005983.31,1256282.79,843864.43,2011,5,21
18,2011-06-03,1178039.0,0,70.9,3.973,134.8551613,8.975,1065214.14,994610.43,1065427.37,1063310.62,1271311.76,856178.47,2011,6,22
18,2011-06-10,1044079.2,0,69.49,3.924,134.9425484,8.975,1178039.0,1065214.14,993172.98,1002714.25,1173521.82,860224.98,2011,6,23
18,2011-06-17,1045859.39,0,63.23,3.873,135.0837333,8.975,1044079.2,1178039.0,994610.43,945889.59,1183225.92,853136.46,2011,6,24
18,2011-06-24,1056478.65,0,67.41,3.851,135.2652667,8.975,1045859.39,1044079.2,1065214.14,944523.3,1220983.17,851762.28,2011,6,25
18,2011-07-01,1087051.26,0,69.75,3.815,135.4468,8.89,1056478.65,1045859.39,1178039.0,938083.17,1257928.35,872469.03,2011,7,26
18,2011-07-08,1048802.62,0,73.12,3.784,135.6283333,8.89,1087051.26,1056478.65,1044079.2,1018541.3,1171391.41,986922.62,2011,7,27
18,2011-07-15,974916.13,0,74.36,3.827,135.7837419,8.89,1048802.62,1087051.26,1045859.39,988157.72,1115514.61,877055.32,2011,7,28
18,2011-07-22,991262.46,0,78.68,3.882,135.8738387,8.89,974916.13,1048802.62,1056478.65,1105860.06,1032908.23,1119979.98,2011,7,29
18,2011-07-29,954148.64,0,73.85,3.898,135.9639355,8.89,991262.46,974916.13,1087051.26,974114.39,1078557.62,925916.65,2011,7,30
18,2011-08-05,1002806.39,0,74.58,3.903,136.0540323,8.89,954148.64,991262.46,1048802.62,1065427.37,1166117.85,930121.14,2011,8,31
18,2011-08-12,928470.83,0,73.57,3.88,136.144129,8.89,1002806.39,954148.64,974916.13,993172.98,1084722.78,944100.3,2011,8,32
18,2011-08-19,932679.79,0,69.24,3.82,136.183129,8.89,928470.83,1002806.39,991262.46,994610.43,1141860.67,968816.33,2011,8,33
18,2011-08-26,1147906.46,0,70.32,3.796,136.2136129,8.89,932679.79,928470.83,954148.64,1065214.14,1214302.76,984881.59,2011,8,34
18,2011-09-02,540922.94,0,68.23,3.784,136.2440968,8.89,1147906.46,932679.79,1002806.39,1178039.0,1187359.77,938914.28,2011,9,35
18,2011-09-09,951549.61,1,68.11,3.809,136.2745806,8.89,540922.94,1147906.46,928470.83,1044079.2,1011201.12,987990.24,2011,9,36
18,2011-09-16,845715.37,0,66.23,3.809,136.3145,8.89,951549.61,540922.94,932679.79,1045859.39,997998.21,964169.67,2011,9,37
18,2011-09-23,853073.17,0,60.44,3.758,136.367,8.89,845715.37,951549.61,1147906.46,1056478.65,950862.92,981210.57,2011,9,38
18,2011-09-30,847348.08,0,69.01,3.684,136.4195,8.89,853073.17,845715.37,540922.94,1087051.26,948977.5,982322.24,2011,9,39
18,2011-10-07,1019741.1,0,54.65,3.633,136.472,8.471,847348.08,853073.17,951549.61,1048802.62,1107432.71,1046782.52,2011,10,40
18,2011-10-14,953533.95,0,60.26,3.583,136.5150968,8.471,1019741.1,847348.08,845715.37,974916.13,1029618.1,960746.04,2011,10,41
18,2011-10-21,1048212.62,0,55.83,3.618,136.5017742,8.471,953533.95,1019741.1,853073.17,991262.46,1052120.43,944698.7,2011,10,42
18,2011-10-28,1106642.63,0,45.61,3.604,136.4884516,8.471,1048212.62,953533.95,847348.08,954148.64,1038576.54,907493.24,2011,10,43
18,2011-11-04,1100625.06,0,38.29,3.586,136.475129,8.471,1106642.63,1048212.62,1019741.1,1002806.39,1089530.94,877813.33,2011,11,44
18,2011-11-11,1079931.63,0,45.69,3.57,136.4618065,8.471,1100625.06,1106642.63,953533.95,928470.83,1081322.12,849074.04,2011,11,45
18,2011-11-18,1056992.18,0,47.88,3.571,136.4666667,8.471,1079931.63,1100625.06,1048212.62,932679.79,1045722.37,844928.17,2011,11,46
18,2011-11-25,1624170.99,1,41.97,3.536,136.4788,8.471,1056992.18,1079931.63,1106642.63,1147906.46,1653759.36,924299.78,2011,11,47
18,2011-12-02,1188047.61,0,46.25,3.501,136.4909333,8.471,1624170.99,1056992.18,1100625.06,540922.94,1211026.13,865924.2,2011,12,48
18,2011-12-09,1368471.23,0,42.36,3.47,136.5030667,8.471,1188047.61,1624170.99,1079931.63,951549.61,1416168.98,1255633.29,2011,12,49
18,2011-12-16,1516924.23,0,35.52,3.445,136.5335161,8.471,1368471.23,1188047.61,1056992.18,845715.37,1588430.71,1071040.22,2011,12,50
18,2011-12-23,1882393.4,0,35.78,3.413,136.5883871,8.471,1516924.23,1368471.23,1624170.99,853073.17,2027507.15,938303.28,2011,12,51
18,2011-12-30,1010562.49,1,32.36,3.402,136.6432581,8.471,1882393.4,1516924.23,1188047.61,847348.08,887907.01,972716.24,2011,12,52
18,2012-01-06,977286.07,0,31.27,3.439,136.698129,8.075,1010562.49,1882393.4,1368471.23,1019741.1,933960.3,952609.17,2012,1,1
18,2012-01-13,890130.25,0,35.25,3.523,136.753,8.075,977286.07,1010562.49,1516924.23,953533.95,777175.28,919878.34,2012,1,2
18,2012-01-20,937522.77,0,24.2,3.542,136.8564194,8.075,890130.25,977286.07,1882393.4,1048212.62,891148.55,957356.84,2012,1,3
18,2012-01-27,825584.22,0,30.44,3.568,136.9598387,8.075,937522.77,890130.25,1010562.49,1106642.63,849540.85,943465.29,2012,1,4
18,2012-02-03,1049772.04,0,37.62,3.633,137.0632581,8.075,825584.22,937522.77,977286.07,1100625.06,1055841.24,1205307.5,2012,2,5
18,2012-02-10,1161615.51,1,32.83,3.655,137.1666774,8.075,1049772.04,825584.22,890130.25,1079931.63,1122053.58,1187880.7,2012,2,6
18,2012-02-17,1115985.81,0,32.87,3.703,137.2583103,8.075,1161615.51,1049772.04,937522.77,1056992.18,1095058.57,1150663.42,2012,2,7
18,2012-02-24,1037861.11,0,36.34,3.751,137.3411034,8.075,1115985.81,1161615.51,825584.22,1624170.99,1005983.31,1068157.45,2012,2,8
18,2012-03-02,1047178.91,0,33.59,3.827,137.4238966,8.075,1037861.11,1115985.81,1049772.04,1188047.61,1063310.62,1179738.5,2012,3,9
18,2012-03-09,1084894.47,0,38.1,3.876,137.5066897,8.075,1047178.91,1037861.11,1161615.51,1368471.23,1002714.25,1138800.32,2012,3,10
18,2012-03-16,1022018.43,0,45.84,3.867,137.5843871,8.075,1084894.47,1047178.91,1115985.81,1516924.23,945889.59,1087507.47,2012,3,11
18,2012-03-23,1031139.3,0,58.06,3.889,137.6552903,8.075,1022018.43,1084894.47,1037861.11,1882393.4,944523.3,1092704.09,2012,3,12
18,2012-03-30,1009121.2,0,45.35,3.921,137.7261935,8.075,1031139.3,1022018.43,1047178.91,1010562.49,938083.17,1254107.84,2012,3,13
18,2012-04-06,1200815.3,0,43.8,3.957,137.7970968,8.304,1009121.2,1031139.3,1084894.47,977286.07,1018541.3,1174447.55,2012,4,14
18,2012-04-13,998443.5,0,47.75,4.025,137.868,8.304,1200815.3,1009121.2,1022018.43,890130.25,988157.72,1135577.62,2012,4,15
18,2012-04-20,1025813.8,0,60.88,4.046,137.9230667,8.304,998443.5,1200815.3,1031139.3,937522.77,1105860.06,1132433.55,2012,4,16
18,2012-04-27,961186.23,0,50.43,4.023,137.9781333,8.304,1025813.8,998443.5,1009121.2,825584.22,974114.39,1060446.16,2012,4,17
18,2012-05-04,1050027.89,0,49.66,3.991,138.0332,8.304,961186.23,1025813.8,1200815.3,1049772.04,1065427.37,1222255.47,2012,5,18
18,2012-05-11,1060433.1,0,57.44,3.947,138.0882667,8.304,1050027.89,961186.23,998443.5,1161615.51,993172.98,1092616.49,2012,5,19
18,2012-05-18,1047444.59,0,62.31,3.899,138.1065806,8.304,1060433.1,1050027.89,1025813.8,1115985.81,994610.43,1101621.36,2012,5,20
18,2012-05-25,1088446.58,0,65.48,3.85,138.1101935,8.304,1047444.59,1060433.1,961186.23,1037861.11,1065214.14,1256282.79,2012,5,21
18,2012-06-01,1118313.7,0,71.42,3.798,138.1138065,8.304,1088446.58,1047444.59,1050027.89,1047178.91,1178039.0,1271311.76,2012,6,22
18,2012-06-08,1110479.94,0,59.1,3.746,138.1174194,8.304,1118313.7,1088446.58,1060433.1,1084894.47,1044079.2,1173521.82,2012,6,23
18,2012-06-15,1057425.83,0,66.58,3.683,138.1295333,8.304,1110479.94,1118313.7,1047444.59,1022018.43,1045859.39,1183225.92,2012,6,24
18,2012-06-22,1080357.89,0,70.92,3.629,138.1629,8.304,1057425.83,1110479.94,1088446.58,1031139.3,1056478.65,1220983.17,2012,6,25
18,2012-06-29,1097006.3,0,70.17,3.577,138.1962667,8.304,1080357.89,1057425.83,1118313.7,1009121.2,1087051.26,1257928.35,2012,6,26
18,2012-07-06,1158247.31,0,76.08,3.538,138.2296333,8.535,1097006.3,1080357.89,1110479.94,1200815.3,1048802.62,1171391.41,2012,7,27
18,2012-07-13,1024784.92,0,75.09,3.561,138.263,8.535,1158247.31,1097006.3,1057425.83,998443.5,974916.13,1115514.61,2012,7,28
18,2012-07-20,1033543.56,0,77.43,3.61,138.2331935,8.535,1024784.92,1158247.31,1080357.89,1025813.8,991262.46,1032908.23,2012,7,29
18,2012-07-27,924506.26,0,72.97,3.701,138.2033871,8.535,1033543.56,1024784.92,1097006.3,961186.23,954148.64,1078557.62,2012,7,30
18,2012-08-03,1052066.58,0,72.67,3.698,138.1735806,8.535,924506.26,1033543.56,1158247.31,1050027.89,1002806.39,1166117.85,2012,8,31
18,2012-08-10,967304.07,0,75.7,3.772,138.1437742,8.535,1052066.58,924506.26,1024784.92,1060433.1,928470.83,1084722.78,2012,8,32
18,2012-08-17,1048134.24,0,73.25,3.84,138.1857097,8.535,967304.07,1052066.58,1033543.56,1047444.59,932679.79,1141860.67,2012,8,33
18,2012-08-24,1145840.91,0,68.52,3.874,138.2814516,8.535,1048134.24,967304.07,924506.26,1088446.58,1147906.46,1214302.76,2012,8,34
18,2012-08-31,1117097.23,0,70.09,3.884,138.3771935,8.535,1145840.91,1048134.24,1052066.58,1118313.7,540922.94,1187359.77,2012,8,35
18,2012-09-07,1083521.24,1,71.85,3.921,138.4729355,8.535,1117097.23,1145840.91,967304.07,1110479.94,951549.61,1011201.12,2012,9,36
18,2012-09-14,960476.1,0,64.45,3.988,138.5673,8.535,1083521.24,1117097.23,1048134.24,1057425.83,845715.37,997998.21,2012,9,37
18,2012-09-21,971386.65,0,60.23,4.056,138.6534,8.535,960476.1,1083521.24,1145840.91,1080357.89,853073.17,950862.92,2012,9,38
18,2012-09-28,1002856.2,0,58.24,4.018,138.7395,8.535,971386.65,960476.1,1117097.23,1097006.3,847348.08,948977.5,2012,9,39
18,2012-10-05,1092204.79,0,59.68,4.027,138.8256,8.243,1002856.2,971386.65,1083521.24,1158247.31,1019741.1,1107432.71,2012,10,40
18,2012-10-12,1074079.0,0,50.97,4.029,138.9117,8.243,1092204.79,1002856.2,960476.1,1024784.92,953533.95,1029618.1,2012,10,41
18,2012-10-19,1048706.75,0,51.96,4.0,138.8336129,8.243,1074079.0,1092204.79,971386.65,1033543.56,1048212.62,1052120.43,2012,10,42
18,2012-10-26,1127516.25,0,56.09,3.917,138.7281613,8.243,1048706.75,1074079.0,1002856.2,924506.26,1106642.63,1038576.54,2012,10,43
19,2011-02-04,1370562.11,0,21.02,3.4,133.1834194,7.771,1284185.49,1212967.84,1224175.99,1435379.25,1507637.17,1100625.06,2011,2,5
19,2011-02-11,1430851.11,1,21.79,3.416,133.260871,7.771,1370562.11,1284185.49,1181204.53,1490235.86,1536549.95,1079931.63,2011,2,6
19,2011-02-18,1457270.16,0,34.74,3.42,133.3701429,7.771,1430851.11,1370562.11,1212967.84,1377593.1,1515976.11,1056992.18,2011,2,7
19,2011-02-25,1296658.47,0,23.24,3.452,133.4921429,7.771,1457270.16,1430851.11,1284185.49,1993367.83,1373270.06,1624170.99,2011,2,8
19,2011-03-04,1433569.44,0,29.28,3.605,133.6141429,7.771,1296658.47,1457270.16,1370562.11,1615987.96,1495844.57,1188047.61,2011,3,9
19,2011-03-11,1351450.43,0,35.59,3.752,133.7361429,7.771,1433569.44,1296658.47,1430851.11,1799070.98,1467889.2,1368471.23,2011,3,10
19,2011-03-18,1257972.37,0,40.32,3.796,133.8492258,7.771,1351450.43,1433569.44,1457270.16,1911967.44,1332940.35,1516924.23,2011,3,11
19,2011-03-25,1266564.94,0,33.26,3.789,133.9587419,7.771,1257972.37,1351450.43,1296658.47,2678206.42,1427023.45,1882393.4,2011,3,12
19,2011-04-01,1305950.22,0,30.68,3.811,134.0682581,7.658,1266564.94,1257972.37,1433569.44,1275146.94,1642970.27,1010562.49,2011,4,13
19,2011-04-08,1419911.91,0,41.26,3.895,134.1777742,7.658,1305950.22,1266564.94,1351450.43,1224175.99,1489613.32,977286.07,2011,4,14
19,2011-04-15,1392093.04,0,48.67,3.981,134.2784667,7.658,1419911.91,1305950.22,1257972.37,1181204.53,1460354.67,890130.25,2011,4,15
19,2011-04-22,1514288.82,0,41.66,4.061,134.3571,7.658,1392093.04,1419911.91,1266564.94,1212967.84,1456793.33,937522.77,2011,4,16
19,2011-04-29,1297237.7,0,54.23,4.117,134.4357333,7.658,1514288.82,1392093.04,1305950.22,1284185.49,1405065.57,825584.22,2011,4,17
19,2011-05-06,1451953.95,0,50.43,4.192,134.5143667,7.658,1297237.7,1514288.82,1419911.91,1370562.11,1566219.77,1049772.04,2011,5,18
19,2011-05-13,1429143.06,0,54.2,4.211,134.593,7.658,1451953.95,1297237.7,1392093.04,1430851.11,1437319.45,1161615.51,2011,5,19
19,2011-05-20,1355234.3,0,52.8,4.202,134.6803871,7.658,1429143.06,1451953.95,1514288.82,1457270.16,1377716.17,1115985.81,2011,5,20
19,2011-05-27,1388553.11,0,63.2,4.134,134.7677742,7.658,1355234.3,1429143.06,1297237.7,1296658.47,1648882.62,1037861.11,2011,5,21
19,2011-06-03,1457345.75,0,66.01,4.069,134.8551613,7.658,1388553.11,1355234.3,1451953.95,1433569.44,1519013.49,1047178.91,2011,6,22
19,2011-06-10,1467473.63,0,68.26,4.025,134.9425484,7.658,1457345.75,1388553.11,1429143.06,1351450.43,1410683.94,1084894.47,2011,6,23
19,2011-06-17,1418973.62,0,64.02,3.989,135.0837333,7.658,1467473.63,1457345.75,1355234.3,1257972.37,1457314.39,1022018.43,2011,6,24
19,2011-06-24,1440785.7,0,68.4,3.964,135.2652667,7.658,1418973.62,1467473.63,1388553.11,1266564.94,1450407.32,1031139.3,2011,6,25
19,2011-07-01,1462731.93,0,67.64,3.916,135.4468,7.806,1440785.7,1418973.62,1457345.75,1305950.22,1549018.68,1009121.2,2011,7,26
19,2011-07-08,1465489.75,0,73.2,3.886,135.6283333,7.806,1462731.93,1440785.7,1467473.63,1419911.91,1577541.24,1200815.3,2011,7,27
19,2011-07-15,1391580.41,0,73.7,3.915,135.7837419,7.806,1465489.75,1462731.93,1418973.62,1392093.04,1412157.02,998443.5,2011,7,28
19,2011-07-22,1377119.45,0,79.37,3.972,135.8738387,7.806,1391580.41,1465489.75,1440785.7,1514288.82,1372043.71,1025813.8,2011,7,29
19,2011-07-29,1298775.8,0,74.86,4.004,135.9639355,7.806,1377119.45,1391580.41,1462731.93,1297237.7,1366395.96,961186.23,2011,7,30
19,2011-08-05,1408968.55,0,73.84,4.02,136.0540323,7.806,1298775.8,1377119.45,1465489.75,1451953.95,1492060.89,1050027.89,2011,8,31
19,2011-08-12,1360969.45,0,70.92,3.995,136.144129,7.806,1408968.55,1298775.8,1391580.41,1429143.06,1418027.08,1060433.1,2011,8,32
19,2011-08-19,1391792.69,0,71.14,3.942,136.183129,7.806,1360969.45,1408968.55,1377119.45,1355234.3,1419383.19,1047444.59,2011,8,33
19,2011-08-26,1547729.24,0,69.34,3.906,136.2136129,7.806,1391792.69,1360969.45,1298775.8,1388553.11,1557888.16,1088446.58,2011,8,34
19,2011-09-02,1609951.02,0,69.27,3.879,136.2440968,7.806,1547729.24,1391792.69,1408968.55,1457345.75,1623519.64,1118313.7,2011,9,35
19,2011-09-09,1566712.79,1,68.28,3.93,136.2745806,7.806,1609951.02,1547729.24,1360969.45,1467473.63,1591453.39,1110479.94,2011,9,36
19,2011-09-16,1365633.53,0,62.76,3.937,136.3145,7.806,1566712.79,1609951.02,1391792.69,1418973.62,1386789.31,1057425.83,2011,9,37
19,2011-09-23,1300375.76,0,61.32,3.899,136.367,7.806,1365633.53,1566712.79,1547729.24,1440785.7,1318343.58,1080357.89,2011,9,38
19,2011-09-30,1330757.22,0,64.99,3.858,136.4195,7.806,1300375.76,1365633.53,1609951.02,1462731.93,1379456.3,1097006.3,2011,9,39
19,2011-10-07,1461718.87,0,53.1,3.775,136.472,7.866,1330757.22,1300375.76,1566712.79,1465489.75,1428960.72,1158247.31,2011,10,40
19,2011-10-14,1318905.53,0,61.86,3.744,136.5150968,7.866,1461718.87,1330757.22,1365633.53,1391580.41,1369317.63,1024784.92,2011,10,41
19,2011-10-21,1374863.1,0,52.05,3.757,136.5017742,7.866,1318905.53,1461718.87,1300375.76,1377119.45,1357154.71,1033543.56,2011,10,42
19,2011-10-28,1396612.36,0,46.49,3.757,136.4884516,7.866,1374863.1,1318905.53,1330757.22,1298775.8,1404576.48,924506.26,2011,10,43
19,2011-11-04,1480289.64,0,44.97,3.738,136.475129,7.866,1396612.36,1374863.1,1461718.87,1408968.55,1435379.25,1052066.58,2011,11,44
19,2011-11-11,1502078.93,0,48.22,3.719,136.4618065,7.866,1480289.64,1396612.36,1318905.53,1360969.45,1490235.86,967304.07,2011,11,45
19,2011-11-18,1411835.57,0,48.21,3.717,136.4666667,7.866,1502078.93,1480289.64,1374863.1,1391792.69,1377593.1,1048134.24,2011,11,46
19,2011-11-25,1974646.78,1,42.75,3.689,136.4788,7.866,1411835.57,1502078.93,1396612.36,1547729.24,1993367.83,1145840.91,2011,11,47
19,2011-12-02,1484708.38,0,45.67,3.666,136.4909333,7.866,1974646.78,1411835.57,1480289.64,1609951.02,1615987.96,1117097.23,2011,12,48
19,2011-12-09,1713769.06,0,40.18,3.627,136.5030667,7.866,1484708.38,1974646.78,1502078.93,1566712.79,1799070.98,1083521.24,2011,12,49
19,2011-12-16,1852179.15,0,37.07,3.611,136.5335161,7.866,1713769.06,1484708.38,1411835.57,1365633.53,1911967.44,960476.1,2011,12,50
19,2011-12-23,2480159.47,0,36.09,3.587,136.5883871,7.866,1852179.15,1713769.06,1974646.78,1300375.76,2678206.42,971386.65,2011,12,51
19,2011-12-30,1405168.06,1,31.65,3.566,136.6432581,7.866,2480159.47,1852179.15,1484708.38,1330757.22,1275146.94,1002856.2,2011,12,52
19,2012-01-06,1266570.4,0,31.84,3.585,136.698129,7.943,1405168.06,2480159.47,1713769.06,1461718.87,1224175.99,1092204.79,2012,1,1
19,2012-01-13,1182198.7,0,37.08,3.666,136.753,7.943,1266570.4,1405168.06,1852179.15,1318905.53,1181204.53,1074079.0,2012,1,2
19,2012-01-20,1237104.73,0,23.44,3.705,136.8564194,7.943,1182198.7,1266570.4,2480159.47,1374863.1,1212967.84,1048706.75,2012,1,3
19,2012-01-27,1279623.26,0,32.41,3.737,136.9598387,7.943,1237104.73,1182198.7,1405168.06,1396612.36,1284185.49,1127516.25,2012,1,4
19,2012-02-03,1345311.65,0,36.22,3.796,137.0632581,7.943,1279623.26,1237104.73,1266570.4,1480289.64,1370562.11,1507637.17,2012,2,5
19,2012-02-10,1499496.67,1,32.61,3.826,137.1666774,7.943,1345311.65,1279623.26,1182198.7,1502078.93,1430851.11,1536549.95,2012,2,6
19,2012-02-17,1424720.27,0,30.95,3.874,137.2583103,7.943,1499496.67,1345311.65,1237104.73,1411835.57,1457270.16,1515976.11,2012,2,7
19,2012-02-24,1352470.09,0,33.91,3.917,137.3411034,7.943,1424720.27,1499496.67,1279623.26,1974646.78,1296658.47,1373270.06,2012,2,8
19,2012-03-02,1308977.05,0,34.83,3.983,137.4238966,7.943,1352470.09,1424720.27,1345311.65,1484708.38,1433569.44,1495844.57,2012,3,9
19,2012-03-09,1358816.46,0,38.15,4.021,137.5066897,7.943,1308977.05,1352470.09,1499496.67,1713769.06,1351450.43,1467889.2,2012,3,10
19,2012-03-16,1312849.1,0,48.2,4.021,137.5843871,7.943,1358816.46,1308977.05,1424720.27,1852179.15,1257972.37,1332940.35,2012,3,11
19,2012-03-23,1342254.55,0,56.72,4.054,137.6552903,7.943,1312849.1,1358816.46,1352470.09,2480159.47,1266564.94,1427023.45,2012,3,12
19,2012-03-30,1327139.35,0,43.47,4.098,137.7261935,7.943,1342254.55,1312849.1,1308977.05,1405168.06,1305950.22,1642970.27,2012,3,13
19,2012-04-06,1631737.68,0,40.23,4.143,137.7970968,8.15,1327139.35,1342254.55,1358816.46,1266570.4,1419911.91,1489613.32,2012,4,14
19,2012-04-13,1365098.46,0,44.42,4.187,137.868,8.15,1631737.68,1327139.35,1312849.1,1182198.7,1392093.04,1460354.67,2012,4,15
19,2012-04-20,1255087.26,0,55.2,4.17,137.9230667,8.15,1365098.46,1631737.68,1342254.55,1237104.73,1514288.82,1456793.33,2012,4,16
19,2012-04-27,1285897.24,0,42.45,4.163,137.9781333,8.15,1255087.26,1365098.46,1327139.35,1279623.26,1297237.7,1405065.57,2012,4,17
19,2012-05-04,1405007.44,0,50.76,4.124,138.0332,8.15,1285897.24,1255087.26,1631737.68,1345311.65,1451953.95,1566219.77,2012,5,18
19,2012-05-11,1442873.22,0,55.33,4.055,138.0882667,8.15,1405007.44,1285897.24,1365098.46,1499496.67,1429143.06,1437319.45,2012,5,19
19,2012-05-18,1366937.1,0,58.81,4.029,138.1065806,8.15,1442873.22,1405007.44,1255087.26,1424720.27,1355234.3,1377716.17,2012,5,20
19,2012-05-25,1485540.28,0,67.79,3.979,138.1101935,8.15,1366937.1,1442873.22,1285897.24,1352470.09,1388553.11,1648882.62,2012,5,21
19,2012-06-01,1450733.29,0,68.18,3.915,138.1138065,8.15,1485540.28,1366937.1,1405007.44,1308977.05,1457345.75,1519013.49,2012,6,22
19,2012-06-08,1390122.11,0,60.19,3.871,138.1174194,8.15,1450733.29,1485540.28,1442873.22,1358816.46,1467473.63,1410683.94,2012,6,23
19,2012-06-15,1440263.15,0,68.19,3.786,138.1295333,8.15,1390122.11,1450733.29,1366937.1,1312849.1,1418973.62,1457314.39,2012,6,24
19,2012-06-22,1468350.36,0,75.83,3.722,138.1629,8.15,1440263.15,1390122.11,1485540.28,1342254.55,1440785.7,1450407.32,2012,6,25
19,2012-06-29,1379652.65,0,69.92,3.667,138.1962667,8.15,1468350.36,1440263.15,1450733.29,1327139.35,1462731.93,1549018.68,2012,6,26
19,2012-07-06,1557120.44,0,76.07,3.646,138.2296333,8.193,1379652.65,1468350.36,1390122.11,1631737.68,1465489.75,1577541.24,2012,7,27
19,2012-07-13,1321741.35,0,73.17,3.689,138.263,8.193,1557120.44,1379652.65,1440263.15,1365098.46,1391580.41,1412157.02,2012,7,28
19,2012-07-20,1317672.92,0,76.17,3.732,138.2331935,8.193,1321741.35,1557120.44,1468350.36,1255087.26,1377119.45,1372043.71,2012,7,29
19,2012-07-27,1248915.43,0,74.43,3.82,138.2033871,8.193,1317672.92,1321741.35,1379652.65,1285897.24,1298775.8,1366395.96,2012,7,30
19,2012-08-03,1342123.78,0,73.41,3.819,138.1735806,8.193,1248915.43,1317672.92,1557120.44,1405007.44,1408968.55,1492060.89,2012,8,31
19,2012-08-10,1408907.89,0,74.45,3.863,138.1437742,8.193,1342123.78,1248915.43,1321741.35,1442873.22,1360969.45,1418027.08,2012,8,32
19,2012-08-17,1375101.26,0,69.83,3.963,138.1857097,8.193,1408907.89,1342123.78,1317672.92,1366937.1,1391792.69,1419383.19,2012,8,33
19,2012-08-24,1544653.37,0,66.66,3.997,138.2814516,8.193,1375101.26,1408907.89,1248915.43,1485540.28,1547729.24,1557888.16,2012,8,34
19,2012-08-31,1542719.87,0,71.85,4.026,138.3771935,8.193,1544653.37,1375101.26,1342123.78,1450733.29,1609951.02,1623519.64,2012,8,35
19,2012-09-07,1497073.82,1,72.2,4.076,138.4729355,8.193,1542719.87,1544653.37,1408907.89,1390122.11,1566712.79,1591453.39,2012,9,36
19,2012-09-14,1370653.41,0,65.08,4.088,138.5673,8.193,1497073.82,1542719.87,1375101.26,1440263.15,1365633.53,1386789.31,2012,9,37
19,2012-09-21,1338572.29,0,60.62,4.203,138.6534,8.193,1370653.41,1497073.82,1544653.37,1468350.36,1300375.76,1318343.58,2012,9,38
19,2012-09-28,1338299.02,0,56.81,4.158,138.7395,8.193,1338572.29,1370653.41,1542719.87,1379652.65,1330757.22,1379456.3,2012,9,39
19,2012-10-05,1408016.1,0,59.86,4.151,138.8256,7.992,1338299.02,1338572.29,1497073.82,1557120.44,1461718.87,1428960.72,2012,10,40
19,2012-10-12,1352809.5,0,48.29,4.186,138.9117,7.992,1408016.1,1338299.02,1370653.41,1321741.35,1318905.53,1369317.63,2012,10,41
19,2012-10-19,1321102.35,0,53.44,4.153,138.8336129,7.992,1352809.5,1408016.1,1338572.29,1317672.92,1374863.1,1357154.71,2012,10,42
19,2012-10-26,1322117.96,0,56.49,4.071,138.7281613,7.992,1321102.35,1352809.5,1338299.02,1248915.43,1396612.36,1404576.48,2012,10,43
20,2011-02-04,2351143.07,0,28.58,3.231,205.7329407,7.343,1761506.68,1781805.66,1843030.95,2184316.64,2401395.47,1480289.64,2011,2,5
20,2011-02-11,2211388.14,1,25.38,3.239,206.0763862,7.343,2351143.07,1761506.68,1884345.01,2187765.28,2109107.9,1502078.93,2011,2,6
20,2011-02-18,2258616.24,0,42.95,3.245,206.3694701,7.343,2211388.14,2351143.07,1781805.66,2105058.91,2161549.76,1411835.57,2011,2,7
20,2011-02-25,1938608.52,0,33.2,3.274,206.6424093,7.343,2258616.24,2211388.14,1761506.68,2811634.04,1898193.95,1974646.78,2011,2,8
20,2011-03-04,2143424.61,0,37.33,3.433,206.9153485,7.343,1938608.52,2258616.24,2351143.07,2416051.17,2119213.72,1484708.38,2011,3,9
20,2011-03-11,1990932.77,0,39.53,3.582,207.1882876,7.343,2143424.61,1938608.52,2211388.14,2752122.08,2010974.84,1713769.06,2011,3,10
20,2011-03-18,1931668.64,0,44.8,3.631,207.4283845,7.343,1990932.77,2143424.61,2258616.24,2819193.17,1951848.43,1852179.15,2011,3,11
20,2011-03-25,1824711.21,0,44.83,3.625,207.6553444,7.343,1931668.64,1990932.77,1938608.52,3766687.43,1894742.95,2480159.47,2011,3,12
20,2011-04-01,1927993.09,0,32.43,3.638,207.8823043,7.287,1824711.21,1931668.64,2143424.61,1799737.79,2405395.22,1405168.06,2011,4,13
20,2011-04-08,2027056.39,0,47.09,3.72,208.1092642,7.287,1927993.09,1824711.21,1990932.77,1843030.95,2007796.26,1266570.4,2011,4,14
20,2011-04-15,2057406.33,0,55.0,3.821,208.3172811,7.287,2027056.39,1927993.09,1931668.64,1884345.01,1985784.59,1182198.7,2011,4,15
20,2011-04-22,2313861.81,0,52.56,3.892,208.4779405,7.287,2057406.33,2027056.39,1824711.21,1781805.66,1878862.42,1237104.73,2011,4,16
20,2011-04-29,1881788.19,0,62.97,3.962,208.6386,7.287,2313861.81,2057406.33,1927993.09,1761506.68,1919053.21,1279623.26,2011,4,17
20,2011-05-06,2090838.44,0,53.41,4.046,208.7992595,7.287,1881788.19,2313861.81,2027056.39,2351143.07,2137202.38,1345311.65,2011,5,18
20,2011-05-13,2036748.53,0,62.26,4.066,208.9599189,7.287,2090838.44,1881788.19,2057406.33,2211388.14,2033211.62,1499496.67,2011,5,19
20,2011-05-20,1953416.06,0,59.01,4.062,208.7583165,7.287,2036748.53,2090838.44,2313861.81,2258616.24,1893736.9,1424720.27,2011,5,20
20,2011-05-27,1944433.17,0,69.12,3.985,208.556714,7.287,1953416.06,2036748.53,1881788.19,1938608.52,2065984.95,1352470.09,2011,5,21
20,2011-06-03,2182246.69,0,73.51,3.922,208.3551116,7.287,1944433.17,1953416.06,2090838.44,2143424.61,2203619.35,1308977.05,2011,6,22
20,2011-06-10,2135062.04,0,73.64,3.881,208.1535092,7.287,2182246.69,1944433.17,2036748.53,1990932.77,2100489.79,1358816.46,2011,6,23
20,2011-06-17,2065191.27,0,66.41,3.842,208.1265604,7.287,2135062.04,2182246.69,1953416.06,1931668.64,2091903.63,1312849.1,2011,6,24
20,2011-06-24,1950826.32,0,72.4,3.804,208.2306018,7.287,2065191.27,2135062.04,1944433.17,1824711.21,1973135.87,1342254.55,2011,6,25
20,2011-07-01,2053165.41,0,69.66,3.748,208.3346432,7.274,1950826.32,2065191.27,2182246.69,1927993.09,2143676.77,1327139.35,2011,7,26
20,2011-07-08,2123787.79,0,74.69,3.711,208.4386847,7.274,2053165.41,1950826.32,2135062.04,2027056.39,2107285.85,1631737.68,2011,7,27
20,2011-07-15,2039875.75,0,74.88,3.76,208.5309337,7.274,2123787.79,2053165.41,2065191.27,2057406.33,2031852.16,1365098.46,2011,7,28
20,2011-07-22,1950904.84,0,78.89,3.811,208.5937018,7.274,2039875.75,2123787.79,1950826.32,2313861.81,1900535.9,1255087.26,2011,7,29
20,2011-07-29,1858440.92,0,77.47,3.829,208.6564699,7.274,1950904.84,2039875.75,2053165.41,1881788.19,1955896.59,1285897.24,2011,7,30
20,2011-08-05,2189353.63,0,77.8,3.842,208.719238,7.274,1858440.92,1950904.84,2123787.79,2090838.44,1910177.38,1405007.44,2011,8,31
20,2011-08-12,2052246.4,0,73.52,3.812,208.7820061,7.274,2189353.63,1858440.92,2039875.75,2036748.53,2071022.45,1442873.22,2011,8,32
20,2011-08-19,1990017.93,0,71.25,3.747,208.8424359,7.274,2052246.4,2189353.63,1950904.84,1953416.06,1975374.56,1366937.1,2011,8,33
20,2011-08-26,1933577.2,0,70.15,3.704,208.902476,7.274,1990017.93,2052246.4,1858440.92,1944433.17,1946369.57,1485540.28,2011,8,34
20,2011-09-02,2141765.98,0,70.82,3.703,208.9625161,7.274,1933577.2,1990017.93,2189353.63,2182246.69,2121561.41,1450733.29,2011,9,35
20,2011-09-09,2050542.56,1,68.74,3.738,209.0225562,7.274,2141765.98,1933577.2,2052246.4,2135062.04,2014954.79,1390122.11,2011,9,36
20,2011-09-16,1979009.46,0,64.02,3.742,209.1893892,7.274,2050542.56,2141765.98,1990017.93,2065191.27,1948359.78,1440263.15,2011,9,37
20,2011-09-23,1888119.7,0,62.15,3.711,209.4986126,7.274,1979009.46,2050542.56,1933577.2,1950826.32,1789687.65,1468350.36,2011,9,38
20,2011-09-30,1945808.26,0,63.44,3.645,209.807836,7.274,1888119.7,1979009.46,2141765.98,2053165.41,1933719.21,1379652.65,2011,9,39
20,2011-10-07,2135982.79,0,52.42,3.583,210.1170595,7.082,1945808.26,1888119.7,2050542.56,2123787.79,2060389.27,1557120.44,2011,10,40
20,2011-10-14,2010107.68,0,62.54,3.541,210.4027602,7.082,2135982.79,1945808.26,1979009.46,2039875.75,1950676.39,1321741.35,2011,10,41
20,2011-10-21,2104241.9,0,53.69,3.57,210.5473252,7.082,2010107.68,2135982.79,1888119.7,1950904.84,1893955.27,1317672.92,2011,10,42
20,2011-10-28,2065421.52,0,49.36,3.569,210.6918901,7.082,2104241.9,2010107.68,1945808.26,1858440.92,1891816.0,1248915.43,2011,10,43
20,2011-11-04,2284106.6,0,43.88,3.551,210.8364551,7.082,2065421.52,2104241.9,2135982.79,2189353.63,2184316.64,1342123.78,2011,11,44
20,2011-11-11,2269975.85,0,47.27,3.53,210.9810201,7.082,2284106.6,2065421.52,2010107.68,2052246.4,2187765.28,1408907.89,2011,11,45
20,2011-11-18,2169933.82,0,49.3,3.53,211.1847207,7.082,2269975.85,2284106.6,2104241.9,1990017.93,2105058.91,1375101.26,2011,11,46
20,2011-11-25,2906233.25,1,46.38,3.492,211.4120757,7.082,2169933.82,2269975.85,2065421.52,1933577.2,2811634.04,1544653.37,2011,11,47
20,2011-12-02,2298776.83,0,46.32,3.452,211.6394306,7.082,2906233.25,2169933.82,2284106.6,2141765.98,2416051.17,1542719.87,2011,12,48
20,2011-12-09,2546123.78,0,41.64,3.415,211.8667856,7.082,2298776.83,2906233.25,2269975.85,2050542.56,2752122.08,1497073.82,2011,12,49
20,2011-12-16,2762816.65,0,37.16,3.413,212.0685039,7.082,2546123.78,2298776.83,2169933.82,1979009.46,2819193.17,1370653.41,2011,12,50
20,2011-12-23,3555371.03,0,40.19,3.389,212.2360401,7.082,2762816.65,2546123.78,2906233.25,1888119.7,3766687.43,1338572.29,2011,12,51
20,2011-12-30,2043245.0,1,36.35,3.389,212.4035763,7.082,3555371.03,2762816.65,2298776.83,1945808.26,1799737.79,1338299.02,2011,12,52
20,2012-01-06,1964701.94,0,33.42,3.422,212.5711125,6.961,2043245.0,3555371.03,2546123.78,2135982.79,1843030.95,1408016.1,2012,1,1
20,2012-01-13,1911510.64,0,37.79,3.513,212.7386486,6.961,1964701.94,2043245.0,2762816.65,2010107.68,1884345.01,1352809.5,2012,1,2
20,2012-01-20,1892775.94,0,27.65,3.533,212.8336399,6.961,1911510.64,1964701.94,3555371.03,2104241.9,1781805.66,1321102.35,2012,1,3
20,2012-01-27,1761016.51,0,37.19,3.567,212.9286312,6.961,1892775.94,1911510.64,2043245.0,2065421.52,1761506.68,1322117.96,2012,1,4
20,2012-02-03,2203523.2,0,39.93,3.617,213.0236225,6.961,1761016.51,1892775.94,1964701.94,2284106.6,2351143.07,2401395.47,2012,2,5
20,2012-02-10,2462978.28,1,33.47,3.64,213.1186138,6.961,2203523.2,1761016.51,1911510.64,2269975.85,2211388.14,2109107.9,2012,2,6
20,2012-02-17,2309025.16,0,31.11,3.695,213.2732106,6.961,2462978.28,2203523.2,1892775.94,2169933.82,2258616.24,2161549.76,2012,2,7
20,2012-02-24,2045837.55,0,39.79,3.739,213.4725116,6.961,2309025.16,2462978.28,1761016.51,2906233.25,1938608.52,1898193.95,2012,2,8
20,2012-03-02,2148822.76,0,39.98,3.816,213.6718127,6.961,2045837.55,2309025.16,2203523.2,2298776.83,2143424.61,2119213.72,2012,3,9
20,2012-03-09,2139265.4,0,41.14,3.848,213.8711137,6.961,2148822.76,2045837.55,2462978.28,2546123.78,1990932.77,2010974.84,2012,3,10
20,2012-03-16,2064991.71,0,53.73,3.862,214.0167132,6.961,2139265.4,2148822.76,2309025.16,2762816.65,1931668.64,1951848.43,2012,3,11
20,2012-03-23,1992436.96,0,66.11,3.9,214.0907105,6.961,2064991.71,2139265.4,2045837.55,3555371.03,1824711.21,1894742.95,2012,3,12
20,2012-03-30,2074721.74,0,51.52,3.953,214.1647079,6.961,1992436.96,2064991.71,2148822.76,2043245.0,1927993.09,2405395.22,2012,3,13
20,2012-04-06,2565259.92,0,50.06,3.996,214.2387053,7.139,2074721.74,1992436.96,2139265.4,1964701.94,2027056.39,2007796.26,2012,4,14
20,2012-04-13,2045396.06,0,45.68,4.044,214.3127027,7.139,2565259.92,2074721.74,2064991.71,1911510.64,2057406.33,1985784.59,2012,4,15
20,2012-04-20,1884427.84,0,60.11,4.027,214.3675045,7.139,2045396.06,2565259.92,1992436.96,1892775.94,2313861.81,1878862.42,2012,4,16
20,2012-04-27,1886503.93,0,47.64,4.004,214.4223063,7.139,1884427.84,2045396.06,2074721.74,1761016.51,1881788.19,1919053.21,2012,4,17
20,2012-05-04,2163510.89,0,62.74,3.951,214.4771081,7.139,1886503.93,1884427.84,2565259.92,2203523.2,2090838.44,2137202.38,2012,5,18
20,2012-05-11,2168097.11,0,63.19,3.889,214.5319099,7.139,2163510.89,1886503.93,2045396.06,2462978.28,2036748.53,2033211.62,2012,5,19
20,2012-05-18,2039222.26,0,60.99,3.848,214.5485571,7.139,2168097.11,2163510.89,1884427.84,2309025.16,1953416.06,1893736.9,2012,5,20
20,2012-05-25,2114989.0,0,70.04,3.798,214.5499425,7.139,2039222.26,2168097.11,1886503.93,2045837.55,1944433.17,2065984.95,2012,5,21
20,2012-06-01,2143126.59,0,73.67,3.742,214.5513278,7.139,2114989.0,2039222.26,2163510.89,2148822.76,2182246.69,2203619.35,2012,6,22
20,2012-06-08,2231962.13,0,62.01,3.689,214.5527132,7.139,2143126.59,2114989.0,2168097.11,2139265.4,2135062.04,2100489.79,2012,6,23
20,2012-06-15,2165160.29,0,71.51,3.62,214.5653243,7.139,2231962.13,2143126.59,2039222.26,2064991.71,2065191.27,2091903.63,2012,6,24
20,2012-06-22,2060588.69,0,76.51,3.564,214.606,7.139,2165160.29,2231962.13,2114989.0,1992436.96,1950826.32,1973135.87,2012,6,25
20,2012-06-29,2055952.61,0,74.15,3.506,214.6466757,7.139,2060588.69,2165160.29,2143126.59,2074721.74,2053165.41,2143676.77,2012,6,26
20,2012-07-06,2358055.3,0,79.2,3.475,214.6873514,7.28,2055952.61,2060588.69,2231962.13,2565259.92,2123787.79,2107285.85,2012,7,27
20,2012-07-13,2134680.12,0,78.27,3.523,214.728027,7.28,2358055.3,2055952.61,2165160.29,2045396.06,2039875.75,2031852.16,2012,7,28
20,2012-07-20,1970170.29,0,76.04,3.567,214.7331351,7.28,2134680.12,2358055.3,2060588.69,1884427.84,1950904.84,1900535.9,2012,7,29
20,2012-07-27,1911559.1,0,74.6,3.647,214.7382432,7.28,1970170.29,2134680.12,2055952.61,1886503.93,1858440.92,1955896.59,2012,7,30
20,2012-08-03,2094515.71,0,74.73,3.654,214.7433514,7.28,1911559.1,1970170.29,2358055.3,2163510.89,2189353.63,1910177.38,2012,8,31
20,2012-08-10,2144245.39,0,75.4,3.722,214.7484595,7.28,2094515.71,1911559.1,2134680.12,2168097.11,2052246.4,2071022.45,2012,8,32
20,2012-08-17,2045061.22,0,69.57,3.807,214.825578,7.28,2144245.39,2094515.71,1970170.29,2039222.26,1990017.93,1975374.56,2012,8,33
20,2012-08-24,2005341.43,0,68.27,3.834,214.9567044,7.28,2045061.22,2144245.39,1911559.1,2114989.0,1933577.2,1946369.57,2012,8,34
20,2012-08-31,2062481.56,0,72.66,3.867,215.0878309,7.28,2005341.43,2045061.22,2094515.71,2143126.59,2141765.98,2121561.41,2012,8,35
20,2012-09-07,2080529.06,1,76.36,3.911,215.2189573,7.28,2062481.56,2005341.43,2144245.39,2231962.13,2050542.56,2014954.79,2012,9,36
20,2012-09-14,2047949.98,0,64.84,3.948,215.3583757,7.28,2080529.06,2062481.56,2045061.22,2165160.29,1979009.46,1948359.78,2012,9,37
20,2012-09-21,2028587.24,0,60.94,4.038,215.5475459,7.28,2047949.98,2080529.06,2005341.43,2060588.69,1888119.7,1789687.65,2012,9,38
20,2012-09-28,2008350.58,0,58.65,3.997,215.7367162,7.28,2028587.24,2047949.98,2062481.56,2055952.61,1945808.26,1933719.21,2012,9,39
20,2012-10-05,2246411.89,0,60.77,3.985,215.9258865,7.293,2008350.58,2028587.24,2080529.06,2358055.3,2135982.79,2060389.27,2012,10,40
20,2012-10-12,2162951.36,0,47.2,4.0,216.1150568,7.293,2246411.89,2008350.58,2047949.98,2134680.12,2010107.68,1950676.39,2012,10,41
20,2012-10-19,1999363.49,0,56.26,3.969,216.1464699,7.293,2162951.36,2246411.89,2028587.24,1970170.29,2104241.9,1893955.27,2012,10,42
20,2012-10-26,2031650.55,0,60.04,3.882,216.1515902,7.293,1999363.49,2162951.36,2008350.58,1911559.1,2065421.52,1891816.0,2012,10,43
21,2011-02-04,596218.24,0,36.33,2.989,212.2240646,8.028,649878.29,663941.73,629152.06,719888.76,798593.88,2284106.6,2011,2,5
21,2011-02-11,771908.51,1,34.61,3.022,212.5928624,8.028,596218.24,649878.29,650789.13,735796.38,809321.44,2269975.85,2011,2,6
21,2011-02-18,884701.92,0,59.87,3.045,212.9033115,8.028,771908.51,596218.24,663941.73,756288.89,867283.25,2169933.82,2011,2,7
21,2011-02-25,768313.85,0,61.27,3.065,213.190421,8.028,884701.92,771908.51,649878.29,1245628.61,749597.24,2906233.25,2011,2,8
21,2011-03-04,796277.72,0,59.52,3.288,213.4775305,8.028,768313.85,884701.92,596218.24,829210.73,747444.32,2298776.83,2011,3,9
21,2011-03-11,763479.9,0,54.69,3.459,213.7646401,8.028,796277.72,768313.85,771908.51,943891.64,712312.89,2546123.78,2011,3,10
21,2011-03-18,793569.0,0,63.26,3.488,214.0156238,8.028,763479.9,796277.72,884701.92,1147556.83,727070.0,2762816.65,2011,3,11
21,2011-03-25,753711.32,0,70.33,3.473,214.2521573,8.028,793569.0,763479.9,768313.85,1587257.78,686497.53,3555371.03,2011,3,12
21,2011-04-01,732056.37,0,56.36,3.524,214.4886908,7.931,753711.32,793569.0,796277.72,672903.23,753664.12,2043245.0,2011,4,13
21,2011-04-08,744782.89,0,68.62,3.622,214.7252242,7.931,732056.37,753711.32,763479.9,629152.06,751181.4,1964701.94,2011,4,14
21,2011-04-15,768390.05,0,71.01,3.743,214.9420631,7.931,744782.89,732056.37,793569.0,650789.13,716026.51,1911510.64,2011,4,15
21,2011-04-22,801302.01,0,70.79,3.807,215.1096657,7.931,768390.05,744782.89,753711.32,663941.73,718780.59,1892775.94,2011,4,16
21,2011-04-29,783250.75,0,70.19,3.81,215.2772683,7.931,801302.01,768390.05,732056.37,649878.29,680532.69,1761016.51,2011,4,17
21,2011-05-06,718898.33,0,61.87,3.906,215.4448709,7.931,783250.75,801302.01,744782.89,596218.24,744969.42,2203523.2,2011,5,18
21,2011-05-13,754236.7,0,75.04,3.899,215.6124735,7.931,718898.33,783250.75,768390.05,771908.51,723559.88,2462978.28,2011,5,19
21,2011-05-20,744836.56,0,68.36,3.907,215.3834778,7.931,754236.7,718898.33,801302.01,884701.92,753361.72,2309025.16,2011,5,20
21,2011-05-27,744389.81,0,76.86,3.786,215.1544822,7.931,744836.56,754236.7,783250.75,768313.85,755214.26,2045837.55,2011,5,21
21,2011-06-03,773878.58,0,83.82,3.699,214.9254865,7.931,744389.81,744836.56,718898.33,796277.72,806012.48,2148822.76,2011,6,22
21,2011-06-10,794397.89,0,84.71,3.648,214.6964908,7.931,773878.58,744389.81,754236.7,763479.9,784305.55,2139265.4,2011,6,23
21,2011-06-17,823220.43,0,87.54,3.637,214.6513538,7.931,794397.89,773878.58,744836.56,793569.0,785104.29,2064991.71,2011,6,24
21,2011-06-24,771298.98,0,85.72,3.594,214.7441108,7.931,823220.43,794397.89,744389.81,753711.32,769848.75,1992436.96,2011,6,25
21,2011-07-01,784639.12,0,87.57,3.524,214.8368678,7.852,771298.98,823220.43,773878.58,732056.37,711470.8,2074721.74,2011,7,26
21,2011-07-08,734099.4,0,89.16,3.48,214.9296249,7.852,784639.12,771298.98,794397.89,744782.89,714677.47,2565259.92,2011,7,27
21,2011-07-15,728311.15,0,91.05,3.575,215.0134426,7.852,734099.4,784639.12,823220.43,768390.05,755098.41,2045396.06,2011,7,28
21,2011-07-22,784490.67,0,90.27,3.651,215.0749122,7.852,728311.15,734099.4,771298.98,801302.01,765823.48,1884427.84,2011,7,29
21,2011-07-29,751167.12,0,91.56,3.682,215.1363819,7.852,784490.67,728311.15,784639.12,783250.75,715876.27,1886503.93,2011,7,30
21,2011-08-05,783614.89,0,94.22,3.684,215.1978515,7.852,751167.12,784490.67,734099.4,718898.33,739279.19,2163510.89,2011,8,31
21,2011-08-12,776933.37,0,92.32,3.638,215.2593211,7.852,783614.89,751167.12,728311.15,754236.7,793589.18,2168097.11,2011,8,32
21,2011-08-19,855546.5,0,90.11,3.554,215.3229307,7.852,776933.37,783614.89,784490.67,744836.56,848873.28,2039222.26,2011,8,33
21,2011-08-26,821127.53,0,92.07,3.523,215.386897,7.852,855546.5,776933.37,751167.12,744389.81,855882.57,2114989.0,2011,8,34
21,2011-09-02,705557.8,0,91.94,3.533,215.4508632,7.852,821127.53,855546.5,783614.89,773878.58,727772.8,2143126.59,2011,9,35
21,2011-09-09,653989.65,1,78.87,3.546,215.5148295,7.852,705557.8,821127.53,776933.37,794397.89,674055.81,2231962.13,2011,9,36
21,2011-09-16,653525.84,0,80.62,3.526,215.6944378,7.852,653989.65,705557.8,855546.5,823220.43,684340.86,2165160.29,2011,9,37
21,2011-09-23,681913.29,0,75.68,3.467,216.0282356,7.852,653525.84,653989.65,821127.53,771298.98,671688.06,2060588.69,2011,9,38
21,2011-09-30,651970.48,0,78.91,3.355,216.3620333,7.852,681913.29,653525.84,705557.8,784639.12,677158.39,2055952.61,2011,9,39
21,2011-10-07,663452.46,0,71.64,3.285,216.6958311,7.441,651970.48,681913.29,653989.65,734099.4,680579.49,2358055.3,2011,10,40
21,2011-10-14,671379.44,0,69.79,3.274,217.0048261,7.441,663452.46,651970.48,653525.84,728311.15,693412.05,2134680.12,2011,10,41
21,2011-10-21,729036.06,0,65.16,3.353,217.1650042,7.441,671379.44,663452.46,681913.29,784490.67,710668.45,1970170.29,2011,10,42
21,2011-10-28,738812.0,0,65.46,3.372,217.3251824,7.441,729036.06,671379.44,651970.48,751167.12,731756.65,1911559.1,2011,10,43
21,2011-11-04,767358.37,0,56.01,3.332,217.4853605,7.441,738812.0,729036.06,663452.46,783614.89,719888.76,2094515.71,2011,11,44
21,2011-11-11,757369.87,0,59.8,3.297,217.6455387,7.441,767358.37,738812.0,671379.44,776933.37,735796.38,2144245.39,2011,11,45
21,2011-11-18,737014.09,0,61.9,3.308,217.8670218,7.441,757369.87,767358.37,729036.06,855546.5,756288.89,2045061.22,2011,11,46
21,2011-11-25,1219263.4,1,56.43,3.236,218.1130269,7.441,737014.09,757369.87,738812.0,821127.53,1245628.61,2005341.43,2011,11,47
21,2011-12-02,793184.25,0,48.72,3.172,218.3590319,7.441,1219263.4,737014.09,767358.37,705557.8,829210.73,2062481.56,2011,12,48
21,2011-12-09,897747.13,0,41.44,3.158,218.605037,7.441,793184.25,1219263.4,757369.87,653989.65,943891.64,2080529.06,2011,12,49
21,2011-12-16,1027584.51,0,50.56,3.159,218.8217928,7.441,897747.13,793184.25,737014.09,653525.84,1147556.83,2047949.98,2011,12,50
21,2011-12-23,1384552.17,0,46.54,3.112,218.9995495,7.441,1027584.51,897747.13,1219263.4,681913.29,1587257.78,2028587.24,2011,12,51
21,2011-12-30,804362.36,1,45.16,3.129,219.1773063,7.441,1384552.17,1027584.51,793184.25,651970.48,672903.23,2008350.58,2011,12,52
21,2012-01-06,640181.86,0,48.1,3.157,219.355063,7.057,804362.36,1384552.17,897747.13,663452.46,629152.06,2246411.89,2012,1,1
21,2012-01-13,631181.25,0,45.0,3.261,219.5328198,7.057,640181.86,804362.36,1027584.51,671379.44,650789.13,2162951.36,2012,1,2
21,2012-01-20,651178.2,0,52.21,3.268,219.6258417,7.057,631181.25,640181.86,1384552.17,729036.06,663941.73,1999363.49,2012,1,3
21,2012-01-27,611258.71,0,50.79,3.29,219.7188636,7.057,651178.2,631181.25,804362.36,738812.0,649878.29,2031650.55,2012,1,4
21,2012-02-03,680725.43,0,55.83,3.36,219.8118854,7.057,611258.71,651178.2,640181.86,767358.37,596218.24,798593.88,2012,2,5
21,2012-02-10,770652.79,1,46.52,3.409,219.9049073,7.057,680725.43,611258.71,631181.25,757369.87,771908.51,809321.44,2012,2,6
21,2012-02-17,834663.52,0,45.03,3.51,220.0651993,7.057,770652.79,680725.43,651178.2,737014.09,884701.92,867283.25,2012,2,7
21,2012-02-24,747099.07,0,54.81,3.555,220.275944,7.057,834663.52,770652.79,611258.71,1219263.4,768313.85,749597.24,2012,2,8
21,2012-03-02,764385.4,0,59.3,3.63,220.4866886,7.057,747099.07,834663.52,680725.43,793184.25,796277.72,747444.32,2012,3,9
21,2012-03-09,755084.4,0,57.16,3.669,220.6974332,7.057,764385.4,747099.07,770652.79,897747.13,763479.9,712312.89,2012,3,10
21,2012-03-16,767338.32,0,63.39,3.734,220.8498468,7.057,755084.4,764385.4,834663.52,1027584.51,793569.0,727070.0,2012,3,11
21,2012-03-23,729759.97,0,62.96,3.787,220.9244858,7.057,767338.32,755084.4,747099.07,1384552.17,753711.32,686497.53,2012,3,12
21,2012-03-30,724798.76,0,67.87,3.845,220.9991248,7.057,729759.97,767338.32,764385.4,804362.36,732056.37,753664.12,2012,3,13
21,2012-04-06,761956.58,0,69.02,3.891,221.0737638,6.891,724798.76,729759.97,755084.4,640181.86,744782.89,751181.4,2012,4,14
21,2012-04-13,769319.04,0,69.03,3.891,221.1484028,6.891,761956.58,724798.76,767338.32,631181.25,768390.05,716026.51,2012,4,15
21,2012-04-20,734858.91,0,66.97,3.877,221.2021074,6.891,769319.04,761956.58,729759.97,651178.2,801302.01,718780.59,2012,4,16
21,2012-04-27,674829.58,0,69.21,3.814,221.255812,6.891,734858.91,769319.04,724798.76,611258.71,783250.75,680532.69,2012,4,17
21,2012-05-04,697645.32,0,77.53,3.749,221.3095166,6.891,674829.58,734858.91,761956.58,680725.43,718898.33,744969.42,2012,5,18
21,2012-05-11,649945.54,0,74.14,3.688,221.3632212,6.891,697645.32,674829.58,769319.04,770652.79,754236.7,723559.88,2012,5,19
21,2012-05-18,700554.16,0,72.42,3.63,221.380331,6.891,649945.54,697645.32,734858.91,834663.52,744836.56,753361.72,2012,5,20
21,2012-05-25,722891.24,0,79.49,3.561,221.3828029,6.891,700554.16,649945.54,674829.58,747099.07,744389.81,755214.26,2012,5,21
21,2012-06-01,695439.83,0,79.24,3.501,221.3852748,6.891,722891.24,700554.16,697645.32,764385.4,773878.58,806012.48,2012,6,22
21,2012-06-08,707895.72,0,79.47,3.452,221.3877467,6.891,695439.83,722891.24,649945.54,755084.4,794397.89,784305.55,2012,6,23
21,2012-06-15,727049.04,0,81.51,3.393,221.4009901,6.891,707895.72,695439.83,700554.16,767338.32,823220.43,785104.29,2012,6,24
21,2012-06-22,735870.0,0,81.78,3.346,221.4411622,6.891,727049.04,707895.72,722891.24,729759.97,771298.98,769848.75,2012,6,25
21,2012-06-29,716341.39,0,88.05,3.286,221.4813343,6.891,735870.0,727049.04,695439.83,724798.76,784639.12,711470.8,2012,6,26
21,2012-07-06,693013.59,0,85.26,3.227,221.5215064,6.565,716341.39,735870.0,707895.72,761956.58,734099.4,714677.47,2012,7,27
21,2012-07-13,668132.36,0,82.51,3.256,221.5616784,6.565,693013.59,716341.39,727049.04,769319.04,728311.15,755098.41,2012,7,28
21,2012-07-20,691200.33,0,84.25,3.311,221.5701123,6.565,668132.36,693013.59,735870.0,734858.91,784490.67,765823.48,2012,7,29
21,2012-07-27,677789.14,0,88.09,3.407,221.5785461,6.565,691200.33,668132.36,716341.39,674829.58,751167.12,715876.27,2012,7,30
21,2012-08-03,693785.85,0,91.57,3.417,221.5869799,6.565,677789.14,691200.33,693013.59,697645.32,783614.89,739279.19,2012,8,31
21,2012-08-10,700272.01,0,89.57,3.494,221.5954138,6.565,693785.85,677789.14,668132.36,649945.54,776933.37,793589.18,2012,8,32
21,2012-08-17,751963.81,0,85.55,3.571,221.6751459,6.565,700272.01,693785.85,691200.33,700554.16,855546.5,848873.28,2012,8,33
21,2012-08-24,802003.61,0,77.72,3.62,221.8083518,6.565,751963.81,700272.01,677789.14,722891.24,821127.53,855882.57,2012,8,34
21,2012-08-31,763867.59,0,83.58,3.638,221.9415576,6.565,802003.61,751963.81,693785.85,695439.83,705557.8,727772.8,2012,8,35
21,2012-09-07,642827.29,1,88.4,3.73,222.0747635,6.565,763867.59,802003.61,700272.01,707895.72,653989.65,674055.81,2012,9,36
21,2012-09-14,628494.63,0,76.1,3.717,222.2174395,6.565,642827.29,763867.59,751963.81,727049.04,653525.84,684340.86,2012,9,37
21,2012-09-21,667151.46,0,71.54,3.721,222.4169362,6.565,628494.63,642827.29,802003.61,735870.0,681913.29,671688.06,2012,9,38
21,2012-09-28,647097.65,0,80.38,3.666,222.6164329,6.565,667151.46,628494.63,763867.59,716341.39,651970.48,677158.39,2012,9,39
21,2012-10-05,651768.91,0,70.28,3.617,222.8159296,6.17,647097.65,667151.46,642827.29,693013.59,663452.46,680579.49,2012,10,40
21,2012-10-12,653043.44,0,61.53,3.601,223.0154263,6.17,651768.91,647097.65,628494.63,668132.36,671379.44,693412.05,2012,10,41
21,2012-10-19,641368.14,0,68.52,3.594,223.0598077,6.17,653043.44,651768.91,667151.46,691200.33,729036.06,710668.45,2012,10,42
21,2012-10-26,675202.87,0,70.5,3.506,223.0783366,6.17,641368.14,653043.44,647097.65,677789.14,738812.0,731756.65,2012,10,43
22,2011-02-04,946060.98,0,26.39,3.24,137.0542431,8.458,799369.15,855001.02,873954.7,1006888.16,1033017.37,767358.37,2011,2,5
22,2011-02-11,1009206.33,1,28.89,3.255,137.1378318,8.458,946060.98,799369.15,807535.52,1043698.64,1022571.25,757369.87,2011,2,6
22,2011-02-18,975964.86,0,35.34,3.263,137.2511849,8.458,1009206.33,946060.98,855001.02,985896.44,988467.61,737014.09,2011,2,7
22,2011-02-25,911245.43,0,30.23,3.281,137.3764439,8.458,975964.86,1009206.33,799369.15,1564502.26,899761.48,1219263.4,2011,2,8
22,2011-03-04,997353.15,0,33.52,3.437,137.5017028,8.458,911245.43,975964.86,946060.98,1230514.58,1009201.24,793184.25,2011,3,9
22,2011-03-11,944587.23,0,41.42,3.6,137.6269617,8.458,997353.15,911245.43,1009206.33,1367202.84,967187.37,897747.13,2011,3,10
22,2011-03-18,926427.12,0,43.38,3.634,137.7398929,8.458,944587.23,997353.15,975964.86,1527682.99,966145.09,1027584.51,2011,3,11
22,2011-03-25,933528.39,0,38.77,3.624,137.8478929,8.458,926427.12,944587.23,911245.43,1962445.04,1012075.12,1384552.17,2011,3,12
22,2011-04-01,951588.37,0,36.04,3.638,137.9558929,8.252,933528.39,926427.12,997353.15,774262.28,1177340.99,804362.36,2011,4,13
22,2011-04-08,969046.69,0,44.42,3.72,138.0638929,8.252,951588.37,933528.39,944587.23,873954.7,1033171.07,640181.86,2011,4,14
22,2011-04-15,1008557.04,0,48.88,3.823,138.1646952,8.252,969046.69,951588.37,926427.12,807535.52,1000968.67,631181.25,2011,4,15
22,2011-04-22,1152781.9,0,47.76,3.919,138.2475036,8.252,1008557.04,969046.69,933528.39,855001.02,969594.47,651178.2,2011,4,16
22,2011-04-29,926133.8,0,57.2,3.988,138.3303119,8.252,1152781.9,1008557.04,951588.37,799369.15,977683.06,611258.71,2011,4,17
22,2011-05-06,1032076.06,0,53.63,4.078,138.4131202,8.252,926133.8,1152781.9,969046.69,946060.98,1052973.28,680725.43,2011,5,18
22,2011-05-13,1001558.74,0,57.71,4.095,138.4959286,8.252,1032076.06,926133.8,1008557.04,1009206.33,973585.33,770652.79,2011,5,19
22,2011-05-20,970307.83,0,58.56,4.101,138.587106,8.252,1001558.74,1032076.06,1152781.9,975964.86,979977.89,834663.52,2011,5,20
22,2011-05-27,1021568.34,0,62.59,4.034,138.6782834,8.252,970307.83,1001558.74,926133.8,911245.43,1103740.4,747099.07,2011,5,21
22,2011-06-03,1125169.92,0,70.09,3.973,138.7694608,8.252,1021568.34,970307.83,1032076.06,997353.15,1095539.13,764385.4,2011,6,22
22,2011-06-10,1060868.49,0,69.53,3.924,138.8606382,8.252,1125169.92,1021568.34,1001558.74,944587.23,1061196.47,755084.4,2011,6,23
22,2011-06-17,1042454.61,0,63.97,3.873,139.0028333,8.252,1060868.49,1125169.92,970307.83,926427.12,1052895.25,767338.32,2011,6,24
22,2011-06-24,1012584.2,0,68.53,3.851,139.1832917,8.252,1042454.61,1060868.49,1021568.34,933528.39,1095020.33,729759.97,2011,6,25
22,2011-07-01,1077491.68,0,70.8,3.815,139.36375,8.023,1012584.2,1042454.61,1125169.92,951588.37,1120259.71,724798.76,2011,7,26
22,2011-07-08,1017050.65,0,74.22,3.784,139.5442083,8.023,1077491.68,1012584.2,1060868.49,969046.69,1092654.26,761956.58,2011,7,27
22,2011-07-15,961953.57,0,75.2,3.827,139.7006325,8.023,1017050.65,1077491.68,1042454.61,1008557.04,988392.99,769319.04,2011,7,28
22,2011-07-22,964683.8,0,77.79,3.882,139.7969712,8.023,961953.57,1017050.65,1012584.2,1152781.9,974123.2,734858.91,2011,7,29
22,2011-07-29,944958.69,0,75.32,3.898,139.8933099,8.023,964683.8,961953.57,1077491.68,926133.8,970773.64,674829.58,2011,7,30
22,2011-08-05,983232.96,0,75.33,3.903,139.9896486,8.023,944958.69,964683.8,1017050.65,1032076.06,1010326.14,697645.32,2011,8,31
22,2011-08-12,991779.2,0,74.69,3.88,140.0859873,8.023,983232.96,944958.69,961953.57,1001558.74,993097.43,649945.54,2011,8,32
22,2011-08-19,973004.91,0,71.3,3.82,140.1289205,8.023,991779.2,983232.96,964683.8,970307.83,1017045.44,700554.16,2011,8,33
22,2011-08-26,1181815.31,0,72.22,3.796,140.1629528,8.023,973004.91,991779.2,944958.69,1021568.34,1081420.96,722891.24,2011,8,34
22,2011-09-02,912762.76,0,69.16,3.784,140.196985,8.023,1181815.31,973004.91,983232.96,1125169.92,1074535.88,695439.83,2011,9,35
22,2011-09-09,1004434.54,1,69.14,3.809,140.2310173,8.023,912762.76,1181815.31,991779.2,1060868.49,924174.4,707895.72,2011,9,36
22,2011-09-16,937420.65,0,68.08,3.809,140.2735,8.023,1004434.54,912762.76,973004.91,1042454.61,918285.97,727049.04,2011,9,37
22,2011-09-23,899834.75,0,62.36,3.758,140.32725,8.023,937420.65,1004434.54,1181815.31,1012584.2,902779.25,735870.0,2011,9,38
22,2011-09-30,953314.16,0,69.78,3.684,140.381,8.023,899834.75,937420.65,912762.76,1077491.68,905987.17,716341.39,2011,9,39
22,2011-10-07,993436.67,0,56.44,3.633,140.43475,7.706,953314.16,899834.75,1004434.54,1017050.65,1015051.62,693013.59,2011,10,40
22,2011-10-14,944337.32,0,62.63,3.583,140.4784194,7.706,993436.67,953314.16,937420.65,961953.57,954401.46,668132.36,2011,10,41
22,2011-10-21,981567.22,0,59.3,3.618,140.4616048,7.706,944337.32,993436.67,899834.75,964683.8,960998.52,691200.33,2011,10,42
22,2011-10-28,1099351.68,0,49.31,3.604,140.4447903,7.706,981567.22,944337.32,953314.16,944958.69,1025766.27,677789.14,2011,10,43
22,2011-11-04,1106575.59,0,42.81,3.586,140.4279758,7.706,1099351.68,981567.22,993436.67,983232.96,1006888.16,693785.85,2011,11,44
22,2011-11-11,1051740.29,0,47.8,3.57,140.4111613,7.706,1106575.59,1099351.68,944337.32,991779.2,1043698.64,700272.01,2011,11,45
22,2011-11-18,1007579.44,0,50.62,3.571,140.4127857,7.706,1051740.29,1106575.59,981567.22,973004.91,985896.44,751963.81,2011,11,46
22,2011-11-25,1535857.49,1,46.28,3.536,140.4217857,7.706,1007579.44,1051740.29,1099351.68,1181815.31,1564502.26,802003.61,2011,11,47
22,2011-12-02,1167621.14,0,49.11,3.501,140.4307857,7.706,1535857.49,1007579.44,1106575.59,912762.76,1230514.58,763867.59,2011,12,48
22,2011-12-09,1308967.44,0,45.35,3.47,140.4397857,7.706,1167621.14,1535857.49,1051740.29,1004434.54,1367202.84,642827.29,2011,12,49
22,2011-12-16,1453153.33,0,39.11,3.445,140.4700795,7.706,1308967.44,1167621.14,1007579.44,937420.65,1527682.99,628494.63,2011,12,50
22,2011-12-23,1863195.68,0,39.83,3.413,140.528765,7.706,1453153.33,1308967.44,1535857.49,899834.75,1962445.04,667151.46,2011,12,51
22,2011-12-30,982661.14,1,36.28,3.402,140.5874505,7.706,1863195.68,1453153.33,1167621.14,953314.16,774262.28,647097.65,2011,12,52
22,2012-01-06,895358.2,0,34.61,3.439,140.6461359,7.503,982661.14,1863195.68,1308967.44,993436.67,873954.7,651768.91,2012,1,1
22,2012-01-13,855437.57,0,39.0,3.523,140.7048214,7.503,895358.2,982661.14,1453153.33,944337.32,807535.52,653043.44,2012,1,2
22,2012-01-20,897027.44,0,29.16,3.542,140.8086118,7.503,855437.57,895358.2,1863195.68,981567.22,855001.02,641368.14,2012,1,3
22,2012-01-27,786459.23,0,35.68,3.568,140.9124021,7.503,897027.44,855437.57,982661.14,1099351.68,799369.15,675202.87,2012,1,4
22,2012-02-03,958487.75,0,40.58,3.633,141.0161924,7.503,786459.23,897027.44,895358.2,1106575.59,946060.98,1033017.37,2012,2,5
22,2012-02-10,1034448.07,1,35.68,3.655,141.1199827,7.503,958487.75,786459.23,855437.57,1051740.29,1009206.33,1022571.25,2012,2,6
22,2012-02-17,1004749.41,0,36.25,3.703,141.2140357,7.503,1034448.07,958487.75,897027.44,1007579.44,975964.86,988467.61,2012,2,7
22,2012-02-24,912958.95,0,39.0,3.751,141.3007857,7.503,1004749.41,1034448.07,786459.23,1535857.49,911245.43,899761.48,2012,2,8
22,2012-03-02,974866.65,0,37.47,3.827,141.3875357,7.503,912958.95,1004749.41,958487.75,1167621.14,997353.15,1009201.24,2012,3,9
22,2012-03-09,991127.01,0,41.72,3.876,141.4742857,7.503,974866.65,912958.95,1034448.07,1308967.44,944587.23,967187.37,2012,3,10
22,2012-03-16,966780.01,0,46.06,3.867,141.55478,7.503,991127.01,974866.65,1004749.41,1453153.33,926427.12,966145.09,2012,3,11
22,2012-03-23,992774.4,0,54.68,3.889,141.6269332,7.503,966780.01,991127.01,912958.95,1863195.68,933528.39,1012075.12,2012,3,12
22,2012-03-30,965769.93,0,46.4,3.921,141.6990864,7.503,992774.4,966780.01,974866.65,982661.14,951588.37,1177340.99,2012,3,13
22,2012-04-06,1197489.66,0,46.38,3.957,141.7712396,7.671,965769.93,992774.4,991127.01,895358.2,969046.69,1033171.07,2012,4,14
22,2012-04-13,939118.24,0,49.89,4.025,141.8433929,7.671,1197489.66,965769.93,966780.01,855437.57,1008557.04,1000968.67,2012,4,15
22,2012-04-20,1000342.87,0,58.81,4.046,141.9015262,7.671,939118.24,1197489.66,992774.4,897027.44,1152781.9,969594.47,2012,4,16
22,2012-04-27,922539.94,0,51.42,4.023,141.9596595,7.671,1000342.87,939118.24,965769.93,786459.23,926133.8,977683.06,2012,4,17
22,2012-05-04,1005083.31,0,50.75,3.991,142.0177929,7.671,922539.94,1000342.87,1197489.66,958487.75,1032076.06,1052973.28,2012,5,18
22,2012-05-11,997868.63,0,56.72,3.947,142.0759262,7.671,1005083.31,922539.94,939118.24,1034448.07,1001558.74,973585.33,2012,5,19
22,2012-05-18,986612.02,0,61.9,3.899,142.0970115,7.671,997868.63,1005083.31,1000342.87,1004749.41,970307.83,979977.89,2012,5,20
22,2012-05-25,1047297.38,0,62.39,3.85,142.1032776,7.671,986612.02,997868.63,922539.94,912958.95,1021568.34,1103740.4,2012,5,21
22,2012-06-01,1102857.37,0,70.01,3.798,142.1095438,7.671,1047297.38,986612.02,1005083.31,974866.65,1125169.92,1095539.13,2012,6,22
22,2012-06-08,1061134.37,0,61.71,3.746,142.1158099,7.671,1102857.37,1047297.38,997868.63,991127.01,1060868.49,1061196.47,2012,6,23
22,2012-06-15,1061219.19,0,66.56,3.683,142.1292548,7.671,1061134.37,1102857.37,986612.02,966780.01,1042454.61,1052895.25,2012,6,24
22,2012-06-22,1112449.3,0,70.61,3.629,142.1606464,7.671,1061219.19,1061134.37,1047297.38,992774.4,1012584.2,1095020.33,2012,6,25
22,2012-06-29,1053881.78,0,70.99,3.577,142.1920381,7.671,1112449.3,1061219.19,1102857.37,965769.93,1077491.68,1120259.71,2012,6,26
22,2012-07-06,1097786.14,0,77.41,3.538,142.2234298,7.753,1053881.78,1112449.3,1061134.37,1197489.66,1017050.65,1092654.26,2012,7,27
22,2012-07-13,971361.38,0,75.81,3.561,142.2548214,7.753,1097786.14,1053881.78,1061219.19,939118.24,961953.57,988392.99,2012,7,28
22,2012-07-20,991969.37,0,76.57,3.61,142.2337569,7.753,971361.38,1097786.14,1112449.3,1000342.87,964683.8,974123.2,2012,7,29
22,2012-07-27,925731.21,0,73.52,3.701,142.2126924,7.753,991969.37,971361.38,1053881.78,922539.94,944958.69,970773.64,2012,7,30
22,2012-08-03,1007257.83,0,72.99,3.698,142.1916279,7.753,925731.21,991969.37,1097786.14,1005083.31,983232.96,1010326.14,2012,8,31
22,2012-08-10,973812.79,0,76.74,3.772,142.1705634,7.753,1007257.83,925731.21,971361.38,997868.63,991779.2,993097.43,2012,8,32
22,2012-08-17,981273.26,0,74.92,3.84,142.2157385,7.753,973812.79,1007257.83,991969.37,986612.02,973004.91,1017045.44,2012,8,33
22,2012-08-24,1060906.75,0,70.42,3.874,142.3105933,7.753,981273.26,973812.79,925731.21,1047297.38,1181815.31,1081420.96,2012,8,34
22,2012-08-31,1022270.86,0,71.93,3.884,142.4054482,7.753,1060906.75,981273.26,1007257.83,1102857.37,912762.76,1074535.88,2012,8,35
22,2012-09-07,996628.8,1,73.3,3.921,142.500303,7.753,1022270.86,1060906.75,973812.79,1061134.37,1004434.54,924174.4,2012,9,36
22,2012-09-14,918049.28,0,66.42,3.988,142.5938833,7.753,996628.8,1022270.86,981273.26,1061219.19,937420.65,918285.97,2012,9,37
22,2012-09-21,921612.53,0,63.38,4.056,142.6798167,7.753,918049.28,996628.8,1060906.75,1112449.3,899834.75,902779.25,2012,9,38
22,2012-09-28,976479.51,0,62.17,4.018,142.76575,7.753,921612.53,918049.28,1022270.86,1053881.78,953314.16,905987.17,2012,9,39
22,2012-10-05,1009887.36,0,62.09,4.027,142.8516833,7.543,976479.51,921612.53,996628.8,1097786.14,993436.67,1015051.62,2012,10,40
22,2012-10-12,1004039.84,0,54.18,4.029,142.9376167,7.543,1009887.36,976479.51,918049.28,971361.38,944337.32,954401.46,2012,10,41
22,2012-10-19,978027.95,0,55.28,4.0,142.8633629,7.543,1004039.84,1009887.36,921612.53,991969.37,981567.22,960998.52,2012,10,42
22,2012-10-26,1094422.69,0,57.58,3.917,142.7624113,7.543,978027.95,1004039.84,976479.51,925731.21,1099351.68,1025766.27,2012,10,43
23,2011-02-04,1159438.53,0,14.5,3.24,133.1834194,5.114,1083657.61,1110706.06,1122034.48,1203119.96,1364721.58,1106575.59,2011,2,5
23,2011-02-11,1249786.4,1,21.52,3.255,133.260871,5.114,1159438.53,1083657.61,1016756.1,1387953.75,1380892.08,1051740.29,2011,2,6
23,2011-02-18,1369971.57,0,26.6,3.263,133.3701429,5.114,1249786.4,1159438.53,1110706.06,1314994.32,1319588.04,1007579.44,2011,2,7
23,2011-02-25,1206917.2,0,17.0,3.281,133.4921429,5.114,1369971.57,1249786.4,1083657.61,2072685.05,1198709.65,1535857.49,2011,2,8
23,2011-03-04,1301185.28,0,20.67,3.437,133.6141429,5.114,1206917.2,1369971.57,1159438.53,1617025.41,1311175.93,1167621.14,2011,3,9
23,2011-03-11,1042043.55,0,29.36,3.6,133.7361429,5.114,1301185.28,1206917.2,1249786.4,1872365.99,1408082.96,1308967.44,2011,3,10
23,2011-03-18,1203682.62,0,37.28,3.634,133.8492258,5.114,1042043.55,1301185.28,1369971.57,2238573.48,1229008.32,1453153.33,2011,3,11
23,2011-03-25,1148624.83,0,29.11,3.624,133.9587419,5.114,1203682.62,1042043.55,1206917.2,2734277.1,1310701.8,1863195.68,2011,3,12
23,2011-04-01,1182694.95,0,29.44,3.638,134.0682581,4.781,1148624.83,1203682.62,1301185.28,1169773.85,1556627.62,982661.14,2011,4,13
23,2011-04-08,1248901.98,0,36.74,3.72,134.1777742,4.781,1182694.95,1148624.83,1042043.55,1122034.48,1264434.7,895358.2,2011,4,14
23,2011-04-15,1263680.51,0,45.51,3.823,134.2784667,4.781,1248901.98,1182694.95,1203682.62,1016756.1,1288823.72,855437.57,2011,4,15
23,2011-04-22,1447301.24,0,39.62,3.919,134.3571,4.781,1263680.51,1248901.98,1148624.83,1110706.06,1315023.08,897027.44,2011,4,16
23,2011-04-29,1173307.4,0,54.2,3.988,134.4357333,4.781,1447301.24,1263680.51,1182694.95,1083657.61,1259414.52,786459.23,2011,4,17
23,2011-05-06,1359921.13,0,50.07,4.078,134.5143667,4.781,1173307.4,1447301.24,1248901.98,1159438.53,1365552.28,958487.75,2011,5,18
23,2011-05-13,1254914.87,0,55.12,4.095,134.593,4.781,1359921.13,1173307.4,1263680.51,1249786.4,1303055.09,1034448.07,2011,5,19
23,2011-05-20,1337617.55,0,56.67,4.101,134.6803871,4.781,1254914.87,1359921.13,1447301.24,1369971.57,1327424.28,1004749.41,2011,5,20
23,2011-05-27,1361945.18,0,63.27,4.034,134.7677742,4.781,1337617.55,1254914.87,1173307.4,1206917.2,1571158.56,912958.95,2011,5,21
23,2011-06-03,1562161.97,0,67.21,3.973,134.8551613,4.781,1361945.18,1337617.55,1359921.13,1301185.28,1514435.51,974866.65,2011,6,22
23,2011-06-10,1447028.06,0,65.23,3.924,134.9425484,4.781,1562161.97,1361945.18,1254914.87,1042043.55,1439432.06,991127.01,2011,6,23
23,2011-06-17,1470520.83,0,61.06,3.873,135.0837333,4.781,1447028.06,1562161.97,1337617.55,1203682.62,1507708.93,966780.01,2011,6,24
23,2011-06-24,1434036.18,0,63.8,3.851,135.2652667,4.781,1470520.83,1447028.06,1361945.18,1148624.83,1415204.88,992774.4,2011,6,25
23,2011-07-01,1492507.44,0,65.65,3.815,135.4468,4.584,1434036.18,1470520.83,1562161.97,1182694.95,1549113.18,965769.93,2011,7,26
23,2011-07-08,1379488.05,0,69.92,3.784,135.6283333,4.584,1492507.44,1434036.18,1447028.06,1248901.98,1417535.78,1197489.66,2011,7,27
23,2011-07-15,1360520.56,0,69.8,3.827,135.7837419,4.584,1379488.05,1492507.44,1470520.83,1263680.51,1413124.11,939118.24,2011,7,28
23,2011-07-22,1362144.0,0,76.74,3.882,135.8738387,4.584,1360520.56,1379488.05,1434036.18,1447301.24,1333634.45,1000342.87,2011,7,29
23,2011-07-29,1319767.55,0,69.55,3.898,135.9639355,4.584,1362144.0,1360520.56,1492507.44,1173307.4,1319773.55,922539.94,2011,7,30
23,2011-08-05,1416344.68,0,69.53,3.903,136.0540323,4.584,1319767.55,1362144.0,1379488.05,1359921.13,1417013.07,1005083.31,2011,8,31
23,2011-08-12,1380952.05,0,69.86,3.88,136.144129,4.584,1416344.68,1319767.55,1360520.56,1254914.87,1346345.97,997868.63,2011,8,32
23,2011-08-19,1453416.53,0,67.09,3.82,136.183129,4.584,1380952.05,1416344.68,1362144.0,1337617.55,1439901.05,986612.02,2011,8,33
23,2011-08-26,1637266.29,0,67.04,3.796,136.2136129,4.584,1453416.53,1380952.05,1319767.55,1361945.18,1584623.36,1047297.38,2011,8,34
23,2011-09-02,1464295.69,0,65.33,3.784,136.2440968,4.584,1637266.29,1453416.53,1416344.68,1562161.97,1405119.23,1102857.37,2011,9,35
23,2011-09-09,1423289.9,1,66.04,3.809,136.2745806,4.584,1464295.69,1637266.29,1380952.05,1447028.06,1272842.85,1061134.37,2011,9,36
23,2011-09-16,1253329.17,0,60.52,3.809,136.3145,4.584,1423289.9,1464295.69,1453416.53,1470520.83,1159132.58,1061219.19,2011,9,37
23,2011-09-23,1289082.81,0,57.14,3.758,136.367,4.584,1253329.17,1423289.9,1637266.29,1434036.18,1099055.65,1112449.3,2011,9,38
23,2011-09-30,1275597.85,0,64.76,3.684,136.4195,4.584,1289082.81,1253329.17,1464295.69,1492507.44,1129909.44,1053881.78,2011,9,39
23,2011-10-07,1463501.99,0,49.0,3.633,136.472,4.42,1275597.85,1289082.81,1423289.9,1379488.05,1179851.68,1097786.14,2011,10,40
23,2011-10-14,1257778.34,0,56.79,3.583,136.5150968,4.42,1463501.99,1275597.85,1253329.17,1360520.56,1119809.71,971361.38,2011,10,41
23,2011-10-21,1441032.59,0,52.12,3.618,136.5017742,4.42,1257778.34,1463501.99,1289082.81,1362144.0,1147503.92,991969.37,2011,10,42
23,2011-10-28,1407191.96,0,42.57,3.604,136.4884516,4.42,1441032.59,1257778.34,1275597.85,1319767.55,1112871.23,925731.21,2011,10,43
23,2011-11-04,1428436.33,0,39.18,3.586,136.475129,4.42,1407191.96,1441032.59,1463501.99,1416344.68,1203119.96,1007257.83,2011,11,44
23,2011-11-11,1436940.78,0,44.04,3.57,136.4618065,4.42,1428436.33,1407191.96,1257778.34,1380952.05,1387953.75,973812.79,2011,11,45
23,2011-11-18,1345631.96,0,45.48,3.571,136.4666667,4.42,1436940.78,1428436.33,1441032.59,1453416.53,1314994.32,981273.26,2011,11,46
23,2011-11-25,2057059.53,1,35.23,3.536,136.4788,4.42,1345631.96,1436940.78,1407191.96,1637266.29,2072685.05,1060906.75,2011,11,47
23,2011-12-02,1552886.59,0,43.6,3.501,136.4909333,4.42,2057059.53,1345631.96,1428436.33,1464295.69,1617025.41,1022270.86,2011,12,48
23,2011-12-09,1841173.6,0,36.4,3.47,136.5030667,4.42,1552886.59,2057059.53,1436940.78,1423289.9,1872365.99,996628.8,2011,12,49
23,2011-12-16,2173621.2,0,32.99,3.445,136.5335161,4.42,1841173.6,1552886.59,1345631.96,1253329.17,2238573.48,918049.28,2011,12,50
23,2011-12-23,2587953.32,0,27.8,3.413,136.5883871,4.42,2173621.2,1841173.6,2057059.53,1289082.81,2734277.1,921612.53,2011,12,51
23,2011-12-30,1213486.95,1,22.3,3.402,136.6432581,4.42,2587953.32,2173621.2,1552886.59,1275597.85,1169773.85,976479.51,2011,12,52
23,2012-01-06,1150662.55,0,24.29,3.439,136.698129,4.261,1213486.95,2587953.32,1841173.6,1463501.99,1122034.48,1009887.36,2012,1,1
23,2012-01-13,1031451.35,0,28.49,3.523,136.753,4.261,1150662.55,1213486.95,2173621.2,1257778.34,1016756.1,1004039.84,2012,1,2
23,2012-01-20,1146992.13,0,15.33,3.542,136.8564194,4.261,1031451.35,1150662.55,2587953.32,1441032.59,1110706.06,978027.95,2012,1,3
23,2012-01-27,1037476.38,0,25.71,3.568,136.9598387,4.261,1146992.13,1031451.35,1213486.95,1407191.96,1083657.61,1094422.69,2012,1,4
23,2012-02-03,1261872.67,0,29.71,3.633,137.0632581,4.261,1037476.38,1146992.13,1150662.55,1428436.33,1159438.53,1364721.58,2012,2,5
23,2012-02-10,1358444.07,1,26.6,3.655,137.1666774,4.261,1261872.67,1037476.38,1031451.35,1436940.78,1249786.4,1380892.08,2012,2,6
23,2012-02-17,1365546.69,0,27.01,3.703,137.2583103,4.261,1358444.07,1261872.67,1146992.13,1345631.96,1369971.57,1319588.04,2012,2,7
23,2012-02-24,1272948.27,0,31.12,3.751,137.3411034,4.261,1365546.69,1358444.07,1037476.38,2057059.53,1206917.2,1198709.65,2012,2,8
23,2012-03-02,1322852.2,0,25.91,3.827,137.4238966,4.261,1272948.27,1365546.69,1261872.67,1552886.59,1301185.28,1311175.93,2012,3,9
23,2012-03-09,1292724.9,0,33.11,3.876,137.5066897,4.261,1322852.2,1272948.27,1358444.07,1841173.6,1042043.55,1408082.96,2012,3,10
23,2012-03-16,1258364.31,0,41.19,3.867,137.5843871,4.261,1292724.9,1322852.2,1365546.69,2173621.2,1203682.62,1229008.32,2012,3,11
23,2012-03-23,1288154.1,0,57.82,3.889,137.6552903,4.261,1258364.31,1292724.9,1272948.27,2587953.32,1148624.83,1310701.8,2012,3,12
23,2012-03-30,1261964.96,0,36.71,3.921,137.7261935,4.261,1288154.1,1258364.31,1322852.2,1213486.95,1182694.95,1556627.62,2012,3,13
23,2012-04-06,1604605.69,0,37.43,3.957,137.7970968,4.125,1261964.96,1288154.1,1292724.9,1150662.55,1248901.98,1264434.7,2012,4,14
23,2012-04-13,1231752.54,0,41.81,4.025,137.868,4.125,1604605.69,1261964.96,1258364.31,1031451.35,1263680.51,1288823.72,2012,4,15
23,2012-04-20,1287899.41,0,56.55,4.046,137.9230667,4.125,1231752.54,1604605.69,1288154.1,1146992.13,1447301.24,1315023.08,2012,4,16
23,2012-04-27,1277758.76,0,44.62,4.023,137.9781333,4.125,1287899.41,1231752.54,1261964.96,1037476.38,1173307.4,1259414.52,2012,4,17
23,2012-05-04,1317379.68,0,45.88,3.991,138.0332,4.125,1277758.76,1287899.41,1604605.69,1261872.67,1359921.13,1365552.28,2012,5,18
23,2012-05-11,1321914.34,0,52.9,3.947,138.0882667,4.125,1317379.68,1277758.76,1231752.54,1358444.07,1254914.87,1303055.09,2012,5,19
23,2012-05-18,1332952.47,0,58.42,3.899,138.1065806,4.125,1321914.34,1317379.68,1287899.41,1365546.69,1337617.55,1327424.28,2012,5,20
23,2012-05-25,1552934.64,0,66.43,3.85,138.1101935,4.125,1332952.47,1321914.34,1277758.76,1272948.27,1361945.18,1571158.56,2012,5,21
23,2012-06-01,1476144.34,0,66.22,3.798,138.1138065,4.125,1552934.64,1332952.47,1317379.68,1322852.2,1562161.97,1514435.51,2012,6,22
23,2012-06-08,1568048.54,0,56.82,3.746,138.1174194,4.125,1476144.34,1552934.64,1321914.34,1292724.9,1447028.06,1439432.06,2012,6,23
23,2012-06-15,1543667.68,0,64.73,3.683,138.1295333,4.125,1568048.54,1476144.34,1332952.47,1258364.31,1470520.83,1507708.93,2012,6,24
23,2012-06-22,1522042.57,0,71.82,3.629,138.1629,4.125,1543667.68,1568048.54,1552934.64,1288154.1,1434036.18,1415204.88,2012,6,25
23,2012-06-29,1451782.16,0,64.23,3.577,138.1962667,4.125,1522042.57,1543667.68,1476144.34,1261964.96,1492507.44,1549113.18,2012,6,26
23,2012-07-06,1545370.16,0,70.86,3.538,138.2296333,4.156,1451782.16,1522042.57,1568048.54,1604605.69,1379488.05,1417535.78,2012,7,27
23,2012-07-13,1384921.63,0,69.19,3.561,138.263,4.156,1545370.16,1451782.16,1543667.68,1231752.54,1360520.56,1413124.11,2012,7,28
23,2012-07-20,1381339.23,0,71.13,3.61,138.2331935,4.156,1384921.63,1545370.16,1522042.57,1287899.41,1362144.0,1333634.45,2012,7,29
23,2012-07-27,1322932.36,0,69.31,3.701,138.2033871,4.156,1381339.23,1384921.63,1451782.16,1277758.76,1319767.55,1319773.55,2012,7,30
23,2012-08-03,1416926.31,0,71.51,3.698,138.1735806,4.156,1322932.36,1381339.23,1545370.16,1317379.68,1416344.68,1417013.07,2012,8,31
23,2012-08-10,1436311.76,0,71.12,3.772,138.1437742,4.156,1416926.31,1322932.36,1384921.63,1321914.34,1380952.05,1346345.97,2012,8,32
23,2012-08-17,1510131.45,0,69.97,3.84,138.1857097,4.156,1436311.76,1416926.31,1381339.23,1332952.47,1453416.53,1439901.05,2012,8,33
23,2012-08-24,1702220.96,0,64.63,3.874,138.2814516,4.156,1510131.45,1436311.76,1322932.36,1552934.64,1637266.29,1584623.36,2012,8,34
23,2012-08-31,1577468.78,0,68.34,3.884,138.3771935,4.156,1702220.96,1510131.45,1416926.31,1476144.34,1464295.69,1405119.23,2012,8,35
23,2012-09-07,1427162.26,1,66.74,3.921,138.4729355,4.156,1577468.78,1702220.96,1436311.76,1568048.54,1423289.9,1272842.85,2012,9,36
23,2012-09-14,1279041.64,0,61.37,3.988,138.5673,4.156,1427162.26,1577468.78,1510131.45,1543667.68,1253329.17,1159132.58,2012,9,37
23,2012-09-21,1338627.55,0,56.8,4.056,138.6534,4.156,1279041.64,1427162.26,1702220.96,1522042.57,1289082.81,1099055.65,2012,9,38
23,2012-09-28,1319035.06,0,53.71,4.018,138.7395,4.156,1338627.55,1279041.64,1577468.78,1451782.16,1275597.85,1129909.44,2012,9,39
23,2012-10-05,1464616.59,0,56.65,4.027,138.8256,4.145,1319035.06,1338627.55,1427162.26,1545370.16,1463501.99,1179851.68,2012,10,40
23,2012-10-12,1412925.25,0,48.1,4.029,138.9117,4.145,1464616.59,1319035.06,1279041.64,1384921.63,1257778.34,1119809.71,2012,10,41
23,2012-10-19,1363155.77,0,47.89,4.0,138.8336129,4.145,1412925.25,1464616.59,1338627.55,1381339.23,1441032.59,1147503.92,2012,10,42
23,2012-10-26,1347454.59,0,50.56,3.917,138.7281613,4.145,1363155.77,1412925.25,1319035.06,1322932.36,1407191.96,1112871.23,2012,10,43
24,2011-02-04,1225182.04,0,23.83,3.4,133.1834194,8.252,1126921.34,1107170.39,1178641.71,1285358.01,1388725.63,1428436.33,2011,2,5
24,2011-02-11,1341240.62,1,26.51,3.416,133.260871,8.252,1225182.04,1126921.34,1167740.2,1312877.01,1414107.1,1436940.78,2011,2,6
24,2011-02-18,1360150.12,0,34.04,3.42,133.3701429,8.252,1341240.62,1225182.04,1107170.39,1277150.6,1385362.49,1345631.96,2011,2,7
24,2011-02-25,1235121.33,0,26.09,3.452,133.4921429,8.252,1360150.12,1341240.62,1126921.34,1779276.51,1158722.74,2057059.53,2011,2,8
24,2011-03-04,1346994.53,0,31.36,3.605,133.6141429,8.252,1235121.33,1360150.12,1225182.04,1413302.7,1412387.37,1552886.59,2011,3,9
24,2011-03-11,1253218.7,0,39.51,3.752,133.7361429,8.252,1346994.53,1235121.33,1341240.62,1593012.75,1309340.16,1841173.6,2011,3,10
24,2011-03-18,1168397.26,0,43.39,3.796,133.8492258,8.252,1253218.7,1346994.53,1360150.12,1663525.77,1222511.29,2173621.2,2011,3,11
24,2011-03-25,1158693.12,0,36.88,3.789,133.9587419,8.252,1168397.26,1253218.7,1235121.33,2386015.75,1258311.56,2587953.32,2011,3,12
24,2011-04-01,1163803.3,0,35.73,3.811,134.0682581,8.212,1158693.12,1168397.26,1346994.53,1208600.05,1478321.26,1213486.95,2011,4,13
24,2011-04-08,1273670.32,0,44.7,3.895,134.1777742,8.212,1163803.3,1158693.12,1253218.7,1178641.71,1379579.63,1150662.55,2011,4,14
24,2011-04-15,1245576.65,0,52.36,3.981,134.2784667,8.212,1273670.32,1163803.3,1168397.26,1167740.2,1268266.72,1031451.35,2011,4,15
24,2011-04-22,1372484.9,0,46.0,4.061,134.3571,8.212,1245576.65,1273670.32,1158693.12,1107170.39,1264117.01,1146992.13,2011,4,16
24,2011-04-29,1197761.17,0,60.48,4.117,134.4357333,8.212,1372484.9,1245576.65,1163803.3,1126921.34,1259877.19,1037476.38,2011,4,17
24,2011-05-06,1339630.35,0,55.75,4.192,134.5143667,8.212,1197761.17,1372484.9,1273670.32,1225182.04,1409705.03,1261872.67,2011,5,18
24,2011-05-13,1311950.16,0,58.49,4.211,134.593,8.212,1339630.35,1197761.17,1245576.65,1341240.62,1346783.35,1358444.07,2011,5,19
24,2011-05-20,1234281.7,0,59.84,4.202,134.6803871,8.212,1311950.16,1339630.35,1372484.9,1360150.12,1283482.85,1365546.69,2011,5,20
24,2011-05-27,1311153.72,0,65.74,4.134,134.7677742,8.212,1234281.7,1311950.16,1197761.17,1235121.33,1473868.15,1272948.27,2011,5,21
24,2011-06-03,1554837.62,0,73.12,4.069,134.8551613,8.212,1311153.72,1234281.7,1339630.35,1346994.53,1566668.91,1322852.2,2011,6,22
24,2011-06-10,1373841.91,0,70.02,4.025,134.9425484,8.212,1554837.62,1311153.72,1311950.16,1253218.7,1375458.21,1292724.9,2011,6,23
24,2011-06-17,1320359.23,0,64.34,3.989,135.0837333,8.212,1373841.91,1554837.62,1234281.7,1168397.26,1354168.18,1258364.31,2011,6,24
24,2011-06-24,1304850.67,0,68.88,3.964,135.2652667,8.212,1320359.23,1373841.91,1311153.72,1158693.12,1399073.75,1288154.1,2011,6,25
24,2011-07-01,1445596.61,0,70.27,3.916,135.4468,8.358,1304850.67,1320359.23,1554837.62,1163803.3,1563387.94,1261964.96,2011,7,26
24,2011-07-08,1567340.07,0,72.56,3.886,135.6283333,8.358,1445596.61,1304850.67,1373841.91,1273670.32,1665502.55,1604605.69,2011,7,27
24,2011-07-15,1356938.95,0,74.43,3.915,135.7837419,8.358,1567340.07,1445596.61,1320359.23,1245576.65,1418697.05,1231752.54,2011,7,28
24,2011-07-22,1357672.24,0,79.29,3.972,135.8738387,8.358,1356938.95,1567340.07,1304850.67,1372484.9,1333740.35,1287899.41,2011,7,29
24,2011-07-29,1310973.06,0,74.84,4.004,135.9639355,8.358,1357672.24,1356938.95,1445596.61,1197761.17,1387517.63,1277758.76,2011,7,30
24,2011-08-05,1417616.81,0,74.64,4.02,136.0540323,8.358,1310973.06,1357672.24,1567340.07,1339630.35,1442819.28,1317379.68,2011,8,31
24,2011-08-12,1402818.01,0,72.52,3.995,136.144129,8.358,1417616.81,1310973.06,1356938.95,1311950.16,1384243.75,1321914.34,2011,8,32
24,2011-08-19,1352039.88,0,69.93,3.942,136.183129,8.358,1402818.01,1417616.81,1357672.24,1234281.7,1375307.54,1332952.47,2011,8,33
24,2011-08-26,1402372.09,0,69.94,3.906,136.2136129,8.358,1352039.88,1402818.01,1310973.06,1311153.72,1350059.35,1552934.64,2011,8,34
24,2011-09-02,1196105.44,0,68.14,3.879,136.2440968,8.358,1402372.09,1352039.88,1417616.81,1554837.62,1366381.6,1476144.34,2011,9,35
24,2011-09-09,1527455.19,1,68.32,3.93,136.2745806,8.358,1196105.44,1402372.09,1402818.01,1373841.91,1474498.59,1568048.54,2011,9,36
24,2011-09-16,1227535.97,0,65.56,3.937,136.3145,8.358,1527455.19,1196105.44,1352039.88,1320359.23,1273295.46,1543667.68,2011,9,37
24,2011-09-23,1232376.49,0,60.61,3.899,136.367,8.358,1227535.97,1527455.19,1402372.09,1304850.67,1169413.27,1522042.57,2011,9,38
24,2011-09-30,1246242.61,0,68.0,3.858,136.4195,8.358,1232376.49,1227535.97,1196105.44,1445596.61,1215273.2,1451782.16,2011,9,39
24,2011-10-07,1405914.39,0,53.87,3.775,136.472,8.454,1246242.61,1232376.49,1527455.19,1567340.07,1361944.94,1545370.16,2011,10,40
24,2011-10-14,1333315.03,0,60.21,3.744,136.5150968,8.454,1405914.39,1246242.61,1227535.97,1356938.95,1300806.74,1384921.63,2011,10,41
24,2011-10-21,1283563.43,0,56.6,3.757,136.5017742,8.454,1333315.03,1405914.39,1232376.49,1357672.24,1234875.33,1381339.23,2011,10,42
24,2011-10-28,1307142.75,0,48.0,3.757,136.4884516,8.454,1283563.43,1333315.03,1246242.61,1310973.06,1244925.94,1322932.36,2011,10,43
24,2011-11-04,1385860.38,0,39.87,3.738,136.475129,8.454,1307142.75,1283563.43,1405914.39,1417616.81,1285358.01,1416926.31,2011,11,44
24,2011-11-11,1425078.59,0,46.78,3.719,136.4618065,8.454,1385860.38,1307142.75,1333315.03,1402818.01,1312877.01,1436311.76,2011,11,45
24,2011-11-18,1297535.69,0,48.17,3.717,136.4666667,8.454,1425078.59,1385860.38,1283563.43,1352039.88,1277150.6,1510131.45,2011,11,46
24,2011-11-25,1761235.67,1,41.83,3.689,136.4788,8.454,1297535.69,1425078.59,1307142.75,1402372.09,1779276.51,1702220.96,2011,11,47
24,2011-12-02,1335647.1,0,47.21,3.666,136.4909333,8.454,1761235.67,1297535.69,1385860.38,1196105.44,1413302.7,1577468.78,2011,12,48
24,2011-12-09,1529615.54,0,42.3,3.627,136.5030667,8.454,1335647.1,1761235.67,1425078.59,1527455.19,1593012.75,1427162.26,2011,12,49
24,2011-12-16,1624994.43,0,36.0,3.611,136.5335161,8.454,1529615.54,1335647.1,1297535.69,1227535.97,1663525.77,1279041.64,2011,12,50
24,2011-12-23,2168344.23,0,36.93,3.587,136.5883871,8.454,1624994.43,1529615.54,1761235.67,1232376.49,2386015.75,1338627.55,2011,12,51
24,2011-12-30,1363973.16,1,33.45,3.566,136.6432581,8.454,2168344.23,1624994.43,1335647.1,1246242.61,1208600.05,1319035.06,2011,12,52
24,2012-01-06,1251581.89,0,32.86,3.585,136.698129,8.659,1363973.16,2168344.23,1529615.54,1405914.39,1178641.71,1464616.59,2012,1,1
24,2012-01-13,1155594.2,0,36.5,3.666,136.753,8.659,1251581.89,1363973.16,1624994.43,1333315.03,1167740.2,1412925.25,2012,1,2
24,2012-01-20,1151993.85,0,25.73,3.705,136.8564194,8.659,1155594.2,1251581.89,2168344.23,1283563.43,1107170.39,1363155.77,2012,1,3
24,2012-01-27,1057290.41,0,31.92,3.737,136.9598387,8.659,1151993.85,1155594.2,1363973.16,1307142.75,1126921.34,1347454.59,2012,1,4
24,2012-02-03,1249696.97,0,38.61,3.796,137.0632581,8.659,1057290.41,1151993.85,1251581.89,1385860.38,1225182.04,1388725.63,2012,2,5
24,2012-02-10,1403460.87,1,33.82,3.826,137.1666774,8.659,1249696.97,1057290.41,1155594.2,1425078.59,1341240.62,1414107.1,2012,2,6
24,2012-02-17,1326370.08,0,33.92,3.874,137.2583103,8.659,1403460.87,1249696.97,1151993.85,1297535.69,1360150.12,1385362.49,2012,2,7
24,2012-02-24,1303233.15,0,37.35,3.917,137.3411034,8.659,1326370.08,1403460.87,1057290.41,1761235.67,1235121.33,1158722.74,2012,2,8
24,2012-03-02,1213994.39,0,35.36,3.983,137.4238966,8.659,1303233.15,1326370.08,1249696.97,1335647.1,1346994.53,1412387.37,2012,3,9
24,2012-03-09,1325835.7,0,41.5,4.021,137.5066897,8.659,1213994.39,1303233.15,1403460.87,1529615.54,1253218.7,1309340.16,2012,3,10
24,2012-03-16,1239299.12,0,48.68,4.021,137.5843871,8.659,1325835.7,1213994.39,1326370.08,1624994.43,1168397.26,1222511.29,2012,3,11
24,2012-03-23,1221723.94,0,59.51,4.054,137.6552903,8.659,1239299.12,1325835.7,1303233.15,2168344.23,1158693.12,1258311.56,2012,3,12
24,2012-03-30,1230106.13,0,47.28,4.098,137.7261935,8.659,1221723.94,1239299.12,1213994.39,1363973.16,1163803.3,1478321.26,2012,3,13
24,2012-04-06,1524734.29,0,45.25,4.143,137.7970968,8.983,1230106.13,1221723.94,1325835.7,1251581.89,1273670.32,1379579.63,2012,4,14
24,2012-04-13,1285783.87,0,48.65,4.187,137.868,8.983,1524734.29,1230106.13,1239299.12,1155594.2,1245576.65,1268266.72,2012,4,15
24,2012-04-20,1208654.4,0,61.05,4.17,137.9230667,8.983,1285783.87,1524734.29,1221723.94,1151993.85,1372484.9,1264117.01,2012,4,16
24,2012-04-27,1194334.65,0,49.26,4.163,137.9781333,8.983,1208654.4,1285783.87,1230106.13,1057290.41,1197761.17,1259877.19,2012,4,17
24,2012-05-04,1306551.71,0,52.14,4.124,138.0332,8.983,1194334.65,1208654.4,1524734.29,1249696.97,1339630.35,1409705.03,2012,5,18
24,2012-05-11,1355391.79,0,58.7,4.055,138.0882667,8.983,1306551.71,1194334.65,1285783.87,1403460.87,1311950.16,1346783.35,2012,5,19
24,2012-05-18,1298809.8,0,63.1,4.029,138.1065806,8.983,1355391.79,1306551.71,1208654.4,1326370.08,1234281.7,1283482.85,2012,5,20
24,2012-05-25,1407897.57,0,65.79,3.979,138.1101935,8.983,1298809.8,1355391.79,1194334.65,1303233.15,1311153.72,1473868.15,2012,5,21
24,2012-06-01,1467722.19,0,71.79,3.915,138.1138065,8.983,1407897.57,1298809.8,1306551.71,1213994.39,1554837.62,1566668.91,2012,6,22
24,2012-06-08,1406313.13,0,59.93,3.871,138.1174194,8.983,1467722.19,1407897.57,1355391.79,1325835.7,1373841.91,1375458.21,2012,6,23
24,2012-06-15,1364445.98,0,68.28,3.786,138.1295333,8.983,1406313.13,1467722.19,1298809.8,1239299.12,1320359.23,1354168.18,2012,6,24
24,2012-06-22,1434709.63,0,72.29,3.722,138.1629,8.983,1364445.98,1406313.13,1407897.57,1221723.94,1304850.67,1399073.75,2012,6,25
24,2012-06-29,1428869.9,0,70.4,3.667,138.1962667,8.983,1434709.63,1364445.98,1467722.19,1230106.13,1445596.61,1563387.94,2012,6,26
24,2012-07-06,1645097.75,0,77.18,3.646,138.2296333,8.953,1428869.9,1434709.63,1406313.13,1524734.29,1567340.07,1665502.55,2012,7,27
24,2012-07-13,1405475.78,0,75.36,3.689,138.263,8.953,1645097.75,1428869.9,1364445.98,1285783.87,1356938.95,1418697.05,2012,7,28
24,2012-07-20,1394299.0,0,76.42,3.732,138.2331935,8.953,1405475.78,1645097.75,1434709.63,1208654.4,1357672.24,1333740.35,2012,7,29
24,2012-07-27,1307339.14,0,73.62,3.82,138.2033871,8.953,1394299.0,1405475.78,1428869.9,1194334.65,1310973.06,1387517.63,2012,7,30
24,2012-08-03,1440374.13,0,73.26,3.819,138.1735806,8.953,1307339.14,1394299.0,1645097.75,1306551.71,1417616.81,1442819.28,2012,8,31
24,2012-08-10,1497054.81,0,75.53,3.863,138.1437742,8.953,1440374.13,1307339.14,1405475.78,1355391.79,1402818.01,1384243.75,2012,8,32
24,2012-08-17,1397970.54,0,72.87,3.963,138.1857097,8.953,1497054.81,1440374.13,1394299.0,1298809.8,1352039.88,1375307.54,2012,8,33
24,2012-08-24,1303726.54,0,68.13,3.997,138.2814516,8.953,1397970.54,1497054.81,1307339.14,1407897.57,1402372.09,1350059.35,2012,8,34
24,2012-08-31,1344558.92,0,71.18,4.026,138.3771935,8.953,1303726.54,1397970.54,1440374.13,1467722.19,1196105.44,1366381.6,2012,8,35
24,2012-09-07,1477134.75,1,72.81,4.076,138.4729355,8.953,1344558.92,1303726.54,1497054.81,1406313.13,1527455.19,1474498.59,2012,9,36
24,2012-09-14,1242909.53,0,64.28,4.088,138.5673,8.953,1477134.75,1344558.92,1397970.54,1364445.98,1227535.97,1273295.46,2012,9,37
24,2012-09-21,1261158.47,0,61.25,4.203,138.6534,8.953,1242909.53,1477134.75,1303726.54,1434709.63,1232376.49,1169413.27,2012,9,38
24,2012-09-28,1259278.36,0,58.86,4.158,138.7395,8.953,1261158.47,1242909.53,1344558.92,1428869.9,1246242.61,1215273.2,2012,9,39
24,2012-10-05,1416720.54,0,60.35,4.151,138.8256,8.693,1259278.36,1261158.47,1477134.75,1645097.75,1405914.39,1361944.94,2012,10,40
24,2012-10-12,1416301.17,0,51.64,4.186,138.9117,8.693,1416720.54,1259278.36,1242909.53,1405475.78,1333315.03,1300806.74,2012,10,41
24,2012-10-19,1255414.84,0,52.59,4.153,138.8336129,8.693,1416301.17,1416720.54,1261158.47,1394299.0,1283563.43,1234875.33,2012,10,42
24,2012-10-26,1307182.29,0,55.16,4.071,138.7281613,8.693,1255414.84,1416301.17,1259278.36,1307339.14,1307142.75,1244925.94,2012,10,43
25,2011-02-04,639830.45,0,23.94,3.231,205.7329407,7.343,600448.69,568093.57,558794.63,696314.53,677231.63,1385860.38,2011,2,5
25,2011-02-11,615666.78,1,21.18,3.239,206.0763862,7.343,639830.45,600448.69,572360.83,713250.08,583364.02,1425078.59,2011,2,6
25,2011-02-18,634637.03,0,38.42,3.245,206.3694701,7.343,615666.78,639830.45,568093.57,718056.73,676260.67,1297535.69,2011,2,7
25,2011-02-25,570816.34,0,28.36,3.274,206.6424093,7.343,634637.03,615666.78,600448.69,1115240.61,628516.57,1761235.67,2011,2,8
25,2011-03-04,640912.18,0,31.59,3.433,206.9153485,7.343,570816.34,634637.03,639830.45,885572.96,665750.06,1335647.1,2011,3,9
25,2011-03-11,599828.39,0,36.73,3.582,207.1882876,7.343,640912.18,570816.34,615666.78,964729.18,660619.99,1529615.54,2011,3,10
25,2011-03-18,603393.64,0,40.94,3.631,207.4283845,7.343,599828.39,640912.18,634637.03,1047707.59,659795.84,1624994.43,2011,3,11
25,2011-03-25,616324.24,0,38.51,3.625,207.6553444,7.343,603393.64,599828.39,570816.34,1295391.19,696687.6,2168344.23,2011,3,12
25,2011-04-01,618377.79,0,28.5,3.638,207.8823043,7.287,616324.24,603393.64,640912.18,623092.54,822486.37,1363973.16,2011,4,13
25,2011-04-08,648606.13,0,42.11,3.72,208.1092642,7.287,618377.79,616324.24,599828.39,558794.63,712647.97,1251581.89,2011,4,14
25,2011-04-15,674562.45,0,51.43,3.821,208.3172811,7.287,648606.13,618377.79,603393.64,572360.83,715311.6,1155594.2,2011,4,15
25,2011-04-22,756588.42,0,45.87,3.892,208.4779405,7.287,674562.45,648606.13,616324.24,568093.57,694531.72,1151993.85,2011,4,16
25,2011-04-29,649245.0,0,58.43,3.962,208.6386,7.287,756588.42,674562.45,618377.79,600448.69,706924.02,1057290.41,2011,4,17
25,2011-05-06,659446.55,0,49.5,4.046,208.7992595,7.287,649245.0,756588.42,648606.13,639830.45,724468.97,1249696.97,2011,5,18
25,2011-05-13,684783.15,0,60.1,4.066,208.9599189,7.287,659446.55,649245.0,674562.45,615666.78,698073.95,1403460.87,2011,5,19
25,2011-05-20,677971.33,0,56.56,4.062,208.7583165,7.287,684783.15,659446.55,756588.42,634637.03,704113.22,1326370.08,2011,5,20
25,2011-05-27,718373.94,0,67.18,3.985,208.556714,7.287,677971.33,684783.15,649245.0,570816.34,792442.54,1303233.15,2011,5,21
25,2011-06-03,737551.74,0,70.69,3.922,208.3551116,7.287,718373.94,677971.33,659446.55,640912.18,764155.44,1213994.39,2011,6,22
25,2011-06-10,740259.63,0,71.45,3.881,208.1535092,7.287,737551.74,718373.94,684783.15,599828.39,737163.2,1325835.7,2011,6,23
25,2011-06-17,717373.43,0,63.58,3.842,208.1265604,7.287,740259.63,737551.74,677971.33,603393.64,780444.94,1239299.12,2011,6,24
25,2011-06-24,699270.1,0,70.71,3.804,208.2306018,7.287,717373.43,740259.63,718373.94,616324.24,737569.14,1221723.94,2011,6,25
25,2011-07-01,706206.86,0,66.61,3.748,208.3346432,7.274,699270.1,717373.43,737551.74,618377.79,759407.87,1230106.13,2011,7,26
25,2011-07-08,698529.64,0,71.64,3.711,208.4386847,7.274,706206.86,699270.1,740259.63,648606.13,719591.13,1524734.29,2011,7,27
25,2011-07-15,680510.23,0,72.67,3.76,208.5309337,7.274,698529.64,706206.86,717373.43,674562.45,726997.84,1285783.87,2011,7,28
25,2011-07-22,670854.96,0,78.1,3.811,208.5937018,7.274,680510.23,698529.64,699270.1,756588.42,665290.93,1208654.4,2011,7,29
25,2011-07-29,668390.82,0,74.72,3.829,208.6564699,7.274,670854.96,680510.23,706206.86,649245.0,682124.34,1194334.65,2011,7,30
25,2011-08-05,679706.01,0,74.0,3.842,208.719238,7.274,668390.82,670854.96,698529.64,659446.55,699464.43,1306551.71,2011,8,31
25,2011-08-12,667130.48,0,70.93,3.812,208.7820061,7.274,679706.01,668390.82,680510.23,684783.15,686072.39,1355391.79,2011,8,32
25,2011-08-19,688958.75,0,68.09,3.747,208.8424359,7.274,667130.48,679706.01,670854.96,677971.33,724499.81,1298809.8,2011,8,33
25,2011-08-26,726422.55,0,66.8,3.704,208.902476,7.274,688958.75,667130.48,668390.82,718373.94,711461.95,1407897.57,2011,8,34
25,2011-09-02,699779.0,0,67.2,3.703,208.9625161,7.274,726422.55,688958.75,679706.01,737551.74,685700.08,1467722.19,2011,9,35
25,2011-09-09,673248.48,1,67.51,3.738,209.0225562,7.274,699779.0,726422.55,667130.48,740259.63,655811.95,1406313.13,2011,9,36
25,2011-09-16,628720.46,0,62.05,3.742,209.1893892,7.274,673248.48,699779.0,688958.75,717373.43,628989.88,1364445.98,2011,9,37
25,2011-09-23,620885.93,0,60.28,3.711,209.4986126,7.274,628720.46,673248.48,726422.55,699270.1,607819.33,1434709.63,2011,9,38
25,2011-09-30,639160.24,0,60.7,3.645,209.807836,7.274,620885.93,628720.46,699779.0,706206.86,658640.14,1428869.9,2011,9,39
25,2011-10-07,671522.87,0,50.82,3.583,210.1170595,7.082,639160.24,620885.93,673248.48,698529.64,674283.86,1645097.75,2011,10,40
25,2011-10-14,646915.47,0,58.95,3.541,210.4027602,7.082,671522.87,639160.24,628720.46,680510.23,616094.72,1405475.78,2011,10,41
25,2011-10-21,690675.5,0,50.22,3.57,210.5473252,7.082,646915.47,671522.87,620885.93,670854.96,661644.19,1394299.0,2011,10,42
25,2011-10-28,724443.97,0,46.28,3.569,210.6918901,7.082,690675.5,646915.47,639160.24,668390.82,674458.03,1307339.14,2011,10,43
25,2011-11-04,718393.61,0,40.88,3.551,210.8364551,7.082,724443.97,690675.5,671522.87,679706.01,696314.53,1440374.13,2011,11,44
25,2011-11-11,719235.07,0,44.81,3.53,210.9810201,7.082,718393.61,724443.97,646915.47,667130.48,713250.08,1497054.81,2011,11,45
25,2011-11-18,728525.6,0,46.41,3.53,211.1847207,7.082,719235.07,718393.61,690675.5,688958.75,718056.73,1397970.54,2011,11,46
25,2011-11-25,1116211.39,1,43.49,3.492,211.4120757,7.082,728525.6,719235.07,724443.97,726422.55,1115240.61,1303726.54,2011,11,47
25,2011-12-02,878314.57,0,42.85,3.452,211.6394306,7.082,1116211.39,728525.6,718393.61,699779.0,885572.96,1344558.92,2011,12,48
25,2011-12-09,916446.02,0,38.69,3.415,211.8667856,7.082,878314.57,1116211.39,719235.07,673248.48,964729.18,1477134.75,2011,12,49
25,2011-12-16,997502.47,0,33.09,3.413,212.0685039,7.082,916446.02,878314.57,728525.6,628720.46,1047707.59,1242909.53,2011,12,50
25,2011-12-23,1290532.97,0,36.56,3.389,212.2360401,7.082,997502.47,916446.02,1116211.39,620885.93,1295391.19,1261158.47,2011,12,51
25,2011-12-30,683665.37,1,32.42,3.389,212.4035763,7.082,1290532.97,997502.47,878314.57,639160.24,623092.54,1259278.36,2011,12,52
25,2012-01-06,636419.12,0,30.23,3.422,212.5711125,6.961,683665.37,1290532.97,916446.02,671522.87,558794.63,1416720.54,2012,1,1
25,2012-01-13,614764.31,0,34.6,3.513,212.7386486,6.961,636419.12,683665.37,997502.47,646915.47,572360.83,1416301.17,2012,1,2
25,2012-01-20,594744.89,0,23.87,3.533,212.8336399,6.961,614764.31,636419.12,1290532.97,690675.5,568093.57,1255414.84,2012,1,3
25,2012-01-27,589554.29,0,32.24,3.567,212.9286312,6.961,594744.89,614764.31,683665.37,724443.97,600448.69,1307182.29,2012,1,4
25,2012-02-03,642776.4,0,34.98,3.617,213.0236225,6.961,589554.29,594744.89,636419.12,718393.61,639830.45,677231.63,2012,2,5
25,2012-02-10,658984.38,1,32.47,3.64,213.1186138,6.961,642776.4,589554.29,614764.31,719235.07,615666.78,583364.02,2012,2,6
25,2012-02-17,654088.02,0,32.23,3.695,213.2732106,6.961,658984.38,642776.4,594744.89,728525.6,634637.03,676260.67,2012,2,7
25,2012-02-24,613501.05,0,35.51,3.739,213.4725116,6.961,654088.02,658984.38,589554.29,1116211.39,570816.34,628516.57,2012,2,8
25,2012-03-02,643155.89,0,36.01,3.816,213.6718127,6.961,613501.05,654088.02,642776.4,878314.57,640912.18,665750.06,2012,3,9
25,2012-03-09,643711.53,0,37.44,3.848,213.8711137,6.961,643155.89,613501.05,658984.38,916446.02,599828.39,660619.99,2012,3,10
25,2012-03-16,638204.27,0,50.64,3.862,214.0167132,6.961,643711.53,643155.89,654088.02,997502.47,603393.64,659795.84,2012,3,11
25,2012-03-23,672831.78,0,62.7,3.9,214.0907105,6.961,638204.27,643711.53,613501.05,1290532.97,616324.24,696687.6,2012,3,12
25,2012-03-30,684348.92,0,47.92,3.953,214.1647079,6.961,672831.78,638204.27,643155.89,683665.37,618377.79,822486.37,2012,3,13
25,2012-04-06,791356.9,0,44.73,3.996,214.2387053,7.139,684348.92,672831.78,643711.53,636419.12,648606.13,712647.97,2012,4,14
25,2012-04-13,658691.56,0,42.46,4.044,214.3127027,7.139,791356.9,684348.92,638204.27,614764.31,674562.45,715311.6,2012,4,15
25,2012-04-20,661566.48,0,57.1,4.027,214.3675045,7.139,658691.56,791356.9,672831.78,594744.89,756588.42,694531.72,2012,4,16
25,2012-04-27,655157.32,0,44.2,4.004,214.4223063,7.139,661566.48,658691.56,684348.92,589554.29,649245.0,706924.02,2012,4,17
25,2012-05-04,696421.72,0,58.76,3.951,214.4771081,7.139,655157.32,661566.48,791356.9,642776.4,659446.55,724468.97,2012,5,18
25,2012-05-11,739866.16,0,59.21,3.889,214.5319099,7.139,696421.72,655157.32,658691.56,658984.38,684783.15,698073.95,2012,5,19
25,2012-05-18,717207.19,0,58.21,3.848,214.5485571,7.139,739866.16,696421.72,661566.48,654088.02,677971.33,704113.22,2012,5,20
25,2012-05-25,783371.02,0,67.69,3.798,214.5499425,7.139,717207.19,739866.16,655157.32,613501.05,718373.94,792442.54,2012,5,21
25,2012-06-01,694765.95,0,69.54,3.742,214.5513278,7.139,783371.02,717207.19,696421.72,643155.89,737551.74,764155.44,2012,6,22
25,2012-06-08,730254.19,0,58.48,3.689,214.5527132,7.139,694765.95,783371.02,739866.16,643711.53,740259.63,737163.2,2012,6,23
25,2012-06-15,753860.89,0,68.34,3.62,214.5653243,7.139,730254.19,694765.95,717207.19,638204.27,717373.43,780444.94,2012,6,24
25,2012-06-22,721601.9,0,73.52,3.564,214.606,7.139,753860.89,730254.19,783371.02,672831.78,699270.1,737569.14,2012,6,25
25,2012-06-29,718890.81,0,69.84,3.506,214.6466757,7.139,721601.9,753860.89,694765.95,684348.92,706206.86,759407.87,2012,6,26
25,2012-07-06,753385.55,0,75.52,3.475,214.6873514,7.28,718890.81,721601.9,730254.19,791356.9,698529.64,719591.13,2012,7,27
25,2012-07-13,714093.95,0,73.87,3.523,214.728027,7.28,753385.55,718890.81,753860.89,658691.56,680510.23,726997.84,2012,7,28
25,2012-07-20,685676.58,0,74.32,3.567,214.7331351,7.28,714093.95,753385.55,721601.9,661566.48,670854.96,665290.93,2012,7,29
25,2012-07-27,659109.53,0,72.98,3.647,214.7382432,7.28,685676.58,714093.95,718890.81,655157.32,668390.82,682124.34,2012,7,30
25,2012-08-03,709724.6,0,72.08,3.654,214.7433514,7.28,659109.53,685676.58,753385.55,696421.72,679706.01,699464.43,2012,8,31
25,2012-08-10,710496.97,0,71.93,3.722,214.7484595,7.28,709724.6,659109.53,714093.95,739866.16,667130.48,686072.39,2012,8,32
25,2012-08-17,728467.72,0,66.99,3.807,214.825578,7.28,710496.97,709724.6,685676.58,717207.19,688958.75,724499.81,2012,8,33
25,2012-08-24,756527.64,0,64.53,3.834,214.9567044,7.28,728467.72,710496.97,659109.53,783371.02,726422.55,711461.95,2012,8,34
25,2012-08-31,714828.73,0,68.55,3.867,215.0878309,7.28,756527.64,728467.72,709724.6,694765.95,699779.0,685700.08,2012,8,35
25,2012-09-07,671482.9,1,72.79,3.911,215.2189573,7.28,714828.73,756527.64,710496.97,730254.19,673248.48,655811.95,2012,9,36
25,2012-09-14,657241.63,0,60.9,3.948,215.3583757,7.28,671482.9,714828.73,728467.72,753860.89,628720.46,628989.88,2012,9,37
25,2012-09-21,664745.2,0,57.6,4.038,215.5475459,7.28,657241.63,671482.9,756527.64,721601.9,620885.93,607819.33,2012,9,38
25,2012-09-28,683300.84,0,54.52,3.997,215.7367162,7.28,664745.2,657241.63,714828.73,718890.81,639160.24,658640.14,2012,9,39
25,2012-10-05,699536.73,0,57.58,3.985,215.9258865,7.293,683300.84,664745.2,671482.9,753385.55,671522.87,674283.86,2012,10,40
25,2012-10-12,697317.41,0,43.74,4.0,216.1150568,7.293,699536.73,683300.84,657241.63,714093.95,646915.47,616094.72,2012,10,41
25,2012-10-19,685531.85,0,51.93,3.969,216.1464699,7.293,697317.41,699536.73,664745.2,685676.58,690675.5,661644.19,2012,10,42
25,2012-10-26,688940.94,0,56.69,3.882,216.1515902,7.293,685531.85,697317.41,683300.84,659109.53,724443.97,674458.03,2012,10,43
26,2011-02-04,911807.02,0,11.17,3.24,133.1834194,7.907,817485.14,809833.21,938149.21,970224.51,1034119.21,718393.61,2011,2,5
26,2011-02-11,1010711.08,1,15.12,3.255,133.260871,7.907,911807.02,817485.14,812323.29,971193.01,1015684.09,719235.07,2011,2,6
26,2011-02-18,981978.02,0,19.63,3.263,133.3701429,7.907,1010711.08,911807.02,809833.21,901972.7,999348.55,728525.6,2011,2,7
26,2011-02-25,910298.44,0,16.3,3.281,133.4921429,7.907,981978.02,1010711.08,817485.14,1286833.62,855385.01,1116211.39,2011,2,8
26,2011-03-04,945643.17,0,14.31,3.437,133.6141429,7.907,910298.44,981978.02,911807.02,1016143.64,1005669.58,878314.57,2011,3,9
26,2011-03-11,946614.55,0,28.13,3.6,133.7361429,7.907,945643.17,910298.44,1010711.08,1149612.04,963382.09,916446.02,2011,3,10
26,2011-03-18,887426.12,0,31.76,3.634,133.8492258,7.907,946614.55,945643.17,981978.02,1196813.33,903366.55,997502.47,2011,3,11
26,2011-03-25,866566.54,0,22.99,3.624,133.9587419,7.907,887426.12,946614.55,910298.44,1573982.47,893613.0,1290532.97,2011,3,12
26,2011-04-01,849231.61,0,22.99,3.638,134.0682581,7.818,866566.54,887426.12,945643.17,877268.29,1029849.2,683665.37,2011,4,13
26,2011-04-08,985229.81,0,29.09,3.72,134.1777742,7.818,849231.61,866566.54,946614.55,938149.21,1022293.81,636419.12,2011,4,14
26,2011-04-15,863266.12,0,39.46,3.823,134.2784667,7.818,985229.81,849231.61,887426.12,812323.29,905548.38,614764.31,2011,4,15
26,2011-04-22,921700.61,0,33.81,3.919,134.3571,7.818,863266.12,985229.81,866566.54,809833.21,881930.87,594744.89,2011,4,16
26,2011-04-29,873450.29,0,47.17,3.988,134.4357333,7.818,921700.61,863266.12,849231.61,817485.14,904503.85,589554.29,2011,4,17
26,2011-05-06,1024778.23,0,45.0,4.078,134.5143667,7.818,873450.29,921700.61,985229.81,911807.02,1074479.73,642776.4,2011,5,18
26,2011-05-13,941008.85,0,48.2,4.095,134.593,7.818,1024778.23,873450.29,863266.12,1010711.08,972663.59,658984.38,2011,5,19
26,2011-05-20,938334.62,0,48.86,4.101,134.6803871,7.818,941008.85,1024778.23,921700.61,981978.02,986765.01,654088.02,2011,5,20
26,2011-05-27,996723.58,0,56.74,4.034,134.7677742,7.818,938334.62,941008.85,873450.29,910298.44,1069851.59,613501.05,2011,5,21
26,2011-06-03,1054454.4,0,60.49,3.973,134.8551613,7.818,996723.58,938334.62,1024778.23,945643.17,1003202.66,643155.89,2011,6,22
26,2011-06-10,1094058.68,0,59.85,3.924,134.9425484,7.818,1054454.4,996723.58,941008.85,946614.55,1073862.59,643711.53,2011,6,23
26,2011-06-17,981646.46,0,54.5,3.873,135.0837333,7.818,1094058.68,1054454.4,938334.62,887426.12,1001286.67,638204.27,2011,6,24
26,2011-06-24,997474.93,0,56.94,3.851,135.2652667,7.818,981646.46,1094058.68,996723.58,866566.54,976242.09,672831.78,2011,6,25
26,2011-07-01,1070119.09,0,59.89,3.815,135.4468,7.767,997474.93,981646.46,1054454.4,849231.61,1078455.48,684348.92,2011,7,26
26,2011-07-08,1133807.03,0,63.34,3.784,135.6283333,7.767,1070119.09,997474.93,1094058.68,985229.81,1122356.53,791356.9,2011,7,27
26,2011-07-15,1021534.7,0,64.43,3.827,135.7837419,7.767,1133807.03,1070119.09,981646.46,863266.12,1028151.72,658691.56,2011,7,28
26,2011-07-22,1017867.8,0,69.52,3.882,135.8738387,7.767,1021534.7,1133807.03,997474.93,921700.61,971615.62,661566.48,2011,7,29
26,2011-07-29,1005360.5,0,63.32,3.898,135.9639355,7.767,1017867.8,1021534.7,1070119.09,873450.29,1005324.28,655157.32,2011,7,30
26,2011-08-05,1107552.43,0,63.16,3.903,136.0540323,7.767,1005360.5,1017867.8,1133807.03,1024778.23,1125329.77,696421.72,2011,8,31
26,2011-08-12,1087644.5,0,62.99,3.88,136.144129,7.767,1107552.43,1005360.5,1021534.7,941008.85,1011938.29,739866.16,2011,8,32
26,2011-08-19,1021766.75,0,60.58,3.82,136.183129,7.767,1087644.5,1107552.43,1017867.8,938334.62,1007385.36,717207.19,2011,8,33
26,2011-08-26,1064617.62,0,61.1,3.796,136.2136129,7.767,1021766.75,1087644.5,1005360.5,996723.58,977322.52,783371.02,2011,8,34
26,2011-09-02,1040143.14,0,59.67,3.784,136.2440968,7.767,1064617.62,1021766.75,1107552.43,1054454.4,1037549.71,694765.95,2011,9,35
26,2011-09-09,1069710.97,1,60.98,3.809,136.2745806,7.767,1040143.14,1064617.62,1087644.5,1094058.68,1042226.3,730254.19,2011,9,36
26,2011-09-16,951569.84,0,55.19,3.809,136.3145,7.767,1069710.97,1040143.14,1021766.75,981646.46,923473.7,753860.89,2011,9,37
26,2011-09-23,923644.6,0,50.72,3.758,136.367,7.767,951569.84,1069710.97,1064617.62,997474.93,868636.3,721601.9,2011,9,38
26,2011-09-30,959339.51,0,59.42,3.684,136.4195,7.767,923644.6,951569.84,1040143.14,1070119.09,923221.52,718890.81,2011,9,39
26,2011-10-07,1130022.99,0,46.84,3.633,136.472,7.598,959339.51,923644.6,1069710.97,1133807.03,1001069.52,753385.55,2011,10,40
26,2011-10-14,987886.08,0,53.91,3.583,136.5150968,7.598,1130022.99,959339.51,951569.84,1021534.7,937956.89,714093.95,2011,10,41
26,2011-10-21,974907.28,0,45.23,3.618,136.5017742,7.598,987886.08,1130022.99,923644.6,1017867.8,916522.66,685676.58,2011,10,42
26,2011-10-28,972256.98,0,35.06,3.604,136.4884516,7.598,974907.28,987886.08,959339.51,1005360.5,895069.88,659109.53,2011,10,43
26,2011-11-04,988950.75,0,31.7,3.586,136.475129,7.598,972256.98,974907.28,1130022.99,1107552.43,970224.51,709724.6,2011,11,44
26,2011-11-11,1077640.13,0,40.08,3.57,136.4618065,7.598,988950.75,972256.98,987886.08,1087644.5,971193.01,710496.97,2011,11,45
26,2011-11-18,946091.79,0,37.78,3.571,136.4666667,7.598,1077640.13,988950.75,974907.28,1021766.75,901972.7,728467.72,2011,11,46
26,2011-11-25,1282320.05,1,31.07,3.536,136.4788,7.598,946091.79,1077640.13,972256.98,1064617.62,1286833.62,756527.64,2011,11,47
26,2011-12-02,1012498.49,0,36.74,3.501,136.4909333,7.598,1282320.05,946091.79,988950.75,1040143.14,1016143.64,714828.73,2011,12,48
26,2011-12-09,1148987.46,0,34.24,3.47,136.5030667,7.598,1012498.49,1282320.05,1077640.13,1069710.97,1149612.04,671482.9,2011,12,49
26,2011-12-16,1204807.83,0,28.24,3.445,136.5335161,7.598,1148987.46,1012498.49,946091.79,951569.84,1196813.33,657241.63,2011,12,50
26,2011-12-23,1515175.01,0,22.53,3.413,136.5883871,7.598,1204807.83,1148987.46,1282320.05,923644.6,1573982.47,664745.2,2011,12,51
26,2011-12-30,972834.42,1,18.8,3.402,136.6432581,7.598,1515175.01,1204807.83,1012498.49,959339.51,877268.29,683300.84,2011,12,52
26,2012-01-06,971557.62,0,22.94,3.439,136.698129,7.467,972834.42,1515175.01,1148987.46,1130022.99,938149.21,699536.73,2012,1,1
26,2012-01-13,836305.65,0,25.55,3.523,136.753,7.467,971557.62,972834.42,1204807.83,987886.08,812323.29,697317.41,2012,1,2
26,2012-01-20,838751.5,0,15.22,3.542,136.8564194,7.467,836305.65,971557.62,1515175.01,974907.28,809833.21,685531.85,2012,1,3
26,2012-01-27,820059.89,0,24.16,3.568,136.9598387,7.467,838751.5,836305.65,972834.42,972256.98,817485.14,688940.94,2012,1,4
26,2012-02-03,939158.25,0,25.24,3.633,137.0632581,7.467,820059.89,838751.5,971557.62,988950.75,911807.02,1034119.21,2012,2,5
26,2012-02-10,1081005.64,1,23.89,3.655,137.1666774,7.467,939158.25,820059.89,836305.65,1077640.13,1010711.08,1015684.09,2012,2,6
26,2012-02-17,965788.76,0,23.9,3.703,137.2583103,7.467,1081005.64,939158.25,838751.5,946091.79,981978.02,999348.55,2012,2,7
26,2012-02-24,917924.47,0,28.06,3.751,137.3411034,7.467,965788.76,1081005.64,820059.89,1282320.05,910298.44,855385.01,2012,2,8
26,2012-03-02,955641.74,0,22.49,3.827,137.4238966,7.467,917924.47,965788.76,939158.25,1012498.49,945643.17,1005669.58,2012,3,9
26,2012-03-09,1028569.01,0,29.03,3.876,137.5066897,7.467,955641.74,917924.47,1081005.64,1148987.46,946614.55,963382.09,2012,3,10
26,2012-03-16,919503.4,0,35.06,3.867,137.5843871,7.467,1028569.01,955641.74,965788.76,1204807.83,887426.12,903366.55,2012,3,11
26,2012-03-23,874790.68,0,49.97,3.889,137.6552903,7.467,919503.4,1028569.01,917924.47,1515175.01,866566.54,893613.0,2012,3,12
26,2012-03-30,922018.43,0,33.33,3.921,137.7261935,7.467,874790.68,919503.4,955641.74,972834.42,849231.61,1029849.2,2012,3,13
26,2012-04-06,1116829.23,0,33.35,3.957,137.7970968,7.489,922018.43,874790.68,1028569.01,971557.62,985229.81,1022293.81,2012,4,14
26,2012-04-13,889670.29,0,36.9,4.025,137.868,7.489,1116829.23,922018.43,919503.4,836305.65,863266.12,905548.38,2012,4,15
26,2012-04-20,923600.02,0,50.81,4.046,137.9230667,7.489,889670.29,1116829.23,874790.68,838751.5,921700.61,881930.87,2012,4,16
26,2012-04-27,911969.0,0,43.6,4.023,137.9781333,7.489,923600.02,889670.29,922018.43,820059.89,873450.29,904503.85,2012,4,17
26,2012-05-04,946573.29,0,40.29,3.991,138.0332,7.489,911969.0,923600.02,1116829.23,939158.25,1024778.23,1074479.73,2012,5,18
26,2012-05-11,1062548.73,0,47.11,3.947,138.0882667,7.489,946573.29,911969.0,889670.29,1081005.64,941008.85,972663.59,2012,5,19
26,2012-05-18,978082.84,0,52.55,3.899,138.1065806,7.489,1062548.73,946573.29,923600.02,965788.76,938334.62,986765.01,2012,5,20
26,2012-05-25,1067310.74,0,58.2,3.85,138.1101935,7.489,978082.84,1062548.73,911969.0,917924.47,996723.58,1069851.59,2012,5,21
26,2012-06-01,1015853.03,0,58.51,3.798,138.1138065,7.489,1067310.74,978082.84,946573.29,955641.74,1054454.4,1003202.66,2012,6,22
26,2012-06-08,1106176.83,0,49.43,3.746,138.1174194,7.489,1015853.03,1067310.74,1062548.73,1028569.01,1094058.68,1073862.59,2012,6,23
26,2012-06-15,1029248.22,0,57.84,3.683,138.1295333,7.489,1106176.83,1015853.03,978082.84,919503.4,981646.46,1001286.67,2012,6,24
26,2012-06-22,1056282.91,0,63.04,3.629,138.1629,7.489,1029248.22,1106176.83,1067310.74,874790.68,997474.93,976242.09,2012,6,25
26,2012-06-29,1051190.44,0,60.71,3.577,138.1962667,7.489,1056282.91,1029248.22,1015853.03,922018.43,1070119.09,1078455.48,2012,6,26
26,2012-07-06,1180470.8,0,64.94,3.538,138.2296333,7.405,1051190.44,1056282.91,1106176.83,1116829.23,1133807.03,1122356.53,2012,7,27
26,2012-07-13,1063149.78,0,64.47,3.561,138.263,7.405,1180470.8,1051190.44,1029248.22,889670.29,1021534.7,1028151.72,2012,7,28
26,2012-07-20,1049625.9,0,66.75,3.61,138.2331935,7.405,1063149.78,1180470.8,1056282.91,923600.02,1017867.8,971615.62,2012,7,29
26,2012-07-27,1031745.14,0,64.12,3.701,138.2033871,7.405,1049625.9,1063149.78,1051190.44,911969.0,1005360.5,1005324.28,2012,7,30
26,2012-08-03,1090915.09,0,65.6,3.698,138.1735806,7.405,1031745.14,1049625.9,1180470.8,946573.29,1107552.43,1125329.77,2012,8,31
26,2012-08-10,1121476.51,0,67.01,3.772,138.1437742,7.405,1090915.09,1031745.14,1063149.78,1062548.73,1087644.5,1011938.29,2012,8,32
26,2012-08-17,1068292.56,0,65.54,3.84,138.1857097,7.405,1121476.51,1090915.09,1049625.9,978082.84,1021766.75,1007385.36,2012,8,33
26,2012-08-24,1022704.2,0,62.08,3.874,138.2814516,7.405,1068292.56,1121476.51,1031745.14,1067310.74,1064617.62,977322.52,2012,8,34
26,2012-08-31,1053495.51,0,63.69,3.884,138.3771935,7.405,1022704.2,1068292.56,1090915.09,1015853.03,1040143.14,1037549.71,2012,8,35
26,2012-09-07,1081874.03,1,61.58,3.921,138.4729355,7.405,1053495.51,1022704.2,1121476.51,1106176.83,1069710.97,1042226.3,2012,9,36
26,2012-09-14,986131.94,0,57.69,3.988,138.5673,7.405,1081874.03,1053495.51,1068292.56,1029248.22,951569.84,923473.7,2012,9,37
26,2012-09-21,961084.08,0,52.68,4.056,138.6534,7.405,986131.94,1081874.03,1022704.2,1056282.91,923644.6,868636.3,2012,9,38
26,2012-09-28,964726.37,0,50.66,4.018,138.7395,7.405,961084.08,986131.94,1053495.51,1051190.44,959339.51,923221.52,2012,9,39
26,2012-10-05,1095504.26,0,54.07,4.027,138.8256,7.138,964726.37,961084.08,1081874.03,1180470.8,1130022.99,1001069.52,2012,10,40
26,2012-10-12,1044639.69,0,45.19,4.029,138.9117,7.138,1095504.26,964726.37,986131.94,1063149.78,987886.08,937956.89,2012,10,41
26,2012-10-19,975578.02,0,43.51,4.0,138.8336129,7.138,1044639.69,1095504.26,961084.08,1049625.9,974907.28,916522.66,2012,10,42
26,2012-10-26,958619.8,0,46.95,3.917,138.7281613,7.138,975578.02,1044639.69,964726.37,1031745.14,972256.98,895069.88,2012,10,43
27,2011-02-04,1628100.79,0,28.7,3.4,137.0542431,7.827,1421111.55,1517029.9,1568159.48,1686010.02,1874289.79,988950.75,2011,2,5
27,2011-02-11,1636224.77,1,30.45,3.416,137.1378318,7.827,1628100.79,1421111.55,1532308.62,1828010.25,1745362.72,1077640.13,2011,2,6
27,2011-02-18,1709365.19,0,39.32,3.42,137.2511849,7.827,1636224.77,1628100.79,1517029.9,1704785.74,1945070.33,946091.79,2011,2,7
27,2011-02-25,1688935.71,0,33.05,3.452,137.3764439,7.827,1709365.19,1636224.77,1421111.55,2627910.75,1390934.27,1282320.05,2011,2,8
27,2011-03-04,1656130.67,0,36.99,3.605,137.5017028,7.827,1688935.71,1709365.19,1628100.79,1884343.67,1313729.72,1012498.49,2011,3,9
27,2011-03-11,1613259.77,0,43.64,3.752,137.6269617,7.827,1656130.67,1688935.71,1636224.77,2139733.68,1925113.12,1148987.46,2011,3,10
27,2011-03-18,1624539.21,0,46.65,3.796,137.7398929,7.827,1613259.77,1656130.67,1709365.19,2350098.36,1700627.97,1204807.83,2011,3,11
27,2011-03-25,1554651.08,0,40.11,3.789,137.8478929,7.827,1624539.21,1613259.77,1688935.71,3078162.08,1836714.84,1515175.01,2011,3,12
27,2011-04-01,1628868.28,0,37.27,3.811,137.9558929,7.725,1554651.08,1624539.21,1656130.67,1440963.0,2053952.97,972834.42,2011,4,13
27,2011-04-08,1689844.18,0,46.87,3.895,138.0638929,7.725,1628868.28,1554651.08,1613259.77,1568159.48,1955814.13,971557.62,2011,4,14
27,2011-04-15,1727175.61,0,52.24,3.981,138.1646952,7.725,1689844.18,1628868.28,1624539.21,1532308.62,1857500.96,836305.65,2011,4,15
27,2011-04-22,1921655.48,0,50.02,4.061,138.2475036,7.725,1727175.61,1689844.18,1554651.08,1517029.9,1850205.47,838751.5,2011,4,16
27,2011-04-29,1642074.64,0,61.71,4.117,138.3303119,7.725,1921655.48,1727175.61,1628868.28,1421111.55,1805885.04,820059.89,2011,4,17
27,2011-05-06,1757041.96,0,56.48,4.192,138.4131202,7.725,1642074.64,1921655.48,1689844.18,1628100.79,1939458.84,939158.25,2011,5,18
27,2011-05-13,1763545.32,0,60.07,4.211,138.4959286,7.725,1757041.96,1642074.64,1727175.61,1636224.77,1842465.78,1081005.64,2011,5,19
27,2011-05-20,1725268.56,0,60.22,4.202,138.587106,7.725,1763545.32,1757041.96,1921655.48,1709365.19,1836595.58,965788.76,2011,5,20
27,2011-05-27,1820723.17,0,66.43,4.134,138.6782834,7.725,1725268.56,1763545.32,1642074.64,1688935.71,1962468.67,917924.47,2011,5,21
27,2011-06-03,2053708.01,0,74.17,4.069,138.7694608,7.725,1820723.17,1725268.56,1757041.96,1656130.67,2073102.59,955641.74,2011,6,22
27,2011-06-10,1817914.71,0,73.26,4.025,138.8606382,7.725,2053708.01,1820723.17,1763545.32,1613259.77,1873812.93,1028569.01,2011,6,23
27,2011-06-17,1814740.09,0,67.03,3.989,139.0028333,7.725,1817914.71,2053708.01,1725268.56,1624539.21,1887182.27,919503.4,2011,6,24
27,2011-06-24,1811455.15,0,72.02,3.964,139.1832917,7.725,1814740.09,1817914.71,1820723.17,1554651.08,1962625.01,874790.68,2011,6,25
27,2011-07-01,1949983.93,0,73.76,3.916,139.36375,7.85,1811455.15,1814740.09,2053708.01,1628868.28,2024554.1,922018.43,2011,7,26
27,2011-07-08,2000055.27,0,76.87,3.886,139.5442083,7.85,1949983.93,1811455.15,1817914.71,1689844.18,2119163.01,1116829.23,2011,7,27
27,2011-07-15,1762155.79,0,77.83,3.915,139.7006325,7.85,2000055.27,1949983.93,1814740.09,1727175.61,1880691.64,889670.29,2011,7,28
27,2011-07-22,1754879.45,0,82.28,3.972,139.7969712,7.85,1762155.79,2000055.27,1811455.15,1921655.48,1808250.71,923600.02,2011,7,29
27,2011-07-29,1744879.06,0,79.41,4.004,139.8933099,7.85,1754879.45,1762155.79,1949983.93,1642074.64,1816489.53,911969.0,2011,7,30
27,2011-08-05,1747289.53,0,78.14,4.02,139.9896486,7.85,1744879.06,1754879.45,2000055.27,1757041.96,1908036.68,946573.29,2011,8,31
27,2011-08-12,1758437.96,0,76.67,3.995,140.0859873,7.85,1747289.53,1744879.06,1762155.79,1763545.32,1864436.12,1062548.73,2011,8,32
27,2011-08-19,1781905.24,0,72.97,3.942,140.1289205,7.85,1758437.96,1747289.53,1754879.45,1725268.56,1936878.46,978082.84,2011,8,33
27,2011-08-26,2034400.78,0,72.88,3.906,140.1629528,7.85,1781905.24,1758437.96,1744879.06,1820723.17,1870684.21,1067310.74,2011,8,34
27,2011-09-02,1511717.53,0,71.44,3.879,140.196985,7.85,2034400.78,1781905.24,1747289.53,2053708.01,1908110.9,1015853.03,2011,9,35
27,2011-09-09,1911470.84,1,70.93,3.93,140.2310173,7.85,1511717.53,2034400.78,1758437.96,1817914.71,1913494.81,1106176.83,2011,9,36
27,2011-09-16,1613773.9,0,69.65,3.937,140.2735,7.85,1911470.84,1511717.53,1781905.24,1814740.09,1629978.46,1029248.22,2011,9,37
27,2011-09-23,1606208.68,0,63.61,3.899,140.32725,7.85,1613773.9,1911470.84,2034400.78,1811455.15,1597002.71,1056282.91,2011,9,38
27,2011-09-30,1599626.26,0,70.92,3.858,140.381,7.85,1606208.68,1613773.9,1511717.53,1949983.93,1543532.83,1051190.44,2011,9,39
27,2011-10-07,1672339.27,0,56.91,3.775,140.43475,7.906,1599626.26,1606208.68,1911470.84,2000055.27,1707662.87,1180470.8,2011,10,40
27,2011-10-14,1682652.51,0,64.78,3.744,140.4784194,7.906,1672339.27,1599626.26,1613773.9,1762155.79,1728388.2,1063149.78,2011,10,41
27,2011-10-21,1689591.44,0,59.62,3.757,140.4616048,7.906,1682652.51,1672339.27,1606208.68,1754879.45,1693935.29,1049625.9,2011,10,42
27,2011-10-28,1710372.4,0,51.81,3.757,140.4447903,7.906,1689591.44,1682652.51,1599626.26,1744879.06,1688955.49,1031745.14,2011,10,43
27,2011-11-04,1621109.3,0,44.46,3.738,140.4279758,7.906,1710372.4,1689591.44,1672339.27,1747289.53,1686010.02,1090915.09,2011,11,44
27,2011-11-11,1800728.07,0,49.69,3.719,140.4111613,7.906,1621109.3,1710372.4,1682652.51,1758437.96,1828010.25,1121476.51,2011,11,45
27,2011-11-18,1723739.44,0,51.42,3.717,140.4127857,7.906,1800728.07,1621109.3,1689591.44,1781905.24,1704785.74,1068292.56,2011,11,46
27,2011-11-25,2504400.71,1,47.88,3.689,140.4217857,7.906,1723739.44,1800728.07,1710372.4,2034400.78,2627910.75,1022704.2,2011,11,47
27,2011-12-02,1806924.74,0,50.55,3.666,140.4307857,7.906,2504400.71,1723739.44,1621109.3,1511717.53,1884343.67,1053495.51,2011,12,48
27,2011-12-09,2014665.98,0,46.28,3.627,140.4397857,7.906,1806924.74,2504400.71,1800728.07,1911470.84,2139733.68,1081874.03,2011,12,49
27,2011-12-16,2205919.86,0,40.68,3.611,140.4700795,7.906,2014665.98,1806924.74,1723739.44,1613773.9,2350098.36,986131.94,2011,12,50
27,2011-12-23,2739019.75,0,41.59,3.587,140.528765,7.906,2205919.86,2014665.98,2504400.71,1606208.68,3078162.08,961084.08,2011,12,51
27,2011-12-30,1650604.6,1,37.85,3.566,140.5874505,7.906,2739019.75,2205919.86,1806924.74,1599626.26,1440963.0,964726.37,2011,12,52
27,2012-01-06,1535287.4,0,35.8,3.585,140.6461359,8.009,1650604.6,2739019.75,2014665.98,1672339.27,1568159.48,1095504.26,2012,1,1
27,2012-01-13,1492399.13,0,41.3,3.666,140.7048214,8.009,1535287.4,1650604.6,2205919.86,1682652.51,1532308.62,1044639.69,2012,1,2
27,2012-01-20,1542131.05,0,30.35,3.705,140.8086118,8.009,1492399.13,1535287.4,2739019.75,1689591.44,1517029.9,975578.02,2012,1,3
27,2012-01-27,1263534.86,0,36.96,3.737,140.9124021,8.009,1542131.05,1492399.13,1650604.6,1710372.4,1421111.55,958619.8,2012,1,4
27,2012-02-03,1564246.02,0,42.52,3.796,141.0161924,8.009,1263534.86,1542131.05,1535287.4,1621109.3,1628100.79,1874289.79,2012,2,5
27,2012-02-10,1651605.35,1,37.86,3.826,141.1199827,8.009,1564246.02,1263534.86,1492399.13,1800728.07,1636224.77,1745362.72,2012,2,6
27,2012-02-17,1606221.56,0,37.24,3.874,141.2140357,8.009,1651605.35,1564246.02,1542131.05,1723739.44,1709365.19,1945070.33,2012,2,7
27,2012-02-24,1648602.39,0,41.74,3.917,141.3007857,8.009,1606221.56,1651605.35,1263534.86,2504400.71,1688935.71,1390934.27,2012,2,8
27,2012-03-02,1509323.09,0,40.07,3.983,141.3875357,8.009,1648602.39,1606221.56,1564246.02,1806924.74,1656130.67,1313729.72,2012,3,9
27,2012-03-09,1607343.41,0,44.32,4.021,141.4742857,8.009,1509323.09,1648602.39,1651605.35,2014665.98,1613259.77,1925113.12,2012,3,10
27,2012-03-16,1635984.07,0,49.6,4.021,141.55478,8.009,1607343.41,1509323.09,1606221.56,2205919.86,1624539.21,1700627.97,2012,3,11
27,2012-03-23,1620839.34,0,57.3,4.054,141.6269332,8.009,1635984.07,1607343.41,1648602.39,2739019.75,1554651.08,1836714.84,2012,3,12
27,2012-03-30,1615494.14,0,49.4,4.098,141.6990864,8.009,1620839.34,1635984.07,1509323.09,1650604.6,1628868.28,2053952.97,2012,3,13
27,2012-04-06,1899013.34,0,48.73,4.143,141.7712396,8.253,1615494.14,1620839.34,1607343.41,1535287.4,1689844.18,1955814.13,2012,4,14
27,2012-04-13,1650405.21,0,52.22,4.187,141.8433929,8.253,1899013.34,1615494.14,1635984.07,1492399.13,1727175.61,1857500.96,2012,4,15
27,2012-04-20,1639999.47,0,62.62,4.17,141.9015262,8.253,1650405.21,1899013.34,1620839.34,1542131.05,1921655.48,1850205.47,2012,4,16
27,2012-04-27,1565498.84,0,52.33,4.163,141.9596595,8.253,1639999.47,1650405.21,1615494.14,1263534.86,1642074.64,1805885.04,2012,4,17
27,2012-05-04,1669388.45,0,53.68,4.124,142.0177929,8.253,1565498.84,1639999.47,1899013.34,1564246.02,1757041.96,1939458.84,2012,5,18
27,2012-05-11,1674306.31,0,58.97,4.055,142.0759262,8.253,1669388.45,1565498.84,1650405.21,1651605.35,1763545.32,1842465.78,2012,5,19
27,2012-05-18,1707158.82,0,65.15,4.029,142.0970115,8.253,1674306.31,1669388.45,1639999.47,1606221.56,1725268.56,1836595.58,2012,5,20
27,2012-05-25,1818906.73,0,64.77,3.979,142.1032776,8.253,1707158.82,1674306.31,1565498.84,1648602.39,1820723.17,1962468.67,2012,5,21
27,2012-06-01,1900638.6,0,73.4,3.915,142.1095438,8.253,1818906.73,1707158.82,1669388.45,1509323.09,2053708.01,2073102.59,2012,6,22
27,2012-06-08,1764756.31,0,64.05,3.871,142.1158099,8.253,1900638.6,1818906.73,1674306.31,1607343.41,1817914.71,1873812.93,2012,6,23
27,2012-06-15,1773500.56,0,69.52,3.786,142.1292548,8.253,1764756.31,1900638.6,1707158.82,1635984.07,1814740.09,1887182.27,2012,6,24
27,2012-06-22,1837884.79,0,73.23,3.722,142.1606464,8.253,1773500.56,1764756.31,1818906.73,1620839.34,1811455.15,1962625.01,2012,6,25
27,2012-06-29,1842555.32,0,73.94,3.667,142.1920381,8.253,1837884.79,1773500.56,1900638.6,1615494.14,1949983.93,2024554.1,2012,6,26
27,2012-07-06,2062224.92,0,82.08,3.646,142.2234298,8.239,1842555.32,1837884.79,1764756.31,1899013.34,2000055.27,2119163.01,2012,7,27
27,2012-07-13,1755889.53,0,78.95,3.689,142.2548214,8.239,2062224.92,1842555.32,1773500.56,1650405.21,1762155.79,1880691.64,2012,7,28
27,2012-07-20,1730913.66,0,78.64,3.732,142.2337569,8.239,1755889.53,2062224.92,1837884.79,1639999.47,1754879.45,1808250.71,2012,7,29
27,2012-07-27,1625883.71,0,76.01,3.82,142.2126924,8.239,1730913.66,1755889.53,1842555.32,1565498.84,1744879.06,1816489.53,2012,7,30
27,2012-08-03,1705810.84,0,75.22,3.819,142.1916279,8.239,1625883.71,1730913.66,2062224.92,1669388.45,1747289.53,1908036.68,2012,8,31
27,2012-08-10,1720537.26,0,78.44,3.863,142.1705634,8.239,1705810.84,1625883.71,1755889.53,1674306.31,1758437.96,1864436.12,2012,8,32
27,2012-08-17,1735339.59,0,76.51,3.963,142.2157385,8.239,1720537.26,1705810.84,1730913.66,1707158.82,1781905.24,1936878.46,2012,8,33
27,2012-08-24,1780443.36,0,72.93,3.997,142.3105933,8.239,1735339.59,1720537.26,1625883.71,1818906.73,2034400.78,1870684.21,2012,8,34
27,2012-08-31,1731935.43,0,75.0,4.026,142.4054482,8.239,1780443.36,1735339.59,1705810.84,1900638.6,1511717.53,1908110.9,2012,8,35
27,2012-09-07,1840955.23,1,76.0,4.076,142.500303,8.239,1731935.43,1780443.36,1720537.26,1764756.31,1911470.84,1913494.81,2012,9,36
27,2012-09-14,1519604.5,0,68.72,4.088,142.5938833,8.239,1840955.23,1731935.43,1735339.59,1773500.56,1613773.9,1629978.46,2012,9,37
27,2012-09-21,1557485.75,0,66.1,4.203,142.6798167,8.239,1519604.5,1840955.23,1780443.36,1837884.79,1606208.68,1597002.71,2012,9,38
27,2012-09-28,1540687.63,0,64.92,4.158,142.76575,8.239,1557485.75,1519604.5,1731935.43,1842555.32,1599626.26,1543532.83,2012,9,39
27,2012-10-05,1591816.88,0,64.5,4.151,142.8516833,8.0,1540687.63,1557485.75,1840955.23,2062224.92,1672339.27,1707662.87,2012,10,40
27,2012-10-12,1660081.29,0,55.4,4.186,142.9376167,8.0,1591816.88,1540687.63,1519604.5,1755889.53,1682652.51,1728388.2,2012,10,41
27,2012-10-19,1620374.24,0,56.53,4.153,142.8633629,8.0,1660081.29,1591816.88,1557485.75,1730913.66,1689591.44,1693935.29,2012,10,42
27,2012-10-26,1703047.74,0,58.99,4.071,142.7624113,8.0,1620374.24,1660081.29,1540687.63,1625883.71,1710372.4,1688955.49,2012,10,43
28,2011-02-04,1564897.32,0,45.14,3.348,127.7195806,14.021,1127859.69,1079669.11,1402902.47,1501663.26,1672352.29,1621109.3,2011,2,5
28,2011-02-11,1397301.38,1,51.3,3.381,127.859129,14.021,1564897.32,1127859.69,1098286.61,1266460.45,1558968.49,1800728.07,2011,2,6
28,2011-02-18,1514828.82,0,53.35,3.43,127.99525,14.021,1397301.38,1564897.32,1079669.11,1179315.72,1491300.42,1723739.44,2011,2,7
28,2011-02-25,1311796.91,0,48.45,3.53,128.13,14.021,1514828.82,1397301.38,1127859.69,1937033.5,1542173.33,2504400.71,2011,2,8
28,2011-03-04,1723736.91,0,51.72,3.674,128.26475,14.021,1311796.91,1514828.82,1564897.32,1447916.29,1608435.45,1806924.74,2011,3,9
28,2011-03-11,1380836.35,0,57.75,3.818,128.3995,14.021,1723736.91,1311796.91,1397301.38,1466164.49,1326877.11,2014665.98,2011,3,10
28,2011-03-18,1286413.71,0,64.21,3.692,128.5121935,14.021,1380836.35,1723736.91,1514828.82,1510443.62,1279819.43,2205919.86,2011,3,11
28,2011-03-25,1201059.72,0,54.4,3.909,128.6160645,14.021,1286413.71,1380836.35,1311796.91,2026026.39,1245268.77,2739019.75,2011,3,12
28,2011-04-01,1336838.41,0,63.63,3.772,128.7199355,13.736,1201059.72,1286413.71,1723736.91,1090558.57,1441559.4,1650604.6,2011,4,13
28,2011-04-08,1414713.5,0,64.47,4.003,128.8238065,13.736,1336838.41,1201059.72,1380836.35,1402902.47,1382359.21,1535287.4,2011,4,14
28,2011-04-15,1240126.07,0,57.63,3.868,128.9107333,13.736,1414713.5,1336838.41,1286413.71,1098286.61,1268240.66,1492399.13,2011,4,15
28,2011-04-22,1297452.0,0,72.12,4.134,128.9553,13.736,1240126.07,1414713.5,1201059.72,1079669.11,1244177.21,1542131.05,2011,4,16
28,2011-04-29,1222367.9,0,68.27,4.151,128.9998667,13.736,1297452.0,1240126.07,1336838.41,1127859.69,1186971.02,1263534.86,2011,4,17
28,2011-05-06,1515890.38,0,68.4,4.193,129.0444333,13.736,1222367.9,1297452.0,1414713.5,1564897.32,1532893.22,1564246.02,2011,5,18
28,2011-05-13,1253316.3,0,70.93,4.202,129.089,13.736,1515890.38,1222367.9,1240126.07,1397301.38,1245898.73,1651605.35,2011,5,19
28,2011-05-20,1151282.31,0,66.59,4.169,129.0756774,13.736,1253316.3,1515890.38,1297452.0,1514828.82,1217923.71,1606221.56,2011,5,20
28,2011-05-27,1160043.98,0,76.67,4.087,129.0623548,13.736,1151282.31,1253316.3,1222367.9,1311796.91,1176588.25,1648602.39,2011,5,21
28,2011-06-03,1403779.25,0,71.81,4.031,129.0490323,13.736,1160043.98,1151282.31,1515890.38,1723736.91,1543678.02,1509323.09,2011,6,22
28,2011-06-10,1339972.83,0,78.72,3.981,129.0357097,13.736,1403779.25,1160043.98,1253316.3,1380836.35,1348995.17,1607343.41,2011,6,23
28,2011-06-17,1268503.49,0,86.84,3.935,129.0432,13.736,1339972.83,1403779.25,1151282.31,1286413.71,1267619.06,1635984.07,2011,6,24
28,2011-06-24,1208809.34,0,88.95,3.898,129.0663,13.736,1268503.49,1339972.83,1160043.98,1201059.72,1231025.07,1620839.34,2011,6,25
28,2011-07-01,1319054.57,0,89.85,3.842,129.0894,13.503,1208809.34,1268503.49,1403779.25,1336838.41,1399960.15,1615494.14,2011,7,26
28,2011-07-08,1459655.85,0,89.9,3.705,129.1125,13.503,1319054.57,1208809.34,1339972.83,1414713.5,1340293.87,1899013.34,2011,7,27
28,2011-07-15,1197373.13,0,88.1,3.692,129.1338387,13.503,1459655.85,1319054.57,1268503.49,1240126.07,1225336.41,1650405.21,2011,7,28
28,2011-07-22,1165870.54,0,91.17,3.794,129.1507742,13.503,1197373.13,1459655.85,1208809.34,1297452.0,1205884.98,1639999.47,2011,7,29
28,2011-07-29,1114530.29,0,93.29,3.805,129.1677097,13.503,1165870.54,1197373.13,1319054.57,1222367.9,1150204.71,1565498.84,2011,7,30
28,2011-08-05,1523870.89,0,90.61,3.803,129.1846452,13.503,1114530.29,1165870.54,1459655.85,1515890.38,1523101.38,1669388.45,2011,8,31
28,2011-08-12,1218764.94,0,91.04,3.701,129.2015806,13.503,1523870.89,1114530.29,1197373.13,1253316.3,1218688.09,1674306.31,2011,8,32
28,2011-08-19,1200019.74,0,91.74,3.743,129.2405806,13.503,1218764.94,1523870.89,1165870.54,1151282.31,1195897.6,1707158.82,2011,8,33
28,2011-08-26,1166479.51,0,94.61,3.74,129.2832581,13.503,1200019.74,1218764.94,1114530.29,1160043.98,1191585.92,1818906.73,2011,8,34
28,2011-09-02,1468871.49,0,93.66,3.798,129.3259355,13.503,1166479.51,1200019.74,1523870.89,1403779.25,1523410.71,1900638.6,2011,9,35
28,2011-09-09,1310087.0,1,88.0,3.913,129.3686129,13.503,1468871.49,1166479.51,1218764.94,1339972.83,1246062.17,1764756.31,2011,9,36
28,2011-09-16,1159212.1,0,76.36,3.918,129.4306,13.503,1310087.0,1468871.49,1200019.74,1268503.49,1159812.35,1773500.56,2011,9,37
28,2011-09-23,1109105.92,0,82.95,3.789,129.5183333,13.503,1159212.1,1310087.0,1166479.51,1208809.34,1111797.21,1837884.79,2011,9,38
28,2011-09-30,1120731.76,0,83.26,3.877,129.6060667,13.503,1109105.92,1159212.1,1468871.49,1319054.57,1203080.41,1842555.32,2011,9,39
28,2011-10-07,1557314.58,0,70.44,3.827,129.6938,12.89,1120731.76,1109105.92,1310087.0,1459655.85,1334571.87,2062224.92,2011,10,40
28,2011-10-14,1220984.94,0,67.31,3.805,129.7706452,12.89,1557314.58,1120731.76,1159212.1,1197373.13,1158062.99,1755889.53,2011,10,41
28,2011-10-21,1203172.05,0,73.05,3.842,129.7821613,12.89,1220984.94,1557314.58,1109105.92,1165870.54,1120619.32,1730913.66,2011,10,42
28,2011-10-28,1242746.06,0,67.41,3.727,129.7936774,12.89,1203172.05,1220984.94,1120731.76,1114530.29,1231688.48,1625883.71,2011,10,43
28,2011-11-04,1576654.67,0,59.77,3.828,129.8051935,12.89,1242746.06,1203172.05,1557314.58,1523870.89,1501663.26,1705810.84,2011,11,44
28,2011-11-11,1402654.95,0,48.76,3.824,129.8167097,12.89,1576654.67,1242746.06,1220984.94,1218764.94,1266460.45,1720537.26,2011,11,45
28,2011-11-18,1255081.22,0,54.2,3.813,129.8268333,12.89,1402654.95,1576654.67,1203172.05,1200019.74,1179315.72,1735339.59,2011,11,46
28,2011-11-25,1929738.27,1,53.25,3.622,129.8364,12.89,1255081.22,1402654.95,1242746.06,1166479.51,1937033.5,1780443.36,2011,11,47
28,2011-12-02,1368130.35,0,52.5,3.701,129.8459667,12.89,1929738.27,1255081.22,1576654.67,1468871.49,1447916.29,1731935.43,2011,12,48
28,2011-12-09,1467024.3,0,42.17,3.644,129.8555333,12.89,1368130.35,1929738.27,1402654.95,1310087.0,1466164.49,1840955.23,2011,12,49
28,2011-12-16,1429954.66,0,43.29,3.6,129.8980645,12.89,1467024.3,1368130.35,1255081.22,1159212.1,1510443.62,1519604.5,2011,12,50
28,2011-12-23,1796203.51,0,45.4,3.541,129.9845484,12.89,1429954.66,1467024.3,1929738.27,1109105.92,2026026.39,1557485.75,2011,12,51
28,2011-12-30,1270036.53,1,44.64,3.428,130.0710323,12.89,1796203.51,1429954.66,1368130.35,1120731.76,1090558.57,1540687.63,2011,12,52
28,2012-01-06,1466046.07,0,50.43,3.599,130.1575161,12.187,1270036.53,1796203.51,1467024.3,1557314.58,1402902.47,1591816.88,2012,1,1
28,2012-01-13,1161190.29,0,48.07,3.657,130.244,12.187,1466046.07,1270036.53,1429954.66,1220984.94,1098286.61,1660081.29,2012,1,2
28,2012-01-20,1129540.48,0,46.2,3.66,130.2792258,12.187,1161190.29,1466046.07,1796203.51,1203172.05,1079669.11,1620374.24,2012,1,3
28,2012-01-27,1132948.48,0,50.43,3.675,130.3144516,12.187,1129540.48,1161190.29,1270036.53,1242746.06,1127859.69,1703047.74,2012,1,4
28,2012-02-03,1531599.44,0,50.58,3.702,130.3496774,12.187,1132948.48,1129540.48,1466046.07,1576654.67,1564897.32,1672352.29,2012,2,5
28,2012-02-10,1572966.15,1,52.27,3.722,130.3849032,12.187,1531599.44,1132948.48,1161190.29,1402654.95,1397301.38,1558968.49,2012,2,6
28,2012-02-17,1501503.68,0,51.8,3.781,130.4546207,12.187,1572966.15,1531599.44,1129540.48,1255081.22,1514828.82,1491300.42,2012,2,7
28,2012-02-24,1323487.91,0,53.13,3.95,130.5502069,12.187,1501503.68,1572966.15,1132948.48,1929738.27,1311796.91,1542173.33,2012,2,8
28,2012-03-02,1451740.57,0,52.27,4.178,130.6457931,12.187,1323487.91,1501503.68,1531599.44,1368130.35,1723736.91,1608435.45,2012,3,9
28,2012-03-09,1680764.06,0,54.54,4.25,130.7413793,12.187,1451740.57,1323487.91,1572966.15,1467024.3,1380836.35,1326877.11,2012,3,10
28,2012-03-16,1337875.49,0,64.44,4.273,130.8261935,12.187,1680764.06,1451740.57,1501503.68,1429954.66,1286413.71,1279819.43,2012,3,11
28,2012-03-23,1216059.41,0,56.26,4.038,130.8966452,12.187,1337875.49,1680764.06,1323487.91,1796203.51,1201059.72,1245268.77,2012,3,12
28,2012-03-30,1209524.11,0,64.36,4.294,130.9670968,12.187,1216059.41,1337875.49,1451740.57,1270036.53,1336838.41,1441559.4,2012,3,13
28,2012-04-06,1559592.79,0,64.05,4.121,131.0375484,11.627,1209524.11,1216059.41,1680764.06,1466046.07,1414713.5,1382359.21,2012,4,14
28,2012-04-13,1290684.95,0,64.28,4.254,131.108,11.627,1559592.79,1209524.11,1337875.49,1161190.29,1240126.07,1268240.66,2012,4,15
28,2012-04-20,1180797.2,0,66.73,4.222,131.1173333,11.627,1290684.95,1559592.79,1216059.41,1129540.48,1297452.0,1244177.21,2012,4,16
28,2012-04-27,1170456.16,0,77.99,4.193,131.1266667,11.627,1180797.2,1290684.95,1209524.11,1132948.48,1222367.9,1186971.02,2012,4,17
28,2012-05-04,1450628.85,0,76.03,4.171,131.136,11.627,1170456.16,1180797.2,1559592.79,1531599.44,1515890.38,1532893.22,2012,5,18
28,2012-05-11,1264575.18,0,77.27,4.186,131.1453333,11.627,1450628.85,1170456.16,1290684.95,1572966.15,1253316.3,1245898.73,2012,5,19
28,2012-05-18,1213310.45,0,84.51,4.11,131.0983226,11.627,1264575.18,1450628.85,1180797.2,1501503.68,1151282.31,1217923.71,2012,5,20
28,2012-05-25,1151214.41,0,83.84,4.293,131.0287742,11.627,1213310.45,1264575.18,1170456.16,1323487.91,1160043.98,1176588.25,2012,5,21
28,2012-06-01,1245480.95,0,78.11,4.277,130.9592258,11.627,1151214.41,1213310.45,1450628.85,1451740.57,1403779.25,1543678.02,2012,6,22
28,2012-06-08,1440687.69,0,84.83,4.103,130.8896774,11.627,1245480.95,1151214.41,1264575.18,1680764.06,1339972.83,1348995.17,2012,6,23
28,2012-06-15,1229760.97,0,85.94,4.144,130.8295333,11.627,1440687.69,1245480.95,1213310.45,1337875.49,1268503.49,1267619.06,2012,6,24
28,2012-06-22,1180671.55,0,91.61,4.014,130.7929,11.627,1229760.97,1440687.69,1151214.41,1216059.41,1208809.34,1231025.07,2012,6,25
28,2012-06-29,1129031.98,0,90.47,3.875,130.7562667,11.627,1180671.55,1229760.97,1245480.95,1209524.11,1319054.57,1399960.15,2012,6,26
28,2012-07-06,1500863.54,0,89.13,3.765,130.7196333,10.926,1129031.98,1180671.55,1440687.69,1559592.79,1459655.85,1340293.87,2012,7,27
28,2012-07-13,1179915.04,0,95.61,3.723,130.683,10.926,1500863.54,1129031.98,1229760.97,1290684.95,1197373.13,1225336.41,2012,7,28
28,2012-07-20,1149427.48,0,85.53,3.726,130.7012903,10.926,1179915.04,1500863.54,1180671.55,1180797.2,1165870.54,1205884.98,2012,7,29
28,2012-07-27,1135035.09,0,93.47,3.769,130.7195806,10.926,1149427.48,1179915.04,1129031.98,1170456.16,1114530.29,1150204.71,2012,7,30
28,2012-08-03,1376520.1,0,88.16,3.76,130.737871,10.926,1135035.09,1149427.48,1500863.54,1450628.85,1523870.89,1523101.38,2012,8,31
28,2012-08-10,1269113.41,0,95.91,3.811,130.7561613,10.926,1376520.1,1135035.09,1179915.04,1264575.18,1218764.94,1218688.09,2012,8,32
28,2012-08-17,1184198.41,0,94.87,4.002,130.7909677,10.926,1269113.41,1376520.1,1149427.48,1213310.45,1200019.74,1195897.6,2012,8,33
28,2012-08-24,1199309.59,0,85.32,4.055,130.8381613,10.926,1184198.41,1269113.41,1135035.09,1151214.41,1166479.51,1191585.92,2012,8,34
28,2012-08-31,1227118.75,0,89.78,4.093,130.8853548,10.926,1199309.59,1184198.41,1376520.1,1245480.95,1468871.49,1523410.71,2012,8,35
28,2012-09-07,1469693.99,1,88.52,4.124,130.9325484,10.926,1227118.75,1199309.59,1269113.41,1440687.69,1310087.0,1246062.17,2012,9,36
28,2012-09-14,1124660.77,0,83.64,4.133,130.9776667,10.926,1469693.99,1227118.75,1184198.41,1229760.97,1159212.1,1159812.35,2012,9,37
28,2012-09-21,1135340.19,0,82.97,4.125,131.0103333,10.926,1124660.77,1469693.99,1199309.59,1180671.55,1109105.92,1111797.21,2012,9,38
28,2012-09-28,1129508.61,0,81.22,3.966,131.043,10.926,1135340.19,1124660.77,1227118.75,1129031.98,1120731.76,1203080.41,2012,9,39
28,2012-10-05,1462941.03,0,81.61,3.966,131.0756667,10.199,1129508.61,1135340.19,1469693.99,1500863.54,1557314.58,1334571.87,2012,10,40
28,2012-10-12,1205536.71,0,71.74,4.468,131.1083333,10.199,1462941.03,1129508.61,1124660.77,1179915.04,1220984.94,1158062.99,2012,10,41
28,2012-10-19,1143724.48,0,68.66,4.449,131.1499677,10.199,1205536.71,1462941.03,1135340.19,1149427.48,1203172.05,1120619.32,2012,10,42
28,2012-10-26,1213860.61,0,65.95,4.301,131.1930968,10.199,1143724.48,1205536.71,1129508.61,1135035.09,1242746.06,1231688.48,2012,10,43
29,2011-02-04,504126.89,0,26.39,3.24,133.1834194,10.256,410426.97,445134.15,455952.18,521002.97,538634.46,1576654.67,2011,2,5
29,2011-02-11,550387.78,1,28.89,3.255,133.260871,10.256,504126.89,410426.97,426905.26,524450.7,529672.95,1402654.95,2011,2,6
29,2011-02-18,542529.21,0,35.34,3.263,133.3701429,10.256,550387.78,504126.89,445134.15,508174.55,542399.07,1255081.22,2011,2,7
29,2011-02-25,483660.15,0,30.23,3.281,133.4921429,10.256,542529.21,550387.78,410426.97,975268.91,488417.61,1929738.27,2011,2,8
29,2011-03-04,536031.67,0,33.52,3.437,133.6141429,10.256,483660.15,542529.21,504126.89,642678.53,535087.91,1368130.35,2011,3,9
29,2011-03-11,493430.45,0,41.42,3.6,133.7361429,10.256,536031.67,483660.15,550387.78,713834.74,519042.49,1467024.3,2011,3,10
29,2011-03-18,493653.43,0,43.38,3.634,133.8492258,10.256,493430.45,536031.67,542529.21,850538.25,496851.6,1429954.66,2011,3,11
29,2011-03-25,478773.05,0,38.77,3.624,133.9587419,10.256,493653.43,493430.45,483660.15,1130926.79,552985.34,1796203.51,2011,3,12
29,2011-04-01,475615.26,0,36.04,3.638,134.0682581,9.966,478773.05,493653.43,536031.67,465992.02,599629.25,1270036.53,2011,4,13
29,2011-04-08,505304.33,0,44.42,3.72,134.1777742,9.966,475615.26,478773.05,493430.45,455952.18,569937.23,1466046.07,2011,4,14
29,2011-04-15,518245.97,0,48.88,3.823,134.2784667,9.966,505304.33,475615.26,493653.43,426905.26,509100.84,1161190.29,2011,4,15
29,2011-04-22,589252.69,0,47.76,3.919,134.3571,9.966,518245.97,505304.33,478773.05,445134.15,505329.66,1129540.48,2011,4,16
29,2011-04-29,493078.64,0,57.2,3.988,134.4357333,9.966,589252.69,518245.97,475615.26,410426.97,501013.47,1132948.48,2011,4,17
29,2011-05-06,534372.53,0,53.63,4.078,134.5143667,9.966,493078.64,589252.69,505304.33,504126.89,568497.35,1531599.44,2011,5,18
29,2011-05-13,549551.02,0,57.71,4.095,134.593,9.966,534372.53,493078.64,518245.97,550387.78,518940.88,1572966.15,2011,5,19
29,2011-05-20,492932.51,0,58.56,4.101,134.6803871,9.966,549551.02,534372.53,589252.69,542529.21,502021.82,1501503.68,2011,5,20
29,2011-05-27,550735.64,0,62.59,4.034,134.7677742,9.966,492932.51,549551.02,493078.64,483660.15,577627.66,1323487.91,2011,5,21
29,2011-06-03,598251.57,0,70.09,3.973,134.8551613,9.966,550735.64,492932.51,534372.53,536031.67,588017.66,1451740.57,2011,6,22
29,2011-06-10,558431.44,0,69.53,3.924,134.9425484,9.966,598251.57,550735.64,549551.02,493430.45,540716.58,1680764.06,2011,6,23
29,2011-06-17,536914.17,0,63.97,3.873,135.0837333,9.966,558431.44,598251.57,492932.51,493653.43,558731.74,1337875.49,2011,6,24
29,2011-06-24,545368.17,0,68.53,3.851,135.2652667,9.966,536914.17,558431.44,550735.64,478773.05,585548.79,1216059.41,2011,6,25
29,2011-07-01,567114.6,0,70.8,3.815,135.4468,9.863,545368.17,536914.17,598251.57,475615.26,581473.55,1209524.11,2011,7,26
29,2011-07-08,547586.07,0,74.22,3.784,135.6283333,9.863,567114.6,545368.17,558431.44,505304.33,563449.43,1559592.79,2011,7,27
29,2011-07-15,505246.15,0,75.2,3.827,135.7837419,9.863,547586.07,567114.6,536914.17,518245.97,512292.01,1290684.95,2011,7,28
29,2011-07-22,507335.75,0,77.79,3.882,135.8738387,9.863,505246.15,547586.07,545368.17,589252.69,506502.09,1180797.2,2011,7,29
29,2011-07-29,474653.06,0,75.32,3.898,135.9639355,9.863,507335.75,505246.15,567114.6,493078.64,509872.77,1170456.16,2011,7,30
29,2011-08-05,503486.37,0,75.33,3.903,136.0540323,9.863,474653.06,507335.75,547586.07,534372.53,519787.93,1450628.85,2011,8,31
29,2011-08-12,471311.5,0,74.69,3.88,136.144129,9.863,503486.37,474653.06,505246.15,549551.02,495269.0,1264575.18,2011,8,32
29,2011-08-19,498056.0,0,71.3,3.82,136.183129,9.863,471311.5,503486.37,507335.75,492932.51,531640.19,1213310.45,2011,8,33
29,2011-08-26,608294.98,0,72.22,3.796,136.2136129,9.863,498056.0,471311.5,474653.06,550735.64,545766.13,1151214.41,2011,8,34
29,2011-09-02,497085.91,0,69.16,3.784,136.2440968,9.863,608294.98,498056.0,503486.37,598251.57,579272.38,1245480.95,2011,9,35
29,2011-09-09,505406.72,1,69.14,3.809,136.2745806,9.863,497085.91,608294.98,471311.5,558431.44,491290.37,1440687.69,2011,9,36
29,2011-09-16,474129.35,0,68.08,3.809,136.3145,9.863,505406.72,497085.91,498056.0,536914.17,463752.89,1229760.97,2011,9,37
29,2011-09-23,475696.37,0,62.36,3.758,136.367,9.863,474129.35,505406.72,608294.98,545368.17,465338.41,1180671.55,2011,9,38
29,2011-09-30,446516.26,0,69.78,3.684,136.4195,9.863,475696.37,474129.35,497085.91,567114.6,474698.01,1129031.98,2011,9,39
29,2011-10-07,514993.0,0,56.44,3.633,136.472,9.357,446516.26,475696.37,505406.72,547586.07,530059.06,1500863.54,2011,10,40
29,2011-10-14,475776.45,0,62.63,3.583,136.5150968,9.357,514993.0,446516.26,474129.35,505246.15,483011.69,1179915.04,2011,10,41
29,2011-10-21,505068.22,0,59.3,3.618,136.5017742,9.357,475776.45,514993.0,475696.37,507335.75,505221.17,1149427.48,2011,10,42
29,2011-10-28,515119.64,0,49.31,3.604,136.4884516,9.357,505068.22,475776.45,446516.26,474653.06,527058.59,1135035.09,2011,10,43
29,2011-11-04,620735.72,0,42.81,3.586,136.475129,9.357,515119.64,505068.22,514993.0,503486.37,521002.97,1376520.1,2011,11,44
29,2011-11-11,531600.62,0,47.8,3.57,136.4618065,9.357,620735.72,515119.64,475776.45,471311.5,524450.7,1269113.41,2011,11,45
29,2011-11-18,504601.29,0,50.62,3.571,136.4666667,9.357,531600.62,620735.72,505068.22,498056.0,508174.55,1184198.41,2011,11,46
29,2011-11-25,913165.19,1,46.28,3.536,136.4788,9.357,504601.29,531600.62,515119.64,608294.98,975268.91,1199309.59,2011,11,47
29,2011-12-02,579874.22,0,49.11,3.501,136.4909333,9.357,913165.19,504601.29,620735.72,497085.91,642678.53,1227118.75,2011,12,48
29,2011-12-09,633240.53,0,45.35,3.47,136.5030667,9.357,579874.22,913165.19,531600.62,505406.72,713834.74,1469693.99,2011,12,49
29,2011-12-16,736805.66,0,39.11,3.445,136.5335161,9.357,633240.53,579874.22,504601.29,474129.35,850538.25,1124660.77,2011,12,50
29,2011-12-23,1016637.39,0,39.83,3.413,136.5883871,9.357,736805.66,633240.53,913165.19,475696.37,1130926.79,1135340.19,2011,12,51
29,2011-12-30,551743.05,1,36.28,3.402,136.6432581,9.357,1016637.39,736805.66,579874.22,446516.26,465992.02,1129508.61,2011,12,52
29,2012-01-06,469773.85,0,34.61,3.439,136.698129,8.988,551743.05,1016637.39,633240.53,514993.0,455952.18,1462941.03,2012,1,1
29,2012-01-13,444756.37,0,39.0,3.523,136.753,8.988,469773.85,551743.05,736805.66,475776.45,426905.26,1205536.71,2012,1,2
29,2012-01-20,446863.31,0,29.16,3.542,136.8564194,8.988,444756.37,469773.85,1016637.39,505068.22,445134.15,1143724.48,2012,1,3
29,2012-01-27,395987.24,0,35.68,3.568,136.9598387,8.988,446863.31,444756.37,551743.05,515119.64,410426.97,1213860.61,2012,1,4
29,2012-02-03,493159.35,0,40.58,3.633,137.0632581,8.988,395987.24,446863.31,469773.85,620735.72,504126.89,538634.46,2012,2,5
29,2012-02-10,545840.05,1,35.68,3.655,137.1666774,8.988,493159.35,395987.24,444756.37,531600.62,550387.78,529672.95,2012,2,6
29,2012-02-17,559606.91,0,36.25,3.703,137.2583103,8.988,545840.05,493159.35,446863.31,504601.29,542529.21,542399.07,2012,2,7
29,2012-02-24,488782.63,0,39.0,3.751,137.3411034,8.988,559606.91,545840.05,395987.24,913165.19,483660.15,488417.61,2012,2,8
29,2012-03-02,500801.72,0,37.47,3.827,137.4238966,8.988,488782.63,559606.91,493159.35,579874.22,536031.67,535087.91,2012,3,9
29,2012-03-09,504750.35,0,41.72,3.876,137.5066897,8.988,500801.72,488782.63,545840.05,633240.53,493430.45,519042.49,2012,3,10
29,2012-03-16,489293.72,0,46.06,3.867,137.5843871,8.988,504750.35,500801.72,559606.91,736805.66,493653.43,496851.6,2012,3,11
29,2012-03-23,517408.48,0,54.68,3.889,137.6552903,8.988,489293.72,504750.35,488782.63,1016637.39,478773.05,552985.34,2012,3,12
29,2012-03-30,504566.28,0,46.4,3.921,137.7261935,8.988,517408.48,489293.72,500801.72,551743.05,475615.26,599629.25,2012,3,13
29,2012-04-06,633826.55,0,46.38,3.957,137.7970968,9.14,504566.28,517408.48,504750.35,469773.85,505304.33,569937.23,2012,4,14
29,2012-04-13,520493.83,0,49.89,4.025,137.868,9.14,633826.55,504566.28,489293.72,444756.37,518245.97,509100.84,2012,4,15
29,2012-04-20,525200.59,0,58.81,4.046,137.9230667,9.14,520493.83,633826.55,517408.48,446863.31,589252.69,505329.66,2012,4,16
29,2012-04-27,497250.22,0,51.42,4.023,137.9781333,9.14,525200.59,520493.83,504566.28,395987.24,493078.64,501013.47,2012,4,17
29,2012-05-04,504963.84,0,50.75,3.991,138.0332,9.14,497250.22,525200.59,633826.55,493159.35,534372.53,568497.35,2012,5,18
29,2012-05-11,529707.87,0,56.72,3.947,138.0882667,9.14,504963.84,497250.22,520493.83,545840.05,549551.02,518940.88,2012,5,19
29,2012-05-18,543706.04,0,61.9,3.899,138.1065806,9.14,529707.87,504963.84,525200.59,559606.91,492932.51,502021.82,2012,5,20
29,2012-05-25,549665.67,0,62.39,3.85,138.1101935,9.14,543706.04,529707.87,497250.22,488782.63,550735.64,577627.66,2012,5,21
29,2012-06-01,576252.35,0,70.01,3.798,138.1138065,9.14,549665.67,543706.04,504963.84,500801.72,598251.57,588017.66,2012,6,22
29,2012-06-08,554093.15,0,61.71,3.746,138.1174194,9.14,576252.35,549665.67,529707.87,504750.35,558431.44,540716.58,2012,6,23
29,2012-06-15,552338.76,0,66.56,3.683,138.1295333,9.14,554093.15,576252.35,543706.04,489293.72,536914.17,558731.74,2012,6,24
29,2012-06-22,581854.5,0,70.61,3.629,138.1629,9.14,552338.76,554093.15,549665.67,517408.48,545368.17,585548.79,2012,6,25
29,2012-06-29,555954.13,0,70.99,3.577,138.1962667,9.14,581854.5,552338.76,576252.35,504566.28,567114.6,581473.55,2012,6,26
29,2012-07-06,578832.41,0,77.41,3.538,138.2296333,9.419,555954.13,581854.5,554093.15,633826.55,547586.07,563449.43,2012,7,27
29,2012-07-13,514709.76,0,75.81,3.561,138.263,9.419,578832.41,555954.13,552338.76,520493.83,505246.15,512292.01,2012,7,28
29,2012-07-20,506705.36,0,76.57,3.61,138.2331935,9.419,514709.76,578832.41,581854.5,525200.59,507335.75,506502.09,2012,7,29
29,2012-07-27,475158.24,0,73.52,3.701,138.2033871,9.419,506705.36,514709.76,555954.13,497250.22,474653.06,509872.77,2012,7,30
29,2012-08-03,504754.74,0,72.99,3.698,138.1735806,9.419,475158.24,506705.36,578832.41,504963.84,503486.37,519787.93,2012,8,31
29,2012-08-10,518628.42,0,76.74,3.772,138.1437742,9.419,504754.74,475158.24,514709.76,529707.87,471311.5,495269.0,2012,8,32
29,2012-08-17,416881.66,0,74.92,3.84,138.1857097,9.419,518628.42,504754.74,506705.36,543706.04,498056.0,531640.19,2012,8,33
29,2012-08-24,615026.15,0,70.42,3.874,138.2814516,9.419,416881.66,518628.42,475158.24,549665.67,608294.98,545766.13,2012,8,34
29,2012-08-31,545844.91,0,71.93,3.884,138.3771935,9.419,615026.15,416881.66,504754.74,576252.35,497085.91,579272.38,2012,8,35
29,2012-09-07,540811.85,1,73.3,3.921,138.4729355,9.419,545844.91,615026.15,518628.42,554093.15,505406.72,491290.37,2012,9,36
29,2012-09-14,475127.18,0,66.42,3.988,138.5673,9.419,540811.85,545844.91,416881.66,552338.76,474129.35,463752.89,2012,9,37
29,2012-09-21,489079.23,0,63.38,4.056,138.6534,9.419,475127.18,540811.85,615026.15,581854.5,475696.37,465338.41,2012,9,38
29,2012-09-28,489674.23,0,62.17,4.018,138.7395,9.419,489079.23,475127.18,545844.91,555954.13,446516.26,474698.01,2012,9,39
29,2012-10-05,520632.8,0,62.09,4.027,138.8256,9.151,489674.23,489079.23,540811.85,578832.41,514993.0,530059.06,2012,10,40
29,2012-10-12,513737.0,0,54.18,4.029,138.9117,9.151,520632.8,489674.23,475127.18,514709.76,475776.45,483011.69,2012,10,41
29,2012-10-19,516909.24,0,55.28,4.0,138.8336129,9.151,513737.0,520632.8,489079.23,506705.36,505068.22,505221.17,2012,10,42
29,2012-10-26,534970.68,0,57.58,3.917,138.7281613,9.151,516909.24,513737.0,489674.23,475158.24,515119.64,527058.59,2012,10,43
30,2011-02-04,490970.95,0,36.33,2.989,212.2240646,8.028,425989.04,439132.62,451077.21,484661.87,465108.52,620735.72,2011,2,5
30,2011-02-11,470921.24,1,34.61,3.022,212.5928624,8.028,490970.95,425989.04,465408.72,431266.64,497374.57,531600.62,2011,2,6
30,2011-02-18,417070.51,0,59.87,3.045,212.9033115,8.028,470921.24,490970.95,439132.62,423707.69,463513.26,504601.29,2011,2,7
30,2011-02-25,432687.97,0,61.27,3.065,213.190421,8.028,417070.51,470921.24,425989.04,462732.36,472330.71,913165.19,2011,2,8
30,2011-03-04,443334.71,0,59.52,3.288,213.4775305,8.028,432687.97,417070.51,490970.95,407112.22,472591.07,579874.22,2011,3,9
30,2011-03-11,438529.81,0,54.69,3.459,213.7646401,8.028,443334.71,432687.97,470921.24,428631.91,468189.93,633240.53,2011,3,10
30,2011-03-18,425470.84,0,63.26,3.488,214.0156238,8.028,438529.81,443334.71,417070.51,445332.28,445736.36,736805.66,2011,3,11
30,2011-03-25,431754.01,0,70.33,3.473,214.2521573,8.028,425470.84,438529.81,432687.97,519354.88,442457.35,1016637.39,2011,3,12
30,2011-04-01,437926.79,0,56.36,3.524,214.4886908,7.931,431754.01,425470.84,443334.71,397631.02,457884.06,551743.05,2011,4,13
30,2011-04-08,443889.5,0,68.62,3.622,214.7252242,7.931,437926.79,431754.01,438529.81,451077.21,454800.96,469773.85,2011,4,14
30,2011-04-15,426666.92,0,71.01,3.743,214.9420631,7.931,443889.5,437926.79,425470.84,465408.72,471054.16,444756.37,2011,4,15
30,2011-04-22,445358.73,0,70.79,3.807,215.1096657,7.931,426666.92,443889.5,431754.01,439132.62,462454.39,446863.31,2011,4,16
30,2011-04-29,423687.2,0,70.19,3.81,215.2772683,7.931,445358.73,426666.92,437926.79,425989.04,456140.34,395987.24,2011,4,17
30,2011-05-06,438789.52,0,61.87,3.906,215.4448709,7.931,423687.2,445358.73,443889.5,490970.95,457883.94,493159.35,2011,5,18
30,2011-05-13,424614.59,0,75.04,3.899,215.6124735,7.931,438789.52,423687.2,426666.92,470921.24,461868.09,545840.05,2011,5,19
30,2011-05-20,435102.2,0,68.36,3.907,215.3834778,7.931,424614.59,438789.52,445358.73,417070.51,455751.84,559606.91,2011,5,20
30,2011-05-27,429305.82,0,76.86,3.786,215.1544822,7.931,435102.2,424614.59,423687.2,432687.97,462474.16,488782.63,2011,5,21
30,2011-06-03,432808.48,0,83.82,3.699,214.9254865,7.931,429305.82,435102.2,438789.52,443334.71,458343.7,500801.72,2011,6,22
30,2011-06-10,424697.05,0,84.71,3.648,214.6964908,7.931,432808.48,429305.82,424614.59,438529.81,445530.16,504750.35,2011,6,23
30,2011-06-17,435481.03,0,87.54,3.637,214.6513538,7.931,424697.05,432808.48,435102.2,425470.84,447727.52,489293.72,2011,6,24
30,2011-06-24,422715.74,0,85.72,3.594,214.7441108,7.931,435481.03,424697.05,429305.82,431754.01,453210.24,517408.48,2011,6,25
30,2011-07-01,428782.38,0,87.57,3.524,214.8368678,7.852,422715.74,435481.03,432808.48,437926.79,450337.47,504566.28,2011,7,26
30,2011-07-08,419764.37,0,89.16,3.48,214.9296249,7.852,428782.38,422715.74,424697.05,443889.5,436293.4,633826.55,2011,7,27
30,2011-07-15,420515.63,0,91.05,3.575,215.0134426,7.852,419764.37,428782.38,435481.03,426666.92,438068.71,520493.83,2011,7,28
30,2011-07-22,423441.76,0,90.27,3.651,215.0749122,7.852,420515.63,419764.37,422715.74,445358.73,440491.33,525200.59,2011,7,29
30,2011-07-29,414245.96,0,91.56,3.682,215.1363819,7.852,423441.76,420515.63,428782.38,423687.2,437893.76,497250.22,2011,7,30
30,2011-08-05,431798.64,0,94.22,3.684,215.1978515,7.852,414245.96,423441.76,419764.37,438789.52,441407.06,504963.84,2011,8,31
30,2011-08-12,412224.67,0,92.32,3.638,215.2593211,7.852,431798.64,414245.96,420515.63,424614.59,444160.07,529707.87,2011,8,32
30,2011-08-19,414450.61,0,90.11,3.554,215.3229307,7.852,412224.67,431798.64,423441.76,435102.2,447139.8,543706.04,2011,8,33
30,2011-08-26,387944.83,0,92.07,3.523,215.386897,7.852,414450.61,412224.67,414245.96,429305.82,443810.78,549665.67,2011,8,34
30,2011-09-02,369722.32,0,91.94,3.533,215.4508632,7.852,387944.83,414450.61,431798.64,432808.48,461548.98,576252.35,2011,9,35
30,2011-09-09,370897.82,1,78.87,3.546,215.5148295,7.852,369722.32,387944.83,412224.67,424697.05,455162.92,554093.15,2011,9,36
30,2011-09-16,382914.66,0,80.62,3.526,215.6944378,7.852,370897.82,369722.32,414450.61,435481.03,462058.19,552338.76,2011,9,37
30,2011-09-23,391837.56,0,75.68,3.467,216.0282356,7.852,382914.66,370897.82,387944.83,422715.74,448392.17,581854.5,2011,9,38
30,2011-09-30,387001.13,0,78.91,3.355,216.3620333,7.852,391837.56,382914.66,369722.32,428782.38,445475.3,555954.13,2011,9,39
30,2011-10-07,417528.26,0,71.64,3.285,216.6958311,7.441,387001.13,391837.56,370897.82,419764.37,462080.47,578832.41,2011,10,40
30,2011-10-14,410711.99,0,69.79,3.274,217.0048261,7.441,417528.26,387001.13,382914.66,420515.63,453943.89,514709.76,2011,10,41
30,2011-10-21,428958.53,0,65.16,3.353,217.1650042,7.441,410711.99,417528.26,391837.56,423441.76,459631.74,506705.36,2011,10,42
30,2011-10-28,426151.88,0,65.46,3.372,217.3251824,7.441,428958.53,410711.99,387001.13,414245.96,438334.39,475158.24,2011,10,43
30,2011-11-04,432359.04,0,56.01,3.332,217.4853605,7.441,426151.88,428958.53,417528.26,431798.64,484661.87,504754.74,2011,11,44
30,2011-11-11,409686.63,0,59.8,3.297,217.6455387,7.441,432359.04,426151.88,410711.99,412224.67,431266.64,518628.42,2011,11,45
30,2011-11-18,436462.63,0,61.9,3.308,217.8670218,7.441,409686.63,432359.04,428958.53,414450.61,423707.69,416881.66,2011,11,46
30,2011-11-25,452163.93,1,56.43,3.236,218.1130269,7.441,436462.63,409686.63,426151.88,387944.83,462732.36,615026.15,2011,11,47
30,2011-12-02,412385.75,0,48.72,3.172,218.3590319,7.441,452163.93,436462.63,432359.04,369722.32,407112.22,545844.91,2011,12,48
30,2011-12-09,436741.02,0,41.44,3.158,218.605037,7.441,412385.75,452163.93,409686.63,370897.82,428631.91,540811.85,2011,12,49
30,2011-12-16,441265.08,0,50.56,3.159,218.8217928,7.441,436741.02,412385.75,436462.63,382914.66,445332.28,475127.18,2011,12,50
30,2011-12-23,492022.68,0,46.54,3.112,218.9995495,7.441,441265.08,436741.02,452163.93,391837.56,519354.88,489079.23,2011,12,51
30,2011-12-30,376777.45,1,45.16,3.129,219.1773063,7.441,492022.68,441265.08,412385.75,387001.13,397631.02,489674.23,2011,12,52
30,2012-01-06,457030.86,0,48.1,3.157,219.355063,7.057,376777.45,492022.68,436741.02,417528.26,451077.21,520632.8,2012,1,1
30,2012-01-13,447023.91,0,45.0,3.261,219.5328198,7.057,457030.86,376777.45,441265.08,410711.99,465408.72,513737.0,2012,1,2
30,2012-01-20,438760.62,0,52.21,3.268,219.6258417,7.057,447023.91,457030.86,492022.68,428958.53,439132.62,516909.24,2012,1,3
30,2012-01-27,433037.66,0,50.79,3.29,219.7188636,7.057,438760.62,447023.91,376777.45,426151.88,425989.04,534970.68,2012,1,4
30,2012-02-03,434080.74,0,55.83,3.36,219.8118854,7.057,433037.66,438760.62,457030.86,432359.04,490970.95,465108.52,2012,2,5
30,2012-02-10,451365.99,1,46.52,3.409,219.9049073,7.057,434080.74,433037.66,447023.91,409686.63,470921.24,497374.57,2012,2,6
30,2012-02-17,435109.11,0,45.03,3.51,220.0651993,7.057,451365.99,434080.74,438760.62,436462.63,417070.51,463513.26,2012,2,7
30,2012-02-24,425215.71,0,54.81,3.555,220.275944,7.057,435109.11,451365.99,433037.66,452163.93,432687.97,472330.71,2012,2,8
30,2012-03-02,438640.61,0,59.3,3.63,220.4866886,7.057,425215.71,435109.11,434080.74,412385.75,443334.71,472591.07,2012,3,9
30,2012-03-09,446617.89,0,57.16,3.669,220.6974332,7.057,438640.61,425215.71,451365.99,436741.02,438529.81,468189.93,2012,3,10
30,2012-03-16,413617.45,0,63.39,3.734,220.8498468,7.057,446617.89,438640.61,435109.11,441265.08,425470.84,445736.36,2012,3,11
30,2012-03-23,430222.97,0,62.96,3.787,220.9244858,7.057,413617.45,446617.89,425215.71,492022.68,431754.01,442457.35,2012,3,12
30,2012-03-30,449603.91,0,67.87,3.845,220.9991248,7.057,430222.97,413617.45,438640.61,376777.45,437926.79,457884.06,2012,3,13
30,2012-04-06,461511.92,0,69.02,3.891,221.0737638,6.891,449603.91,430222.97,446617.89,457030.86,443889.5,454800.96,2012,4,14
30,2012-04-13,428784.7,0,69.03,3.891,221.1484028,6.891,461511.92,449603.91,413617.45,447023.91,426666.92,471054.16,2012,4,15
30,2012-04-20,462909.41,0,66.97,3.877,221.2021074,6.891,428784.7,461511.92,430222.97,438760.62,445358.73,462454.39,2012,4,16
30,2012-04-27,433744.83,0,69.21,3.814,221.255812,6.891,462909.41,428784.7,449603.91,433037.66,423687.2,456140.34,2012,4,17
30,2012-05-04,454477.54,0,77.53,3.749,221.3095166,6.891,433744.83,462909.41,461511.92,434080.74,438789.52,457883.94,2012,5,18
30,2012-05-11,436070.45,0,74.14,3.688,221.3632212,6.891,454477.54,433744.83,428784.7,451365.99,424614.59,461868.09,2012,5,19
30,2012-05-18,460945.14,0,72.42,3.63,221.380331,6.891,436070.45,454477.54,462909.41,435109.11,435102.2,455751.84,2012,5,20
30,2012-05-25,449355.91,0,79.49,3.561,221.3828029,6.891,460945.14,436070.45,433744.83,425215.71,429305.82,462474.16,2012,5,21
30,2012-06-01,427021.18,0,79.24,3.501,221.3852748,6.891,449355.91,460945.14,454477.54,438640.61,432808.48,458343.7,2012,6,22
30,2012-06-08,437222.94,0,79.47,3.452,221.3877467,6.891,427021.18,449355.91,436070.45,446617.89,424697.05,445530.16,2012,6,23
30,2012-06-15,438523.24,0,81.51,3.393,221.4009901,6.891,437222.94,427021.18,460945.14,413617.45,435481.03,447727.52,2012,6,24
30,2012-06-22,428554.63,0,81.78,3.346,221.4411622,6.891,438523.24,437222.94,449355.91,430222.97,422715.74,453210.24,2012,6,25
30,2012-06-29,423192.4,0,88.05,3.286,221.4813343,6.891,428554.63,438523.24,427021.18,449603.91,428782.38,450337.47,2012,6,26
30,2012-07-06,440553.42,0,85.26,3.227,221.5215064,6.565,423192.4,428554.63,437222.94,461511.92,419764.37,436293.4,2012,7,27
30,2012-07-13,417640.34,0,82.51,3.256,221.5616784,6.565,440553.42,423192.4,438523.24,428784.7,420515.63,438068.71,2012,7,28
30,2012-07-20,427491.04,0,84.25,3.311,221.5701123,6.565,417640.34,440553.42,428554.63,462909.41,423441.76,440491.33,2012,7,29
30,2012-07-27,424581.17,0,88.09,3.407,221.5785461,6.565,427491.04,417640.34,423192.4,433744.83,414245.96,437893.76,2012,7,30
30,2012-08-03,425136.55,0,91.57,3.417,221.5869799,6.565,424581.17,427491.04,440553.42,454477.54,431798.64,441407.06,2012,8,31
30,2012-08-10,430878.28,0,89.57,3.494,221.5954138,6.565,425136.55,424581.17,417640.34,436070.45,412224.67,444160.07,2012,8,32
30,2012-08-17,423351.15,0,85.55,3.571,221.6751459,6.565,430878.28,425136.55,427491.04,460945.14,414450.61,447139.8,2012,8,33
30,2012-08-24,425296.65,0,77.72,3.62,221.8083518,6.565,423351.15,430878.28,424581.17,449355.91,387944.83,443810.78,2012,8,34
30,2012-08-31,439132.5,0,83.58,3.638,221.9415576,6.565,425296.65,423351.15,425136.55,427021.18,369722.32,461548.98,2012,8,35
30,2012-09-07,433565.77,1,88.4,3.73,222.0747635,6.565,439132.5,425296.65,430878.28,437222.94,370897.82,455162.92,2012,9,36
30,2012-09-14,437773.31,0,76.1,3.717,222.2174395,6.565,433565.77,439132.5,423351.15,438523.24,382914.66,462058.19,2012,9,37
30,2012-09-21,443891.64,0,71.54,3.721,222.4169362,6.565,437773.31,433565.77,425296.65,428554.63,391837.56,448392.17,2012,9,38
30,2012-09-28,425410.04,0,80.38,3.666,222.6164329,6.565,443891.64,437773.31,439132.5,423192.4,387001.13,445475.3,2012,9,39
30,2012-10-05,446751.45,0,70.28,3.617,222.8159296,6.17,425410.04,443891.64,433565.77,440553.42,417528.26,462080.47,2012,10,40
30,2012-10-12,434593.26,0,61.53,3.601,223.0154263,6.17,446751.45,425410.04,437773.31,417640.34,410711.99,453943.89,2012,10,41
30,2012-10-19,437537.29,0,68.52,3.594,223.0598077,6.17,434593.26,446751.45,443891.64,427491.04,428958.53,459631.74,2012,10,42
30,2012-10-26,439424.5,0,70.5,3.506,223.0783366,6.17,437537.29,434593.26,425410.04,424581.17,426151.88,438334.39,2012,10,43
31,2011-02-04,1443206.46,0,36.33,2.989,212.2240646,8.028,1254955.68,1344167.13,1311986.87,1324455.72,1469252.05,432359.04,2011,2,5
31,2011-02-11,1539230.32,1,34.61,3.022,212.5928624,8.028,1443206.46,1254955.68,1350730.31,1352780.76,1543947.23,409686.63,2011,2,6
31,2011-02-18,1539063.91,0,59.87,3.045,212.9033115,8.028,1539230.32,1443206.46,1344167.13,1359158.57,1473386.75,436462.63,2011,2,7
31,2011-02-25,1365678.22,0,61.27,3.065,213.190421,8.028,1539063.91,1539230.32,1254955.68,1858856.06,1344354.41,452163.93,2011,2,8
31,2011-03-04,1412721.18,0,59.52,3.288,213.4775305,8.028,1365678.22,1539063.91,1443206.46,1338716.37,1384870.51,412385.75,2011,3,9
31,2011-03-11,1405572.93,0,54.69,3.459,213.7646401,8.028,1412721.18,1365678.22,1539230.32,1475685.1,1366193.35,436741.02,2011,3,10
31,2011-03-18,1425559.02,0,63.26,3.488,214.0156238,8.028,1405572.93,1412721.18,1539063.91,1714667.0,1332261.01,441265.08,2011,3,11
31,2011-03-25,1357036.1,0,70.33,3.473,214.2521573,8.028,1425559.02,1405572.93,1365678.22,2068942.97,1229635.7,492022.68,2011,3,12
31,2011-04-01,1344890.73,0,56.36,3.524,214.4886908,7.931,1357036.1,1425559.02,1412721.18,1198071.6,1357600.68,376777.45,2011,4,13
31,2011-04-08,1416790.17,0,68.62,3.622,214.7252242,7.931,1344890.73,1357036.1,1405572.93,1311986.87,1395710.09,457030.86,2011,4,14
31,2011-04-15,1408464.08,0,71.01,3.743,214.9420631,7.931,1416790.17,1344890.73,1425559.02,1350730.31,1367448.28,447023.91,2011,4,15
31,2011-04-22,1461393.91,0,70.79,3.807,215.1096657,7.931,1408464.08,1416790.17,1357036.1,1344167.13,1280465.8,438760.62,2011,4,16
31,2011-04-29,1331137.96,0,70.19,3.81,215.2772683,7.931,1461393.91,1408464.08,1344890.73,1254955.68,1243200.24,433037.66,2011,4,17
31,2011-05-06,1388755.61,0,61.87,3.906,215.4448709,7.931,1331137.96,1461393.91,1416790.17,1443206.46,1381796.8,434080.74,2011,5,18
31,2011-05-13,1408118.22,0,75.04,3.899,215.6124735,7.931,1388755.61,1331137.96,1408464.08,1539230.32,1287288.59,451365.99,2011,5,19
31,2011-05-20,1387365.19,0,68.36,3.907,215.3834778,7.931,1408118.22,1388755.61,1461393.91,1539063.91,1337405.6,435109.11,2011,5,20
31,2011-05-27,1342273.64,0,76.86,3.786,215.1544822,7.931,1387365.19,1408118.22,1331137.96,1365678.22,1309437.17,425215.71,2011,5,21
31,2011-06-03,1430348.1,0,83.82,3.699,214.9254865,7.931,1342273.64,1387365.19,1388755.61,1412721.18,1427624.5,438640.61,2011,6,22
31,2011-06-10,1425299.37,0,84.71,3.648,214.6964908,7.931,1430348.1,1342273.64,1408118.22,1405572.93,1377092.33,446617.89,2011,6,23
31,2011-06-17,1491039.14,0,87.54,3.637,214.6513538,7.931,1425299.37,1430348.1,1387365.19,1425559.02,1368090.08,413617.45,2011,6,24
31,2011-06-24,1375962.46,0,85.72,3.594,214.7441108,7.931,1491039.14,1425299.37,1342273.64,1357036.1,1303523.73,430222.97,2011,6,25
31,2011-07-01,1371889.27,0,87.57,3.524,214.8368678,7.852,1375962.46,1491039.14,1430348.1,1344890.73,1311704.92,449603.91,2011,7,26
31,2011-07-08,1423144.47,0,89.16,3.48,214.9296249,7.852,1371889.27,1375962.46,1425299.37,1416790.17,1315118.4,461511.92,2011,7,27
31,2011-07-15,1415473.91,0,91.05,3.575,215.0134426,7.852,1423144.47,1371889.27,1491039.14,1408464.08,1335433.72,428784.7,2011,7,28
31,2011-07-22,1401944.8,0,90.27,3.651,215.0749122,7.852,1415473.91,1423144.47,1375962.46,1461393.91,1276031.84,462909.41,2011,7,29
31,2011-07-29,1308122.15,0,91.56,3.682,215.1363819,7.852,1401944.8,1415473.91,1371889.27,1331137.96,1231993.14,433744.83,2011,7,30
31,2011-08-05,1428993.33,0,94.22,3.684,215.1978515,7.852,1308122.15,1401944.8,1423144.47,1388755.61,1352401.08,454477.54,2011,8,31
31,2011-08-12,1443311.49,0,92.32,3.638,215.2593211,7.852,1428993.33,1308122.15,1415473.91,1408118.22,1327719.34,436070.45,2011,8,32
31,2011-08-19,1487542.53,0,90.11,3.554,215.3229307,7.852,1443311.49,1428993.33,1401944.8,1387365.19,1376571.21,460945.14,2011,8,33
31,2011-08-26,1417267.07,0,92.07,3.523,215.386897,7.852,1487542.53,1443311.49,1308122.15,1342273.64,1326621.98,449355.91,2011,8,34
31,2011-09-02,1385769.03,0,91.94,3.533,215.4508632,7.852,1417267.07,1487542.53,1428993.33,1430348.1,1302047.48,427021.18,2011,9,35
31,2011-09-09,1376670.27,1,78.87,3.546,215.5148295,7.852,1385769.03,1417267.07,1443311.49,1425299.37,1308179.02,437222.94,2011,9,36
31,2011-09-16,1363460.86,0,80.62,3.526,215.6944378,7.852,1376670.27,1385769.03,1487542.53,1491039.14,1294105.01,438523.24,2011,9,37
31,2011-09-23,1347607.74,0,75.68,3.467,216.0282356,7.852,1363460.86,1376670.27,1417267.07,1375962.46,1230250.25,428554.63,2011,9,38
31,2011-09-30,1285534.74,0,78.91,3.355,216.3620333,7.852,1347607.74,1363460.86,1385769.03,1371889.27,1213981.64,423192.4,2011,9,39
31,2011-10-07,1427383.24,0,71.64,3.285,216.6958311,7.441,1285534.74,1347607.74,1376670.27,1423144.47,1300131.68,440553.42,2011,10,40
31,2011-10-14,1378340.18,0,69.79,3.274,217.0048261,7.441,1427383.24,1285534.74,1363460.86,1415473.91,1265852.43,417640.34,2011,10,41
31,2011-10-21,1409310.4,0,65.16,3.353,217.1650042,7.441,1378340.18,1427383.24,1347607.74,1401944.8,1262289.29,427491.04,2011,10,42
31,2011-10-28,1346862.72,0,65.46,3.372,217.3251824,7.441,1409310.4,1378340.18,1285534.74,1308122.15,1257921.28,424581.17,2011,10,43
31,2011-11-04,1426405.46,0,56.01,3.332,217.4853605,7.441,1346862.72,1409310.4,1427383.24,1428993.33,1324455.72,425136.55,2011,11,44
31,2011-11-11,1444783.64,0,59.8,3.297,217.6455387,7.441,1426405.46,1346862.72,1378340.18,1443311.49,1352780.76,430878.28,2011,11,45
31,2011-11-18,1445174.79,0,61.9,3.308,217.8670218,7.441,1444783.64,1426405.46,1409310.4,1487542.53,1359158.57,423351.15,2011,11,46
31,2011-11-25,1934099.65,1,56.43,3.236,218.1130269,7.441,1445174.79,1444783.64,1346862.72,1417267.07,1858856.06,425296.65,2011,11,47
31,2011-12-02,1388809.43,0,48.72,3.172,218.3590319,7.441,1934099.65,1445174.79,1426405.46,1385769.03,1338716.37,439132.5,2011,12,48
31,2011-12-09,1556798.94,0,41.44,3.158,218.605037,7.441,1388809.43,1934099.65,1444783.64,1376670.27,1475685.1,433565.77,2011,12,49
31,2011-12-16,1611196.61,0,50.56,3.159,218.8217928,7.441,1556798.94,1388809.43,1445174.79,1363460.86,1714667.0,437773.31,2011,12,50
31,2011-12-23,2026176.14,0,46.54,3.112,218.9995495,7.441,1611196.61,1556798.94,1934099.65,1347607.74,2068942.97,443891.64,2011,12,51
31,2011-12-30,1355405.95,1,45.16,3.129,219.1773063,7.441,2026176.14,1611196.61,1388809.43,1285534.74,1198071.6,425410.04,2011,12,52
31,2012-01-06,1401232.52,0,48.1,3.157,219.355063,7.057,1355405.95,2026176.14,1556798.94,1427383.24,1311986.87,446751.45,2012,1,1
31,2012-01-13,1377485.12,0,45.0,3.261,219.5328198,7.057,1401232.52,1355405.95,1611196.61,1378340.18,1350730.31,434593.26,2012,1,2
31,2012-01-20,1372504.9,0,52.21,3.268,219.6258417,7.057,1377485.12,1401232.52,2026176.14,1409310.4,1344167.13,437537.29,2012,1,3
31,2012-01-27,1259941.48,0,50.79,3.29,219.7188636,7.057,1372504.9,1377485.12,1355405.95,1346862.72,1254955.68,439424.5,2012,1,4
31,2012-02-03,1391479.91,0,55.83,3.36,219.8118854,7.057,1259941.48,1372504.9,1401232.52,1426405.46,1443206.46,1469252.05,2012,2,5
31,2012-02-10,1527688.58,1,46.52,3.409,219.9049073,7.057,1391479.91,1259941.48,1377485.12,1444783.64,1539230.32,1543947.23,2012,2,6
31,2012-02-17,1570813.52,0,45.03,3.51,220.0651993,7.057,1527688.58,1391479.91,1372504.9,1445174.79,1539063.91,1473386.75,2012,2,7
31,2012-02-24,1392543.37,0,54.81,3.555,220.275944,7.057,1570813.52,1527688.58,1259941.48,1934099.65,1365678.22,1344354.41,2012,2,8
31,2012-03-02,1427881.22,0,59.3,3.63,220.4866886,7.057,1392543.37,1570813.52,1391479.91,1388809.43,1412721.18,1384870.51,2012,3,9
31,2012-03-09,1439034.86,0,57.16,3.669,220.6974332,7.057,1427881.22,1392543.37,1527688.58,1556798.94,1405572.93,1366193.35,2012,3,10
31,2012-03-16,1481728.13,0,63.39,3.734,220.8498468,7.057,1439034.86,1427881.22,1570813.52,1611196.61,1425559.02,1332261.01,2012,3,11
31,2012-03-23,1365824.97,0,62.96,3.787,220.9244858,7.057,1481728.13,1439034.86,1392543.37,2026176.14,1357036.1,1229635.7,2012,3,12
31,2012-03-30,1318854.22,0,67.87,3.845,220.9991248,7.057,1365824.97,1481728.13,1427881.22,1355405.95,1344890.73,1357600.68,2012,3,13
31,2012-04-06,1496169.81,0,69.02,3.891,221.0737638,6.891,1318854.22,1365824.97,1439034.86,1401232.52,1416790.17,1395710.09,2012,4,14
31,2012-04-13,1407842.91,0,69.03,3.891,221.1484028,6.891,1496169.81,1318854.22,1481728.13,1377485.12,1408464.08,1367448.28,2012,4,15
31,2012-04-20,1407036.59,0,66.97,3.877,221.2021074,6.891,1407842.91,1496169.81,1365824.97,1372504.9,1461393.91,1280465.8,2012,4,16
31,2012-04-27,1311352.25,0,69.21,3.814,221.255812,6.891,1407036.59,1407842.91,1318854.22,1259941.48,1331137.96,1243200.24,2012,4,17
31,2012-05-04,1391257.28,0,77.53,3.749,221.3095166,6.891,1311352.25,1407036.59,1496169.81,1391479.91,1388755.61,1381796.8,2012,5,18
31,2012-05-11,1392938.06,0,74.14,3.688,221.3632212,6.891,1391257.28,1311352.25,1407842.91,1527688.58,1408118.22,1287288.59,2012,5,19
31,2012-05-18,1441473.82,0,72.42,3.63,221.380331,6.891,1392938.06,1391257.28,1407036.59,1570813.52,1387365.19,1337405.6,2012,5,20
31,2012-05-25,1397094.26,0,79.49,3.561,221.3828029,6.891,1441473.82,1392938.06,1311352.25,1392543.37,1342273.64,1309437.17,2012,5,21
31,2012-06-01,1404516.29,0,79.24,3.501,221.3852748,6.891,1397094.26,1441473.82,1391257.28,1427881.22,1430348.1,1427624.5,2012,6,22
31,2012-06-08,1443285.79,0,79.47,3.452,221.3877467,6.891,1404516.29,1397094.26,1392938.06,1439034.86,1425299.37,1377092.33,2012,6,23
31,2012-06-15,1431003.43,0,81.51,3.393,221.4009901,6.891,1443285.79,1404516.29,1441473.82,1481728.13,1491039.14,1368090.08,2012,6,24
31,2012-06-22,1394065.76,0,81.78,3.346,221.4411622,6.891,1431003.43,1443285.79,1397094.26,1365824.97,1375962.46,1303523.73,2012,6,25
31,2012-06-29,1349202.25,0,88.05,3.286,221.4813343,6.891,1394065.76,1431003.43,1404516.29,1318854.22,1371889.27,1311704.92,2012,6,26
31,2012-07-06,1458059.42,0,85.26,3.227,221.5215064,6.565,1349202.25,1394065.76,1443285.79,1496169.81,1423144.47,1315118.4,2012,7,27
31,2012-07-13,1374301.34,0,82.51,3.256,221.5616784,6.565,1458059.42,1349202.25,1431003.43,1407842.91,1415473.91,1335433.72,2012,7,28
31,2012-07-20,1392395.2,0,84.25,3.311,221.5701123,6.565,1374301.34,1458059.42,1394065.76,1407036.59,1401944.8,1276031.84,2012,7,29
31,2012-07-27,1303732.36,0,88.09,3.407,221.5785461,6.565,1392395.2,1374301.34,1349202.25,1311352.25,1308122.15,1231993.14,2012,7,30
31,2012-08-03,1390174.63,0,91.57,3.417,221.5869799,6.565,1303732.36,1392395.2,1458059.42,1391257.28,1428993.33,1352401.08,2012,8,31
31,2012-08-10,1386472.59,0,89.57,3.494,221.5954138,6.565,1390174.63,1303732.36,1374301.34,1392938.06,1443311.49,1327719.34,2012,8,32
31,2012-08-17,1410181.7,0,85.55,3.571,221.6751459,6.565,1386472.59,1390174.63,1392395.2,1441473.82,1487542.53,1376571.21,2012,8,33
31,2012-08-24,1379783.21,0,77.72,3.62,221.8083518,6.565,1410181.7,1386472.59,1303732.36,1397094.26,1417267.07,1326621.98,2012,8,34
31,2012-08-31,1373651.49,0,83.58,3.638,221.9415576,6.565,1379783.21,1410181.7,1390174.63,1404516.29,1385769.03,1302047.48,2012,8,35
31,2012-09-07,1358111.62,1,88.4,3.73,222.0747635,6.565,1373651.49,1379783.21,1386472.59,1443285.79,1376670.27,1308179.02,2012,9,36
31,2012-09-14,1327705.44,0,76.1,3.717,222.2174395,6.565,1358111.62,1373651.49,1410181.7,1431003.43,1363460.86,1294105.01,2012,9,37
31,2012-09-21,1373064.87,0,71.54,3.721,222.4169362,6.565,1327705.44,1358111.62,1379783.21,1394065.76,1347607.74,1230250.25,2012,9,38
31,2012-09-28,1279080.58,0,80.38,3.666,222.6164329,6.565,1373064.87,1327705.44,1373651.49,1349202.25,1285534.74,1213981.64,2012,9,39
31,2012-10-05,1363365.05,0,70.28,3.617,222.8159296,6.17,1279080.58,1373064.87,1358111.62,1458059.42,1427383.24,1300131.68,2012,10,40
31,2012-10-12,1401113.42,0,61.53,3.601,223.0154263,6.17,1363365.05,1279080.58,1327705.44,1374301.34,1378340.18,1265852.43,2012,10,41
31,2012-10-19,1378730.45,0,68.52,3.594,223.0598077,6.17,1401113.42,1363365.05,1373064.87,1392395.2,1409310.4,1262289.29,2012,10,42
31,2012-10-26,1340232.55,0,70.5,3.506,223.0783366,6.17,1378730.45,1401113.42,1279080.58,1303732.36,1346862.72,1257921.28,2012,10,43
32,2011-02-04,1070457.8,0,15.47,3.011,191.7625895,8.818,1006814.85,1078348.91,1046416.17,1063056.21,1087616.19,1426405.46,2011,2,5
32,2011-02-11,1124357.2,1,18.51,3.037,191.8572881,8.818,1070457.8,1006814.85,1028206.51,1141019.11,1123566.12,1444783.64,2011,2,6
32,2011-02-18,1183528.58,0,42.09,3.051,191.9178331,8.818,1124357.2,1070457.8,1078348.91,1150729.89,1082559.06,1445174.79,2011,2,7
32,2011-02-25,1054754.67,0,33.0,3.101,191.9647167,8.818,1183528.58,1124357.2,1006814.85,1634635.86,1053247.1,1934099.65,2011,2,8
32,2011-03-04,1106847.62,0,39.17,3.232,192.0116004,8.818,1054754.67,1183528.58,1070457.8,1200892.56,1066566.74,1388809.43,2011,3,9
32,2011-03-11,1101458.21,0,36.51,3.372,192.058484,8.818,1106847.62,1054754.67,1124357.2,1377322.73,1093319.37,1556798.94,2011,3,10
32,2011-03-18,1100765.5,0,45.25,3.406,192.1237981,8.818,1101458.21,1106847.62,1183528.58,1557776.1,1059781.78,1611196.61,2011,3,11
32,2011-03-25,1068719.22,0,46.7,3.414,192.1964844,8.818,1100765.5,1101458.21,1054754.67,1949183.14,1076021.58,2026176.14,2011,3,12
32,2011-04-01,1051121.02,0,44.83,3.461,192.2691707,8.595,1068719.22,1100765.5,1106847.62,955463.84,1131732.94,1355405.95,2011,4,13
32,2011-04-08,1102975.59,0,48.81,3.532,192.3418571,8.595,1051121.02,1068719.22,1101458.21,1046416.17,1095889.22,1401232.52,2011,4,14
32,2011-04-15,1120508.14,0,45.97,3.611,192.4225954,8.595,1102975.59,1051121.02,1100765.5,1028206.51,1082763.27,1377485.12,2011,4,15
32,2011-04-22,1210602.91,0,48.69,3.636,192.5234638,8.595,1120508.14,1102975.59,1068719.22,1078348.91,1072474.8,1372504.9,2011,4,16
32,2011-04-29,1107494.55,0,44.86,3.663,192.6243322,8.595,1210602.91,1120508.14,1051121.02,1006814.85,1066792.63,1259941.48,2011,4,17
32,2011-05-06,1181793.55,0,46.65,3.735,192.7252006,8.595,1107494.55,1210602.91,1102975.59,1070457.8,1133657.58,1391479.91,2011,5,18
32,2011-05-13,1138162.76,0,56.09,3.767,192.826069,8.595,1181793.55,1107494.55,1120508.14,1124357.2,1079314.52,1527688.58,2011,5,19
32,2011-05-20,1145084.76,0,45.71,3.828,192.831317,8.595,1138162.76,1181793.55,1210602.91,1183528.58,1143819.35,1570813.52,2011,5,20
32,2011-05-27,1175447.49,0,55.13,3.795,192.8365651,8.595,1145084.76,1138162.76,1107494.55,1054754.67,1205662.85,1392543.37,2011,5,21
32,2011-06-03,1167757.0,0,61.25,3.763,192.8418131,8.595,1175447.49,1145084.76,1181793.55,1106847.62,1149234.96,1427881.22,2011,6,22
32,2011-06-10,1239741.34,0,65.49,3.735,192.8470612,8.595,1167757.0,1175447.49,1138162.76,1101458.21,1192074.09,1439034.86,2011,6,23
32,2011-06-17,1192031.38,0,67.38,3.697,192.9034759,8.595,1239741.34,1167757.0,1145084.76,1100765.5,1150191.72,1481728.13,2011,6,24
32,2011-06-24,1163869.52,0,65.06,3.661,192.9982655,8.595,1192031.38,1239741.34,1175447.49,1068719.22,1124763.74,1365824.97,2011,6,25
32,2011-07-01,1199845.29,0,72.86,3.597,193.0930552,8.622,1163869.52,1192031.38,1167757.0,1051121.02,1187988.64,1318854.22,2011,7,26
32,2011-07-08,1110244.52,0,72.56,3.54,193.1878448,8.622,1199845.29,1163869.52,1239741.34,1102975.59,1077253.67,1496169.81,2011,7,27
32,2011-07-15,1144254.26,0,70.55,3.532,193.3125484,8.622,1110244.52,1199845.29,1192031.38,1120508.14,1120172.24,1407842.91,2011,7,28
32,2011-07-22,1185674.48,0,76.0,3.545,193.5120367,8.622,1144254.26,1110244.52,1163869.52,1210602.91,1109574.11,1407036.59,2011,7,29
32,2011-07-29,1169988.62,0,75.91,3.547,193.711525,8.622,1185674.48,1144254.26,1199845.29,1107494.55,1065350.56,1311352.25,2011,7,30
32,2011-08-05,1201694.14,0,74.83,3.554,193.9110133,8.622,1169988.62,1185674.48,1110244.52,1181793.55,1144552.09,1391257.28,2011,8,31
32,2011-08-12,1206795.74,0,74.2,3.542,194.1105017,8.622,1201694.14,1169988.62,1144254.26,1138162.76,1157975.68,1392938.06,2011,8,32
32,2011-08-19,1221318.17,0,73.72,3.499,194.2500634,8.622,1206795.74,1201694.14,1185674.48,1145084.76,1189887.86,1441473.82,2011,8,33
32,2011-08-26,1183740.91,0,75.64,3.485,194.3796374,8.622,1221318.17,1206795.74,1169988.62,1175447.49,1140501.03,1397094.26,2011,8,34
32,2011-09-02,1152117.5,0,74.6,3.511,194.5092113,8.622,1183740.91,1221318.17,1201694.14,1167757.0,1095932.51,1404516.29,2011,9,35
32,2011-09-09,1128237.3,1,61.24,3.566,194.6387853,8.622,1152117.5,1183740.91,1206795.74,1239741.34,1028635.39,1443285.79,2011,9,36
32,2011-09-16,1142499.25,0,60.88,3.596,194.7419707,8.622,1128237.3,1152117.5,1221318.17,1192031.38,1043962.36,1431003.43,2011,9,37
32,2011-09-23,1116140.29,0,58.66,3.581,194.8099713,8.622,1142499.25,1128237.3,1183740.91,1163869.52,1067432.1,1394065.76,2011,9,38
32,2011-09-30,1088943.98,0,65.04,3.538,194.8779718,8.622,1116140.29,1142499.25,1152117.5,1199845.29,1061089.56,1349202.25,2011,9,39
32,2011-10-07,1149448.02,0,62.62,3.498,194.9459724,8.513,1088943.98,1116140.29,1128237.3,1110244.52,1085483.44,1458059.42,2011,10,40
32,2011-10-14,1175420.26,0,50.15,3.491,195.0261012,8.513,1149448.02,1088943.98,1142499.25,1144254.26,1096692.88,1374301.34,2011,10,41
32,2011-10-21,1151258.74,0,48.87,3.548,195.1789994,8.513,1175420.26,1149448.02,1116140.29,1185674.48,1102185.0,1392395.2,2011,10,42
32,2011-10-28,1185391.96,0,42.76,3.55,195.3318977,8.513,1151258.74,1175420.26,1088943.98,1169988.62,1115138.51,1303732.36,2011,10,43
32,2011-11-04,1204628.28,0,37.95,3.527,195.4847959,8.513,1185391.96,1151258.74,1149448.02,1201694.14,1063056.21,1390174.63,2011,11,44
32,2011-11-11,1182733.0,0,38.1,3.505,195.6376941,8.513,1204628.28,1185391.96,1175420.26,1206795.74,1141019.11,1386472.59,2011,11,45
32,2011-11-18,1181651.55,0,42.61,3.479,195.7184713,8.513,1182733.0,1204628.28,1151258.74,1221318.17,1150729.89,1410181.7,2011,11,46
32,2011-11-25,1684468.66,1,40.22,3.424,195.7704,8.513,1181651.55,1182733.0,1185391.96,1183740.91,1634635.86,1379783.21,2011,11,47
32,2011-12-02,1179773.88,0,33.8,3.378,195.8223287,8.513,1684468.66,1181651.55,1204628.28,1152117.5,1200892.56,1373651.49,2011,12,48
32,2011-12-09,1415746.91,0,17.94,3.331,195.8742575,8.513,1179773.88,1684468.66,1182733.0,1128237.3,1377322.73,1358111.62,2011,12,49
32,2011-12-16,1556017.91,0,26.23,3.266,195.9841685,8.513,1415746.91,1179773.88,1181651.55,1142499.25,1557776.1,1327705.44,2011,12,50
32,2011-12-23,1959526.96,0,25.97,3.173,196.1713893,8.513,1556017.91,1415746.91,1684468.66,1116140.29,1949183.14,1373064.87,2011,12,51
32,2011-12-30,1102367.65,1,32.99,3.119,196.3586101,8.513,1959526.96,1556017.91,1179773.88,1088943.98,955463.84,1279080.58,2011,12,52
32,2012-01-06,1099937.25,0,36.75,3.095,196.5458309,8.256,1102367.65,1959526.96,1415746.91,1149448.02,1046416.17,1363365.05,2012,1,1
32,2012-01-13,1071598.36,0,28.99,3.077,196.7330517,8.256,1099937.25,1102367.65,1556017.91,1175420.26,1028206.51,1401113.42,2012,1,2
32,2012-01-20,1080012.04,0,36.86,3.055,196.7796652,8.256,1071598.36,1099937.25,1959526.96,1151258.74,1078348.91,1378730.45,2012,1,3
32,2012-01-27,1051864.6,0,36.67,3.038,196.8262786,8.256,1080012.04,1071598.36,1102367.65,1185391.96,1006814.85,1340232.55,2012,1,4
32,2012-02-03,1156826.31,0,35.89,3.031,196.8728921,8.256,1051864.6,1080012.04,1099937.25,1204628.28,1070457.8,1087616.19,2012,2,5
32,2012-02-10,1129422.86,1,23.34,3.103,196.9195056,8.256,1156826.31,1051864.6,1071598.36,1182733.0,1124357.2,1123566.12,2012,2,6
32,2012-02-17,1243812.59,0,24.26,3.113,196.9432711,8.256,1129422.86,1156826.31,1080012.04,1181651.55,1183528.58,1082559.06,2012,2,7
32,2012-02-24,1091822.72,0,33.41,3.129,196.9499007,8.256,1243812.59,1129422.86,1051864.6,1684468.66,1054754.67,1053247.1,2012,2,8
32,2012-03-02,1153332.89,0,33.4,3.191,196.9565303,8.256,1091822.72,1243812.59,1156826.31,1179773.88,1106847.62,1066566.74,2012,3,9
32,2012-03-09,1124537.97,0,39.9,3.286,196.9631599,8.256,1153332.89,1091822.72,1129422.86,1415746.91,1101458.21,1093319.37,2012,3,10
32,2012-03-16,1138101.18,0,51.51,3.486,197.0457208,8.256,1124537.97,1153332.89,1243812.59,1556017.91,1100765.5,1059781.78,2012,3,11
32,2012-03-23,1146632.46,0,47.64,3.664,197.2295234,8.256,1138101.18,1124537.97,1091822.72,1959526.96,1068719.22,1076021.58,2012,3,12
32,2012-03-30,1108686.87,0,56.09,3.75,197.4133259,8.256,1146632.46,1138101.18,1153332.89,1102367.65,1051121.02,1131732.94,2012,3,13
32,2012-04-06,1270577.01,0,51.49,3.854,197.5971285,8.09,1108686.87,1146632.46,1124537.97,1099937.25,1102975.59,1095889.22,2012,4,14
32,2012-04-13,1171834.47,0,52.1,3.901,197.780931,8.09,1270577.01,1108686.87,1138101.18,1071598.36,1120508.14,1082763.27,2012,4,15
32,2012-04-20,1121405.91,0,49.15,3.936,197.7227385,8.09,1171834.47,1270577.01,1146632.46,1080012.04,1210602.91,1072474.8,2012,4,16
32,2012-04-27,1126962.44,0,61.76,3.927,197.664546,8.09,1121405.91,1171834.47,1108686.87,1051864.6,1107494.55,1066792.63,2012,4,17
32,2012-05-04,1187384.53,0,58.29,3.903,197.6063534,8.09,1126962.44,1121405.91,1270577.01,1156826.31,1181793.55,1133657.58,2012,5,18
32,2012-05-11,1187051.07,0,55.4,3.87,197.5481609,8.09,1187384.53,1126962.44,1171834.47,1129422.86,1138162.76,1079314.52,2012,5,19
32,2012-05-18,1177539.71,0,57.46,3.837,197.5553137,8.09,1187051.07,1187384.53,1121405.91,1243812.59,1145084.76,1143819.35,2012,5,20
32,2012-05-25,1232784.22,0,59.74,3.804,197.5886046,8.09,1177539.71,1187051.07,1126962.44,1091822.72,1175447.49,1205662.85,2012,5,21
32,2012-06-01,1157557.79,0,62.84,3.764,197.6218954,8.09,1232784.22,1177539.71,1187384.53,1153332.89,1167757.0,1149234.96,2012,6,22
32,2012-06-08,1246322.44,0,71.14,3.741,197.6551863,8.09,1157557.79,1232784.22,1187051.07,1124537.97,1239741.34,1192074.09,2012,6,23
32,2012-06-15,1234759.54,0,70.91,3.723,197.692292,8.09,1246322.44,1157557.79,1177539.71,1138101.18,1192031.38,1150191.72,2012,6,24
32,2012-06-22,1196880.11,0,74.85,3.735,197.7389345,8.09,1234759.54,1246322.44,1232784.22,1146632.46,1163869.52,1124763.74,2012,6,25
32,2012-06-29,1178211.81,0,81.95,3.693,197.785577,8.09,1196880.11,1234759.54,1157557.79,1108686.87,1199845.29,1187988.64,2012,6,26
32,2012-07-06,1214183.97,0,78.68,3.646,197.8322195,7.872,1178211.81,1196880.11,1246322.44,1270577.01,1110244.52,1077253.67,2012,7,27
32,2012-07-13,1141184.66,0,71.57,3.613,197.8788621,7.872,1214183.97,1178211.81,1234759.54,1171834.47,1144254.26,1120172.24,2012,7,28
32,2012-07-20,1167829.33,0,77.76,3.585,197.9290378,7.872,1141184.66,1214183.97,1196880.11,1121405.91,1185674.48,1109574.11,2012,7,29
32,2012-07-27,1144901.52,0,77.56,3.57,197.9792136,7.872,1167829.33,1141184.66,1178211.81,1126962.44,1169988.62,1065350.56,2012,7,30
32,2012-08-03,1183571.35,0,75.09,3.528,198.0293893,7.872,1144901.52,1167829.33,1214183.97,1187384.53,1201694.14,1144552.09,2012,8,31
32,2012-08-10,1227469.2,0,75.93,3.509,198.0795651,7.872,1183571.35,1144901.52,1141184.66,1187051.07,1206795.74,1157975.68,2012,8,32
32,2012-08-17,1261306.37,0,70.75,3.545,198.1001057,7.872,1227469.2,1183571.35,1167829.33,1177539.71,1221318.17,1189887.86,2012,8,33
32,2012-08-24,1272809.11,0,70.12,3.558,198.0984199,7.872,1261306.37,1227469.2,1144901.52,1232784.22,1183740.91,1140501.03,2012,8,34
32,2012-08-31,1183979.27,0,76.12,3.556,198.0967341,7.872,1272809.11,1261306.37,1183571.35,1157557.79,1152117.5,1095932.51,2012,8,35
32,2012-09-07,1126685.95,1,72.56,3.596,198.0950484,7.872,1183979.27,1272809.11,1227469.2,1246322.44,1128237.3,1028635.39,2012,9,36
32,2012-09-14,1156377.47,0,64.05,3.659,198.1267184,7.872,1126685.95,1183979.27,1261306.37,1234759.54,1142499.25,1043962.36,2012,9,37
32,2012-09-21,1159119.6,0,63.49,3.765,198.358523,7.872,1156377.47,1126685.95,1272809.11,1196880.11,1116140.29,1067432.1,2012,9,38
32,2012-09-28,1157111.15,0,60.62,3.789,198.5903276,7.872,1159119.6,1156377.47,1183979.27,1178211.81,1088943.98,1061089.56,2012,9,39
32,2012-10-05,1202775.24,0,55.34,3.779,198.8221322,7.557,1157111.15,1159119.6,1126685.95,1214183.97,1149448.02,1085483.44,2012,10,40
32,2012-10-12,1176681.31,0,43.49,3.76,199.0539368,7.557,1202775.24,1157111.15,1156377.47,1141184.66,1175420.26,1096692.88,2012,10,41
32,2012-10-19,1199292.06,0,53.57,3.75,199.1481963,7.557,1176681.31,1202775.24,1159119.6,1167829.33,1151258.74,1102185.0,2012,10,42
32,2012-10-26,1219979.29,0,47.22,3.686,199.2195317,7.557,1199292.06,1176681.31,1157111.15,1144901.52,1185391.96,1115138.51,2012,10,43
33,2011-02-04,234218.03,0,49.26,3.348,127.7195806,8.951,231155.9,244856.44,243948.82,246124.61,274593.43,1204628.28,2011,2,5
33,2011-02-11,276198.74,1,53.35,3.381,127.859129,8.951,234218.03,231155.9,259527.75,272803.94,294882.83,1182733.0,2011,2,6
33,2011-02-18,252349.6,0,62.03,3.43,127.99525,8.951,276198.74,234218.03,244856.44,224639.76,296850.83,1181651.55,2011,2,7
33,2011-02-25,242901.21,0,54.89,3.398,128.13,8.951,252349.6,276198.74,231155.9,240044.57,284052.77,1684468.66,2011,2,8
33,2011-03-04,245435.8,0,59.51,3.674,128.26475,8.951,242901.21,252349.6,234218.03,209986.25,291484.89,1179773.88,2011,3,9
33,2011-03-11,270921.44,0,66.51,3.63,128.3995,8.951,245435.8,242901.21,276198.74,253050.1,312161.0,1415746.91,2011,3,10
33,2011-03-18,247234.47,0,72.72,3.892,128.5121935,8.951,270921.44,245435.8,252349.6,238875.26,282235.73,1556017.91,2011,3,11
33,2011-03-25,238084.08,0,63.34,3.716,128.6160645,8.951,247234.47,270921.44,242901.21,249246.8,262893.76,1959526.96,2011,3,12
33,2011-04-01,232769.09,0,71.41,3.772,128.7199355,8.687,238084.08,247234.47,245435.8,219804.85,274634.52,1102367.65,2011,4,13
33,2011-04-08,271924.73,0,75.11,3.818,128.8238065,8.687,232769.09,238084.08,270921.44,243948.82,325201.05,1099937.25,2011,4,14
33,2011-04-15,275749.56,0,64.64,4.089,128.9107333,8.687,271924.73,232769.09,247234.47,259527.75,307779.64,1071598.36,2011,4,15
33,2011-04-22,248603.3,0,79.46,3.917,128.9553,8.687,275749.56,271924.73,238084.08,244856.44,263263.02,1080012.04,2011,4,16
33,2011-04-29,248561.86,0,77.44,4.151,128.9998667,8.687,248603.3,275749.56,232769.09,231155.9,275883.23,1051864.6,2011,4,17
33,2011-05-06,257031.19,0,77.92,4.193,129.0444333,8.687,248561.86,248603.3,271924.73,234218.03,326870.13,1156826.31,2011,5,18
33,2011-05-13,279466.87,0,78.24,4.202,129.089,8.687,257031.19,248561.86,275749.56,276198.74,331173.51,1129422.86,2011,5,19
33,2011-05-20,239206.26,0,76.07,3.99,129.0756774,8.687,279466.87,257031.19,248603.3,252349.6,294264.2,1243812.59,2011,5,20
33,2011-05-27,239431.85,0,82.32,3.933,129.0623548,8.687,239206.26,279466.87,248561.86,242901.21,279246.33,1091822.72,2011,5,21
33,2011-06-03,243477.03,0,82.93,3.893,129.0490323,8.687,239431.85,239206.26,257031.19,245435.8,285100.0,1153332.89,2011,6,22
33,2011-06-10,258427.39,0,87.02,3.981,129.0357097,8.687,243477.03,239431.85,279466.87,270921.44,310800.79,1124537.97,2011,6,23
33,2011-06-17,238172.66,0,91.11,3.935,129.0432,8.687,258427.39,243477.03,239206.26,247234.47,272399.08,1138101.18,2011,6,24
33,2011-06-24,238433.53,0,94.11,3.807,129.0663,8.687,238172.66,258427.39,239431.85,238084.08,259419.91,1146632.46,2011,6,25
33,2011-07-01,226702.36,0,98.43,3.842,129.0894,8.442,238433.53,238172.66,243477.03,232769.09,267495.76,1108686.87,2011,7,26
33,2011-07-08,262717.71,0,96.44,3.793,129.1125,8.442,226702.36,238433.53,258427.39,271924.73,302423.93,1270577.01,2011,7,27
33,2011-07-15,265003.47,0,92.83,3.779,129.1338387,8.442,262717.71,226702.36,238172.66,275749.56,280937.84,1171834.47,2011,7,28
33,2011-07-22,238915.05,0,97.17,3.697,129.1507742,8.442,265003.47,262717.71,238433.53,248603.3,252734.31,1121405.91,2011,7,29
33,2011-07-29,224806.96,0,95.28,3.694,129.1677097,8.442,238915.05,265003.47,226702.36,248561.86,242047.03,1126962.44,2011,7,30
33,2011-08-05,242456.39,0,96.93,3.803,129.1846452,8.442,224806.96,238915.05,262717.71,257031.19,262789.95,1187384.53,2011,8,31
33,2011-08-12,274721.85,0,96.0,3.794,129.2015806,8.442,242456.39,224806.96,265003.47,279466.87,265367.51,1187051.07,2011,8,32
33,2011-08-19,242771.37,0,95.89,3.743,129.2405806,8.442,274721.85,242456.39,238915.05,239206.26,230519.49,1177539.71,2011,8,33
33,2011-08-26,237095.82,0,99.66,3.663,129.2832581,8.442,242771.37,274721.85,224806.96,239431.85,224031.19,1232784.22,2011,8,34
33,2011-09-02,239198.36,0,99.2,3.798,129.3259355,8.442,237095.82,242771.37,242456.39,243477.03,237405.82,1157557.79,2011,9,35
33,2011-09-09,281842.28,1,96.22,3.771,129.3686129,8.442,239198.36,237095.82,274721.85,258427.39,272834.88,1246322.44,2011,9,36
33,2011-09-16,262407.57,0,85.79,3.784,129.4306,8.442,281842.28,239198.36,242771.37,238172.66,246277.18,1234759.54,2011,9,37
33,2011-09-23,234793.12,0,88.93,3.789,129.5183333,8.442,262407.57,281842.28,237095.82,238433.53,231976.84,1196880.11,2011,9,38
33,2011-09-30,229731.98,0,89.1,3.877,129.6060667,8.442,234793.12,262407.57,239198.36,226702.36,224294.39,1178211.81,2011,9,39
33,2011-10-07,262159.13,0,81.16,3.827,129.6938,8.01,229731.98,234793.12,281842.28,262717.71,266484.19,1214183.97,2011,10,40
33,2011-10-14,272487.33,0,76.49,3.698,129.7706452,8.01,262159.13,229731.98,262407.57,265003.47,251732.92,1141184.66,2011,10,41
33,2011-10-21,233543.08,0,81.74,3.842,129.7821613,8.01,272487.33,262159.13,234793.12,238915.05,234175.92,1167829.33,2011,10,42
33,2011-10-28,231319.96,0,76.73,3.843,129.7936774,8.01,233543.08,272487.33,229731.98,224806.96,213538.32,1144901.52,2011,10,43
33,2011-11-04,236157.12,0,71.91,3.828,129.8051935,8.01,231319.96,233543.08,262159.13,242456.39,246124.61,1183571.35,2011,11,44
33,2011-11-11,271961.04,0,58.75,3.677,129.8167097,8.01,236157.12,231319.96,272487.33,274721.85,272803.94,1227469.2,2011,11,45
33,2011-11-18,251294.5,0,63.35,3.669,129.8268333,8.01,271961.04,236157.12,233543.08,242771.37,224639.76,1261306.37,2011,11,46
33,2011-11-25,255996.47,1,62.35,3.76,129.8364,8.01,251294.5,271961.04,231319.96,237095.82,240044.57,1272809.11,2011,11,47
33,2011-12-02,220060.35,0,59.12,3.701,129.8459667,8.01,255996.47,251294.5,236157.12,239198.36,209986.25,1183979.27,2011,12,48
33,2011-12-09,270373.05,0,47.7,3.644,129.8555333,8.01,220060.35,255996.47,271961.04,281842.28,253050.1,1126685.95,2011,12,49
33,2011-12-16,259638.35,0,53.18,3.489,129.8980645,8.01,270373.05,220060.35,251294.5,262407.57,238875.26,1156377.47,2011,12,50
33,2011-12-23,256235.19,0,53.39,3.541,129.9845484,8.01,259638.35,270373.05,255996.47,234793.12,249246.8,1159119.6,2011,12,51
33,2011-12-30,215359.21,1,51.6,3.428,130.0710323,8.01,256235.19,259638.35,220060.35,229731.98,219804.85,1157111.15,2011,12,52
33,2012-01-06,267058.08,0,60.92,3.443,130.1575161,7.603,215359.21,256235.19,270373.05,262159.13,243948.82,1202775.24,2012,1,1
33,2012-01-13,279447.22,0,54.61,3.477,130.244,7.603,267058.08,215359.21,259638.35,272487.33,259527.75,1176681.31,2012,1,2
33,2012-01-20,244899.2,0,55.99,3.66,130.2792258,7.603,279447.22,267058.08,256235.19,233543.08,244856.44,1199292.06,2012,1,3
33,2012-01-27,236920.49,0,56.33,3.675,130.3144516,7.603,244899.2,279447.22,215359.21,231319.96,231155.9,1219979.29,2012,1,4
33,2012-02-03,256091.32,0,59.53,3.543,130.3496774,7.603,236920.49,244899.2,267058.08,236157.12,234218.03,274593.43,2012,2,5
33,2012-02-10,282552.58,1,59.94,3.722,130.3849032,7.603,256091.32,236920.49,279447.22,271961.04,276198.74,294882.83,2012,2,6
33,2012-02-17,266300.98,0,57.8,3.781,130.4546207,7.603,282552.58,256091.32,244899.2,251294.5,252349.6,296850.83,2012,2,7
33,2012-02-24,242526.7,0,59.41,3.95,130.5502069,7.603,266300.98,282552.58,236920.49,255996.47,242901.21,284052.77,2012,2,8
33,2012-03-02,248051.53,0,60.91,3.882,130.6457931,7.603,242526.7,266300.98,256091.32,220060.35,245435.8,291484.89,2012,3,9
33,2012-03-09,287346.29,0,62.2,3.963,130.7413793,7.603,248051.53,242526.7,282552.58,270373.05,270921.44,312161.0,2012,3,10
33,2012-03-16,278067.73,0,65.99,4.273,130.8261935,7.603,287346.29,248051.53,266300.98,259638.35,247234.47,282235.73,2012,3,11
33,2012-03-23,246970.97,0,60.82,4.288,130.8966452,7.603,278067.73,287346.29,242526.7,256235.19,238084.08,262893.76,2012,3,12
33,2012-03-30,251327.67,0,71.34,4.294,130.9670968,7.603,246970.97,278067.73,248051.53,215359.21,232769.09,274634.52,2012,3,13
33,2012-04-06,275911.97,0,70.75,4.282,131.0375484,7.396,251327.67,246970.97,287346.29,267058.08,271924.73,325201.05,2012,4,14
33,2012-04-13,312698.67,0,73.17,4.254,131.108,7.396,275911.97,251327.67,278067.73,279447.22,275749.56,307779.64,2012,4,15
33,2012-04-20,261837.2,0,72.94,4.111,131.1173333,7.396,312698.67,275911.97,246970.97,244899.2,248603.3,263263.02,2012,4,16
33,2012-04-27,249798.75,0,83.07,4.088,131.1266667,7.396,261837.2,312698.67,251327.67,236920.49,248561.86,275883.23,2012,4,17
33,2012-05-04,270497.51,0,82.43,4.058,131.136,7.396,249798.75,261837.2,275911.97,256091.32,257031.19,326870.13,2012,5,18
33,2012-05-11,295841.84,0,81.02,4.186,131.1453333,7.396,270497.51,249798.75,312698.67,282552.58,279466.87,331173.51,2012,5,19
33,2012-05-18,276899.95,0,89.81,4.308,131.0983226,7.396,295841.84,270497.51,261837.2,266300.98,239206.26,294264.2,2012,5,20
33,2012-05-25,261851.74,0,88.89,4.127,131.0287742,7.396,276899.95,295841.84,249798.75,242526.7,239431.85,279246.33,2012,5,21
33,2012-06-01,261131.09,0,83.57,4.277,130.9592258,7.396,261851.74,276899.95,270497.51,248051.53,243477.03,285100.0,2012,6,22
33,2012-06-08,286082.76,0,90.94,4.103,130.8896774,7.396,261131.09,261851.74,295841.84,287346.29,258427.39,310800.79,2012,6,23
33,2012-06-15,290444.31,0,92.44,4.144,130.8295333,7.396,286082.76,261131.09,276899.95,278067.73,238172.66,272399.08,2012,6,24
33,2012-06-22,261666.29,0,95.75,4.014,130.7929,7.396,290444.31,286082.76,261851.74,246970.97,238433.53,259419.91,2012,6,25
33,2012-06-29,244338.31,0,98.15,3.875,130.7562667,7.396,261666.29,290444.31,261131.09,251327.67,226702.36,267495.76,2012,6,26
33,2012-07-06,273690.37,0,93.21,3.666,130.7196333,7.147,244338.31,261666.29,286082.76,275911.97,262717.71,302423.93,2012,7,27
33,2012-07-13,287033.64,0,97.6,3.723,130.683,7.147,273690.37,244338.31,290444.31,312698.67,265003.47,280937.84,2012,7,28
33,2012-07-20,253205.89,0,91.49,3.589,130.7012903,7.147,287033.64,273690.37,261666.29,261837.2,238915.05,252734.31,2012,7,29
33,2012-07-27,249134.32,0,93.95,3.769,130.7195806,7.147,253205.89,287033.64,244338.31,249798.75,224806.96,242047.03,2012,7,30
33,2012-08-03,258533.12,0,92.13,3.595,130.737871,7.147,249134.32,253205.89,273690.37,270497.51,242456.39,262789.95,2012,8,31
33,2012-08-10,297753.49,0,100.07,3.811,130.7561613,7.147,258533.12,249134.32,287033.64,295841.84,274721.85,265367.51,2012,8,32
33,2012-08-17,270097.76,0,96.79,4.002,130.7909677,7.147,297753.49,258533.12,253205.89,276899.95,242771.37,230519.49,2012,8,33
33,2012-08-24,247672.56,0,89.62,4.055,130.8381613,7.147,270097.76,297753.49,249134.32,261851.74,237095.82,224031.19,2012,8,34
33,2012-08-31,237129.81,0,94.55,3.886,130.8853548,7.147,247672.56,270097.76,258533.12,261131.09,239198.36,237405.82,2012,8,35
33,2012-09-07,286428.78,1,92.02,4.124,130.9325484,7.147,237129.81,247672.56,297753.49,286082.76,281842.28,272834.88,2012,9,36
33,2012-09-14,277417.53,0,83.4,3.966,130.9776667,7.147,286428.78,237129.81,270097.76,290444.31,262407.57,246277.18,2012,9,37
33,2012-09-21,252709.58,0,86.53,4.125,131.0103333,7.147,277417.53,286428.78,247672.56,261666.29,234793.12,231976.84,2012,9,38
33,2012-09-28,242813.51,0,86.42,3.966,131.043,7.147,252709.58,277417.53,237129.81,244338.31,229731.98,224294.39,2012,9,39
33,2012-10-05,265444.9,0,85.18,4.132,131.0756667,6.895,242813.51,252709.58,286428.78,273690.37,262159.13,266484.19,2012,10,40
33,2012-10-12,291781.15,0,79.64,4.468,131.1083333,6.895,265444.9,242813.51,277417.53,287033.64,272487.33,251732.92,2012,10,41
33,2012-10-19,254412.34,0,75.55,4.449,131.1499677,6.895,291781.15,265444.9,252709.58,253205.89,233543.08,234175.92,2012,10,42
33,2012-10-26,253731.13,0,73.7,4.301,131.1930968,6.895,254412.34,291781.15,242813.51,249134.32,231319.96,213538.32,2012,10,43
34,2011-02-04,971932.87,0,23.82,2.996,127.7195806,10.398,836717.75,891025.39,900646.94,972292.31,956228.96,236157.12,2011,2,5
34,2011-02-11,1015654.6,1,28.66,3.033,127.859129,10.398,971932.87,836717.75,898610.33,979730.78,994610.99,271961.04,2011,2,6
34,2011-02-18,1062629.3,0,45.12,3.058,127.99525,10.398,1015654.6,971932.87,891025.39,955766.33,983963.07,251294.5,2011,2,7
34,2011-02-25,953331.45,0,44.57,3.087,128.13,10.398,1062629.3,1015654.6,836717.75,1309476.68,905756.13,255996.47,2011,2,8
34,2011-03-04,963910.81,0,46.21,3.305,128.26475,10.398,953331.45,1062629.3,971932.87,1001512.21,918295.79,220060.35,2011,3,9
34,2011-03-11,943951.67,0,45.87,3.461,128.3995,10.398,963910.81,953331.45,1015654.6,1086661.02,921247.88,270373.05,2011,3,10
34,2011-03-18,1014218.8,0,55.58,3.495,128.5121935,10.398,943951.67,963910.81,1062629.3,1227148.13,892070.82,259638.35,2011,3,11
34,2011-03-25,922898.38,0,53.11,3.48,128.6160645,10.398,1014218.8,943951.67,953331.45,1620748.25,880742.35,256235.19,2011,3,12
34,2011-04-01,884233.67,0,55.46,3.521,128.7199355,10.581,922898.38,1014218.8,963910.81,902109.69,979428.66,215359.21,2011,4,13
34,2011-04-08,975479.83,0,58.59,3.605,128.8238065,10.581,884233.67,922898.38,943951.67,900646.94,950684.2,267058.08,2011,4,14
34,2011-04-15,941829.0,0,53.3,3.724,128.9107333,10.581,975479.83,884233.67,1014218.8,898610.33,923344.54,279447.22,2011,4,15
34,2011-04-22,1051518.45,0,63.83,3.781,128.9553,10.581,941829.0,975479.83,922898.38,891025.39,910240.68,244899.2,2011,4,16
34,2011-04-29,895973.02,0,57.73,3.781,128.9998667,10.581,1051518.45,941829.0,884233.67,836717.75,859922.19,236920.49,2011,4,17
34,2011-05-06,965853.58,0,54.4,3.866,129.0444333,10.581,895973.02,1051518.45,975479.83,971932.87,953495.48,256091.32,2011,5,18
34,2011-05-13,966232.69,0,63.05,3.872,129.089,10.581,965853.58,895973.02,941829.0,1015654.6,933924.44,282552.58,2011,5,19
34,2011-05-20,945018.83,0,61.47,3.881,129.0756774,10.581,966232.69,965853.58,1051518.45,1062629.3,913616.32,266300.98,2011,5,20
34,2011-05-27,941311.83,0,65.99,3.771,129.0623548,10.581,945018.83,966232.69,895973.02,953331.45,942868.38,242526.7,2011,5,21
34,2011-06-03,947229.24,0,74.64,3.683,129.0490323,10.581,941311.83,945018.83,965853.58,963910.81,966187.51,248051.53,2011,6,22
34,2011-06-10,943912.77,0,74.57,3.64,129.0357097,10.581,947229.24,941311.83,966232.69,943951.67,954681.56,287346.29,2011,6,23
34,2011-06-17,968258.09,0,76.58,3.618,129.0432,10.581,943912.77,947229.24,945018.83,1014218.8,941612.04,278067.73,2011,6,24
34,2011-06-24,923795.04,0,77.16,3.57,129.0663,10.581,968258.09,943912.77,941311.83,922898.38,895800.07,246970.97,2011,6,25
34,2011-07-01,911106.22,0,81.96,3.504,129.0894,10.641,923795.04,968258.09,947229.24,884233.67,919229.36,251327.67,2011,7,26
34,2011-07-08,926934.57,0,80.84,3.469,129.1125,10.641,911106.22,923795.04,943912.77,975479.83,911210.81,275911.97,2011,7,27
34,2011-07-15,903882.96,0,78.09,3.563,129.1338387,10.641,926934.57,911106.22,968258.09,941829.0,930269.79,312698.67,2011,7,28
34,2011-07-22,913236.62,0,80.75,3.627,129.1507742,10.641,903882.96,926934.57,923795.04,1051518.45,902050.95,261837.2,2011,7,29
34,2011-07-29,851461.9,0,78.04,3.659,129.1677097,10.641,913236.62,903882.96,911106.22,895973.02,875976.83,249798.75,2011,7,30
34,2011-08-05,942236.45,0,76.71,3.662,129.1846452,10.641,851461.9,913236.62,926934.57,965853.58,987435.35,270497.51,2011,8,31
34,2011-08-12,956251.18,0,80.23,3.617,129.2015806,10.641,942236.45,851461.9,903882.96,966232.69,951208.65,295841.84,2011,8,32
34,2011-08-19,960418.54,0,77.08,3.55,129.2405806,10.641,956251.18,942236.45,913236.62,945018.83,985152.94,276899.95,2011,8,33
34,2011-08-26,871404.6,0,77.27,3.523,129.2832581,10.641,960418.54,956251.18,851461.9,941311.83,855421.39,261851.74,2011,8,34
34,2011-09-02,926455.64,0,78.24,3.533,129.3259355,10.641,871404.6,960418.54,942236.45,947229.24,964356.74,261131.09,2011,9,35
34,2011-09-09,930506.14,1,70.05,3.554,129.3686129,10.641,926455.64,871404.6,956251.18,943912.77,932240.96,286082.76,2011,9,36
34,2011-09-16,927249.61,0,64.94,3.532,129.4306,10.641,930506.14,926455.64,960418.54,968258.09,885445.47,290444.31,2011,9,37
34,2011-09-23,902852.73,0,66.23,3.473,129.5183333,10.641,927249.61,930506.14,871404.6,923795.04,867539.07,261666.29,2011,9,38
34,2011-09-30,871847.85,0,69.44,3.371,129.6060667,10.641,902852.73,927249.61,926455.64,911106.22,865709.11,244338.31,2011,9,39
34,2011-10-07,954069.45,0,60.42,3.299,129.6938,10.148,871847.85,902852.73,930506.14,926934.57,931710.67,273690.37,2011,10,40
34,2011-10-14,911788.79,0,54.72,3.283,129.7706452,10.148,954069.45,871847.85,927249.61,903882.96,888703.62,287033.64,2011,10,41
34,2011-10-21,953693.23,0,58.93,3.361,129.7821613,10.148,911788.79,954069.45,902852.73,913236.62,936293.6,253205.89,2011,10,42
34,2011-10-28,958063.87,0,54.56,3.362,129.7936774,10.148,953693.23,911788.79,871847.85,851461.9,926294.02,249134.32,2011,10,43
34,2011-11-04,992621.93,0,48.04,3.322,129.8051935,10.148,958063.87,953693.23,954069.45,942236.45,972292.31,258533.12,2011,11,44
34,2011-11-11,991570.02,0,41.04,3.286,129.8167097,10.148,992621.93,958063.87,911788.79,956251.18,979730.78,297753.49,2011,11,45
34,2011-11-18,947552.44,0,46.0,3.294,129.8268333,10.148,991570.02,992621.93,953693.23,960418.54,955766.33,270097.76,2011,11,46
34,2011-11-25,1345595.82,1,45.99,3.225,129.8364,10.148,947552.44,991570.02,958063.87,871404.6,1309476.68,247672.56,2011,11,47
34,2011-12-02,988742.08,0,39.75,3.176,129.8459667,10.148,1345595.82,947552.44,992621.93,926455.64,1001512.21,237129.81,2011,12,48
34,2011-12-09,1084243.91,0,24.69,3.153,129.8555333,10.148,988742.08,1345595.82,991570.02,930506.14,1086661.02,286428.78,2011,12,49
34,2011-12-16,1151052.86,0,32.31,3.149,129.8980645,10.148,1084243.91,988742.08,947552.44,927249.61,1227148.13,277417.53,2011,12,50
34,2011-12-23,1593655.96,0,32.45,3.103,129.9845484,10.148,1151052.86,1084243.91,1345595.82,902852.73,1620748.25,252709.58,2011,12,51
34,2011-12-30,965512.36,1,28.84,3.119,130.0710323,10.148,1593655.96,1151052.86,988742.08,871847.85,902109.69,242813.51,2011,12,52
34,2012-01-06,953844.85,0,36.39,3.158,130.1575161,9.653,965512.36,1593655.96,1084243.91,954069.45,900646.94,265444.9,2012,1,1
34,2012-01-13,913755.12,0,33.99,3.263,130.244,9.653,953844.85,965512.36,1151052.86,911788.79,898610.33,291781.15,2012,1,2
34,2012-01-20,910899.05,0,39.28,3.273,130.2792258,9.653,913755.12,953844.85,1593655.96,953693.23,891025.39,254412.34,2012,1,3
34,2012-01-27,872450.37,0,39.81,3.29,130.3144516,9.653,910899.05,913755.12,965512.36,958063.87,836717.75,253731.13,2012,1,4
34,2012-02-03,939367.14,0,38.64,3.354,130.3496774,9.653,872450.37,910899.05,953844.85,992621.93,971932.87,956228.96,2012,2,5
34,2012-02-10,1047658.09,1,36.7,3.411,130.3849032,9.653,939367.14,872450.37,913755.12,991570.02,1015654.6,994610.99,2012,2,6
34,2012-02-17,1123446.51,0,37.25,3.493,130.4546207,9.653,1047658.09,939367.14,910899.05,947552.44,1062629.3,983963.07,2012,2,7
34,2012-02-24,950154.24,0,39.89,3.541,130.5502069,9.653,1123446.51,1047658.09,872450.37,1345595.82,953331.45,905756.13,2012,2,8
34,2012-03-02,990263.7,0,42.74,3.619,130.6457931,9.653,950154.24,1123446.51,939367.14,988742.08,963910.81,918295.79,2012,3,9
34,2012-03-09,976393.43,0,42.7,3.667,130.7413793,9.653,990263.7,950154.24,1047658.09,1084243.91,943951.67,921247.88,2012,3,10
34,2012-03-16,999298.43,0,48.09,3.707,130.8261935,9.653,976393.43,990263.7,1123446.51,1151052.86,1014218.8,892070.82,2012,3,11
34,2012-03-23,945143.33,0,47.93,3.759,130.8966452,9.653,999298.43,976393.43,950154.24,1593655.96,922898.38,880742.35,2012,3,12
34,2012-03-30,938861.77,0,59.29,3.82,130.9670968,9.653,945143.33,999298.43,990263.7,965512.36,884233.67,979428.66,2012,3,13
34,2012-04-06,1091020.37,0,54.42,3.864,131.0375484,9.575,938861.77,945143.33,976393.43,953844.85,975479.83,950684.2,2012,4,14
34,2012-04-13,987353.65,0,59.12,3.881,131.108,9.575,1091020.37,938861.77,999298.43,913755.12,941829.0,923344.54,2012,4,15
34,2012-04-20,977628.78,0,55.34,3.864,131.1173333,9.575,987353.65,1091020.37,945143.33,910899.05,1051518.45,910240.68,2012,4,16
34,2012-04-27,940299.87,0,66.49,3.81,131.1266667,9.575,977628.78,987353.65,938861.77,872450.37,895973.02,859922.19,2012,4,17
34,2012-05-04,991104.4,0,65.04,3.747,131.136,9.575,940299.87,977628.78,1091020.37,939367.14,965853.58,953495.48,2012,5,18
34,2012-05-11,949625.52,0,61.92,3.685,131.1453333,9.575,991104.4,940299.87,987353.65,1047658.09,966232.69,933924.44,2012,5,19
34,2012-05-18,998672.85,0,64.97,3.62,131.0983226,9.575,949625.52,991104.4,977628.78,1123446.51,945018.83,913616.32,2012,5,20
34,2012-05-25,1015737.61,0,72.42,3.551,131.0287742,9.575,998672.85,949625.52,940299.87,950154.24,941311.83,942868.38,2012,5,21
34,2012-06-01,977062.44,0,70.41,3.483,130.9592258,9.575,1015737.61,998672.85,991104.4,990263.7,947229.24,966187.51,2012,6,22
34,2012-06-08,999511.29,0,75.35,3.433,130.8896774,9.575,977062.44,1015737.61,949625.52,976393.43,943912.77,954681.56,2012,6,23
34,2012-06-15,982345.51,0,76.48,3.372,130.8295333,9.575,999511.29,977062.44,998672.85,999298.43,968258.09,941612.04,2012,6,24
34,2012-06-22,1000285.1,0,78.85,3.329,130.7929,9.575,982345.51,999511.29,1015737.61,945143.33,923795.04,895800.07,2012,6,25
34,2012-06-29,942970.63,0,81.91,3.257,130.7562667,9.575,1000285.1,982345.51,977062.44,938861.77,911106.22,919229.36,2012,6,26
34,2012-07-06,1007867.68,0,77.95,3.187,130.7196333,9.285,942970.63,1000285.1,999511.29,1091020.37,926934.57,911210.81,2012,7,27
34,2012-07-13,954677.75,0,74.02,3.224,130.683,9.285,1007867.68,942970.63,982345.51,987353.65,903882.96,930269.79,2012,7,28
34,2012-07-20,950929.59,0,77.7,3.263,130.7012903,9.285,954677.75,1007867.68,1000285.1,977628.78,913236.62,902050.95,2012,7,29
34,2012-07-27,917883.79,0,77.3,3.356,130.7195806,9.285,950929.59,954677.75,942970.63,940299.87,851461.9,875976.83,2012,7,30
34,2012-08-03,973250.41,0,78.93,3.374,130.737871,9.285,917883.79,950929.59,1007867.68,991104.4,942236.45,987435.35,2012,8,31
34,2012-08-10,1004523.59,0,78.26,3.476,130.7561613,9.285,973250.41,917883.79,954677.75,949625.52,956251.18,951208.65,2012,8,32
34,2012-08-17,1013820.86,0,77.78,3.552,130.7909677,9.285,1004523.59,973250.41,950929.59,998672.85,960418.54,985152.94,2012,8,33
34,2012-08-24,926250.21,0,72.44,3.61,130.8381613,9.285,1013820.86,1004523.59,917883.79,1015737.61,871404.6,855421.39,2012,8,34
34,2012-08-31,933487.71,0,75.89,3.646,130.8853548,9.285,926250.21,1013820.86,973250.41,977062.44,926455.64,964356.74,2012,8,35
34,2012-09-07,976415.56,1,78.26,3.709,130.9325484,9.285,933487.71,926250.21,1004523.59,999511.29,930506.14,932240.96,2012,9,36
34,2012-09-14,955211.7,0,64.28,3.706,130.9776667,9.285,976415.56,933487.71,1013820.86,982345.51,927249.61,885445.47,2012,9,37
34,2012-09-21,943047.78,0,66.08,3.721,131.0103333,9.285,955211.7,976415.56,926250.21,1000285.1,902852.73,867539.07,2012,9,38
34,2012-09-28,928629.31,0,67.06,3.666,131.043,9.285,943047.78,955211.7,933487.71,942970.63,871847.85,865709.11,2012,9,39
34,2012-10-05,968896.68,0,65.41,3.62,131.0756667,8.839,928629.31,943047.78,976415.56,1007867.68,954069.45,931710.67,2012,10,40
34,2012-10-12,948613.39,0,59.94,3.603,131.1083333,8.839,968896.68,928629.31,955211.7,954677.75,911788.79,888703.62,2012,10,41
34,2012-10-19,963516.28,0,58.47,3.61,131.1499677,8.839,948613.39,968896.68,943047.78,950929.59,953693.23,936293.6,2012,10,42
34,2012-10-26,956987.81,0,57.95,3.514,131.1930968,8.839,963516.28,948613.39,928629.31,917883.79,958063.87,926294.02,2012,10,43
35,2011-02-04,747577.05,0,28.7,3.231,137.0542431,8.549,633289.78,659902.07,649289.75,843755.12,1230613.5,992621.93,2011,2,5
35,2011-02-11,859258.17,1,30.45,3.239,137.1378318,8.549,747577.05,633289.78,687670.78,870914.69,1168815.31,991570.02,2011,2,6
35,2011-02-18,865305.88,0,39.32,3.245,137.2511849,8.549,859258.17,747577.05,659902.07,846850.35,1270658.64,947552.44,2011,2,7
35,2011-02-25,841129.26,0,33.05,3.274,137.3764439,8.549,865305.88,859258.17,633289.78,1781866.98,1020651.74,1345595.82,2011,2,8
35,2011-03-04,850448.54,0,36.99,3.433,137.5017028,8.549,841129.26,865305.88,747577.05,982598.88,1162610.27,988742.08,2011,3,9
35,2011-03-11,830601.39,0,43.64,3.582,137.6269617,8.549,850448.54,841129.26,859258.17,1108580.19,1150344.39,1084243.91,2011,3,10
35,2011-03-18,800662.82,0,46.65,3.631,137.7398929,8.549,830601.39,850448.54,865305.88,1314987.4,1117536.09,1151052.86,2011,3,11
35,2011-03-25,762184.1,0,40.11,3.625,137.8478929,8.549,800662.82,830601.39,841129.26,1779236.54,1078900.44,1593655.96,2011,3,12
35,2011-04-01,762620.94,0,37.27,3.638,137.9558929,8.512,762184.1,800662.82,850448.54,576332.05,1189556.47,965512.36,2011,4,13
35,2011-04-08,813352.41,0,46.87,3.72,138.0638929,8.512,762620.94,762184.1,830601.39,649289.75,1198014.97,953844.85,2011,4,14
35,2011-04-15,795157.2,0,52.24,3.821,138.1646952,8.512,813352.41,762620.94,800662.82,687670.78,1084487.55,913755.12,2011,4,15
35,2011-04-22,841778.34,0,50.02,3.892,138.2475036,8.512,795157.2,813352.41,762184.1,659902.07,1110827.48,910899.05,2011,4,16
35,2011-04-29,811824.06,0,61.71,3.962,138.3303119,8.512,841778.34,795157.2,762620.94,633289.78,1096930.65,872450.37,2011,4,17
35,2011-05-06,835181.18,0,56.48,4.046,138.4131202,8.512,811824.06,841778.34,813352.41,747577.05,1182099.88,939367.14,2011,5,18
35,2011-05-13,826155.95,0,60.07,4.066,138.4959286,8.512,835181.18,811824.06,795157.2,859258.17,1104277.57,1047658.09,2011,5,19
35,2011-05-20,776838.56,0,60.22,4.062,138.587106,8.512,826155.95,835181.18,841778.34,865305.88,1078182.18,1123446.51,2011,5,20
35,2011-05-27,850708.6,0,66.43,3.985,138.6782834,8.512,776838.56,826155.95,811824.06,841129.26,1223777.48,950154.24,2011,5,21
35,2011-06-03,955466.84,0,74.17,3.922,138.7694608,8.512,850708.6,776838.56,835181.18,850448.54,1282378.71,990263.7,2011,6,22
35,2011-06-10,855130.21,0,73.26,3.881,138.8606382,8.512,955466.84,850708.6,826155.95,830601.39,1160412.71,976393.43,2011,6,23
35,2011-06-17,828594.86,0,67.03,3.842,139.0028333,8.512,855130.21,955466.84,776838.56,800662.82,1198025.76,999298.43,2011,6,24
35,2011-06-24,849397.57,0,72.02,3.804,139.1832917,8.512,828594.86,855130.21,850708.6,762184.1,1230245.74,945143.33,2011,6,25
35,2011-07-01,874453.88,0,73.76,3.748,139.36375,8.684,849397.57,828594.86,955466.84,762620.94,1245827.08,938861.77,2011,7,26
35,2011-07-08,827717.85,0,76.87,3.711,139.5442083,8.684,874453.88,849397.57,855130.21,813352.41,1268766.76,1091020.37,2011,7,27
35,2011-07-15,813845.5,0,77.83,3.76,139.7006325,8.684,827717.85,874453.88,828594.86,795157.2,1124414.87,987353.65,2011,7,28
35,2011-07-22,820188.42,0,82.28,3.811,139.7969712,8.684,813845.5,827717.85,849397.57,841778.34,1121756.43,977628.78,2011,7,29
35,2011-07-29,770820.27,0,79.41,3.829,139.8933099,8.684,820188.42,813845.5,874453.88,811824.06,1139131.78,940299.87,2011,7,30
35,2011-08-05,826820.71,0,78.14,3.842,139.9896486,8.684,770820.27,820188.42,827717.85,835181.18,1180183.39,991104.4,2011,8,31
35,2011-08-12,819911.89,0,76.67,3.812,140.0859873,8.684,826820.71,770820.27,813845.5,826155.95,1090587.5,949625.52,2011,8,32
35,2011-08-19,820288.35,0,72.97,3.747,140.1289205,8.684,819911.89,826820.71,820188.42,776838.56,1033719.5,998672.85,2011,8,33
35,2011-08-26,897037.25,0,72.88,3.704,140.1629528,8.684,820288.35,819911.89,770820.27,850708.6,917693.06,1015737.61,2011,8,34
35,2011-09-02,813486.55,0,71.44,3.703,140.196985,8.684,897037.25,820288.35,826820.71,955466.84,948660.79,977062.44,2011,9,35
35,2011-09-09,922440.64,1,70.93,3.738,140.2310173,8.684,813486.55,897037.25,819911.89,855130.21,961685.98,999511.29,2011,9,36
35,2011-09-16,738792.11,0,69.65,3.742,140.2735,8.684,922440.64,813486.55,820288.35,828594.86,831443.61,982345.51,2011,9,37
35,2011-09-23,705802.45,0,63.61,3.711,140.32725,8.684,738792.11,922440.64,897037.25,849397.57,758069.78,1000285.1,2011,9,38
35,2011-09-30,749676.95,0,70.92,3.645,140.381,8.684,705802.45,738792.11,813486.55,874453.88,771065.21,942970.63,2011,9,39
35,2011-10-07,791637.53,0,56.91,3.583,140.43475,8.745,749676.95,705802.45,922440.64,827717.85,874615.32,1007867.68,2011,10,40
35,2011-10-14,772859.25,0,64.78,3.541,140.4784194,8.745,791637.53,749676.95,738792.11,813845.5,798376.99,954677.75,2011,10,41
35,2011-10-21,811328.4,0,59.62,3.57,140.4616048,8.745,772859.25,791637.53,705802.45,820188.42,827705.82,950929.59,2011,10,42
35,2011-10-28,808821.5,0,51.81,3.569,140.4447903,8.745,811328.4,772859.25,749676.95,770820.27,857797.33,917883.79,2011,10,43
35,2011-11-04,653468.75,0,44.46,3.551,140.4279758,8.745,808821.5,811328.4,791637.53,826820.71,843755.12,973250.41,2011,11,44
35,2011-11-11,880576.33,0,49.69,3.53,140.4111613,8.745,653468.75,808821.5,772859.25,819911.89,870914.69,1004523.59,2011,11,45
35,2011-11-18,820964.1,0,51.42,3.53,140.4127857,8.745,880576.33,653468.75,811328.4,820288.35,846850.35,1013820.86,2011,11,46
35,2011-11-25,1733822.4,1,47.88,3.492,140.4217857,8.745,820964.1,880576.33,808821.5,897037.25,1781866.98,926250.21,2011,11,47
35,2011-12-02,903606.03,0,50.55,3.452,140.4307857,8.745,1733822.4,820964.1,653468.75,813486.55,982598.88,933487.71,2011,12,48
35,2011-12-09,948964.99,0,46.28,3.415,140.4397857,8.745,903606.03,1733822.4,880576.33,922440.64,1108580.19,976415.56,2011,12,49
35,2011-12-16,1115255.65,0,40.68,3.413,140.4700795,8.745,948964.99,903606.03,820964.1,738792.11,1314987.4,955211.7,2011,12,50
35,2011-12-23,1550214.02,0,41.59,3.389,140.528765,8.745,1115255.65,948964.99,1733822.4,705802.45,1779236.54,943047.78,2011,12,51
35,2011-12-30,904650.55,1,37.85,3.389,140.5874505,8.745,1550214.02,1115255.65,903606.03,749676.95,576332.05,928629.31,2011,12,52
35,2012-01-06,671708.09,0,35.8,3.422,140.6461359,8.744,904650.55,1550214.02,948964.99,791637.53,649289.75,968896.68,2012,1,1
35,2012-01-13,625135.11,0,41.3,3.513,140.7048214,8.744,671708.09,904650.55,1115255.65,772859.25,687670.78,948613.39,2012,1,2
35,2012-01-20,669850.04,0,30.35,3.533,140.8086118,8.744,625135.11,671708.09,1550214.02,811328.4,659902.07,963516.28,2012,1,3
35,2012-01-27,588722.99,0,36.96,3.567,140.9124021,8.744,669850.04,625135.11,904650.55,808821.5,633289.78,956987.81,2012,1,4
35,2012-02-03,746901.03,0,42.52,3.617,141.0161924,8.744,588722.99,669850.04,671708.09,653468.75,747577.05,1230613.5,2012,2,5
35,2012-02-10,849779.14,1,37.86,3.64,141.1199827,8.744,746901.03,588722.99,625135.11,880576.33,859258.17,1168815.31,2012,2,6
35,2012-02-17,824568.39,0,37.24,3.695,141.2140357,8.744,849779.14,746901.03,669850.04,820964.1,865305.88,1270658.64,2012,2,7
35,2012-02-24,805028.74,0,41.74,3.739,141.3007857,8.744,824568.39,849779.14,588722.99,1733822.4,841129.26,1020651.74,2012,2,8
35,2012-03-02,766571.1,0,40.07,3.816,141.3875357,8.744,805028.74,824568.39,746901.03,903606.03,850448.54,1162610.27,2012,3,9
35,2012-03-09,796351.35,0,44.32,3.848,141.4742857,8.744,766571.1,805028.74,849779.14,948964.99,830601.39,1150344.39,2012,3,10
35,2012-03-16,793045.82,0,49.6,3.862,141.55478,8.744,796351.35,766571.1,824568.39,1115255.65,800662.82,1117536.09,2012,3,11
35,2012-03-23,760671.1,0,57.3,3.9,141.6269332,8.744,793045.82,796351.35,805028.74,1550214.02,762184.1,1078900.44,2012,3,12
35,2012-03-30,744525.69,0,49.4,3.953,141.6990864,8.744,760671.1,793045.82,766571.1,904650.55,762620.94,1189556.47,2012,3,13
35,2012-04-06,860293.46,0,48.73,3.996,141.7712396,8.876,744525.69,760671.1,796351.35,671708.09,813352.41,1198014.97,2012,4,14
35,2012-04-13,788633.42,0,52.22,4.044,141.8433929,8.876,860293.46,744525.69,793045.82,625135.11,795157.2,1084487.55,2012,4,15
35,2012-04-20,794660.24,0,62.62,4.027,141.9015262,8.876,788633.42,860293.46,760671.1,669850.04,841778.34,1110827.48,2012,4,16
35,2012-04-27,721212.45,0,52.33,4.004,141.9596595,8.876,794660.24,788633.42,744525.69,588722.99,811824.06,1096930.65,2012,4,17
35,2012-05-04,772036.6,0,53.68,3.951,142.0177929,8.876,721212.45,794660.24,860293.46,746901.03,835181.18,1182099.88,2012,5,18
35,2012-05-11,802383.63,0,58.97,3.889,142.0759262,8.876,772036.6,721212.45,788633.42,849779.14,826155.95,1104277.57,2012,5,19
35,2012-05-18,819196.68,0,65.15,3.848,142.0970115,8.876,802383.63,772036.6,794660.24,824568.39,776838.56,1078182.18,2012,5,20
35,2012-05-25,822167.17,0,64.77,3.798,142.1032776,8.876,819196.68,802383.63,721212.45,805028.74,850708.6,1223777.48,2012,5,21
35,2012-06-01,932195.52,0,73.4,3.742,142.1095438,8.876,822167.17,819196.68,772036.6,766571.1,955466.84,1282378.71,2012,6,22
35,2012-06-08,873415.01,0,64.05,3.689,142.1158099,8.876,932195.52,822167.17,802383.63,796351.35,855130.21,1160412.71,2012,6,23
35,2012-06-15,848289.41,0,69.52,3.62,142.1292548,8.876,873415.01,932195.52,819196.68,793045.82,828594.86,1198025.76,2012,6,24
35,2012-06-22,911696.0,0,73.23,3.564,142.1606464,8.876,848289.41,873415.01,822167.17,760671.1,849397.57,1230245.74,2012,6,25
35,2012-06-29,892133.41,0,73.94,3.506,142.1920381,8.876,911696.0,848289.41,932195.52,744525.69,874453.88,1245827.08,2012,6,26
35,2012-07-06,985479.64,0,82.08,3.475,142.2234298,8.839,892133.41,911696.0,873415.01,860293.46,827717.85,1268766.76,2012,7,27
35,2012-07-13,825763.48,0,78.95,3.523,142.2548214,8.839,985479.64,892133.41,848289.41,788633.42,813845.5,1124414.87,2012,7,28
35,2012-07-20,841224.74,0,78.64,3.567,142.2337569,8.839,825763.48,985479.64,911696.0,794660.24,820188.42,1121756.43,2012,7,29
35,2012-07-27,808030.15,0,76.01,3.647,142.2126924,8.839,841224.74,825763.48,892133.41,721212.45,770820.27,1139131.78,2012,7,30
35,2012-08-03,866216.36,0,75.22,3.654,142.1916279,8.839,808030.15,841224.74,985479.64,772036.6,826820.71,1180183.39,2012,8,31
35,2012-08-10,888368.8,0,78.44,3.722,142.1705634,8.839,866216.36,808030.15,825763.48,802383.63,819911.89,1090587.5,2012,8,32
35,2012-08-17,887979.47,0,76.51,3.807,142.2157385,8.839,888368.8,866216.36,841224.74,819196.68,820288.35,1033719.5,2012,8,33
35,2012-08-24,895274.72,0,72.93,3.834,142.3105933,8.839,887979.47,888368.8,808030.15,822167.17,897037.25,917693.06,2012,8,34
35,2012-08-31,931278.97,0,75.0,3.867,142.4054482,8.839,895274.72,887979.47,866216.36,932195.52,813486.55,948660.79,2012,8,35
35,2012-09-07,984833.35,1,76.0,3.911,142.500303,8.839,931278.97,895274.72,888368.8,873415.01,922440.64,961685.98,2012,9,36
35,2012-09-14,821568.64,0,68.72,3.948,142.5938833,8.839,984833.35,931278.97,887979.47,848289.41,738792.11,831443.61,2012,9,37
35,2012-09-21,772302.94,0,66.1,4.038,142.6798167,8.839,821568.64,984833.35,895274.72,911696.0,705802.45,758069.78,2012,9,38
35,2012-09-28,814099.86,0,64.92,3.997,142.76575,8.839,772302.94,821568.64,931278.97,892133.41,749676.95,771065.21,2012,9,39
35,2012-10-05,866064.4,0,64.5,3.985,142.8516833,8.665,814099.86,772302.94,984833.35,985479.64,791637.53,874615.32,2012,10,40
35,2012-10-12,873643.14,0,55.4,4.0,142.9376167,8.665,866064.4,814099.86,821568.64,825763.48,772859.25,798376.99,2012,10,41
35,2012-10-19,829284.67,0,56.53,3.969,142.8633629,8.665,873643.14,866064.4,772302.94,841224.74,811328.4,827705.82,2012,10,42
35,2012-10-26,865137.6,0,58.99,3.882,142.7624113,8.665,829284.67,873643.14,814099.86,808030.15,808821.5,857797.33,2012,10,43
36,2011-02-04,417521.7,0,46.68,2.98,211.3333753,8.395,372174.12,399191.05,384659.85,405860.37,467546.74,653468.75,2011,2,5
36,2011-02-11,401501.2,1,41.16,3.009,211.6985093,8.395,417521.7,372174.12,410497.73,425804.8,469563.7,880576.33,2011,2,6
36,2011-02-18,427175.03,0,57.48,3.017,212.0063522,8.395,401501.2,417521.7,399191.05,411615.71,470281.03,820964.1,2011,2,7
36,2011-02-25,380279.44,0,67.73,3.053,212.2912786,8.395,427175.03,401501.2,372174.12,408891.49,447519.44,1733822.4,2011,2,8
36,2011-03-04,402579.84,0,64.55,3.282,212.576205,8.395,380279.44,427175.03,417521.7,360266.09,480203.43,903606.03,2011,3,9
36,2011-03-11,407506.78,0,59.15,3.448,212.8611313,8.395,402579.84,380279.44,401501.2,404545.03,441434.2,948964.99,2011,3,10
36,2011-03-18,431412.22,0,64.9,3.487,213.1096787,8.395,407506.78,402579.84,427175.03,410214.7,428851.99,1115255.65,2011,3,11
36,2011-03-25,390732.02,0,71.07,3.488,213.3436744,8.395,431412.22,407506.78,380279.44,422093.59,404438.51,1550214.02,2011,3,12
36,2011-04-01,385672.11,0,67.31,3.529,213.5776701,8.3,390732.02,431412.22,402579.84,359310.65,435972.82,904650.55,2011,4,13
36,2011-04-08,428727.61,0,69.39,3.645,213.8116658,8.3,385672.11,390732.02,407506.78,384659.85,453016.91,671708.09,2011,4,14
36,2011-04-15,414986.54,0,73.25,3.763,214.026217,8.3,428727.61,385672.11,431412.22,410497.73,483699.56,625135.11,2011,4,15
36,2011-04-22,374574.72,0,74.57,3.805,214.1921572,8.3,414986.54,428727.61,390732.02,399191.05,434116.8,669850.04,2011,4,16
36,2011-04-29,340708.78,0,76.1,3.837,214.3580974,8.3,374574.72,414986.54,385672.11,372174.12,457899.64,588722.99,2011,4,17
36,2011-05-06,393401.4,0,69.56,3.917,214.5240376,8.3,340708.78,374574.72,428727.61,417521.7,489372.02,746901.03,2011,5,18
36,2011-05-13,395316.65,0,76.73,3.92,214.6899778,8.3,393401.4,340708.78,414986.54,401501.2,476733.74,849779.14,2011,5,19
36,2011-05-20,376183.44,0,73.02,3.925,214.465412,8.3,395316.65,393401.4,374574.72,427175.03,474917.98,824568.39,2011,5,20
36,2011-05-27,348655.2,0,81.28,3.786,214.2408462,8.3,376183.44,395316.65,340708.78,380279.44,447050.42,805028.74,2011,5,21
36,2011-06-03,373703.95,0,82.96,3.69,214.0162805,8.3,348655.2,376183.44,393401.4,402579.84,471088.88,766571.1,2011,6,22
36,2011-06-10,374182.04,0,82.41,3.633,213.7917147,8.3,373703.95,348655.2,395316.65,407506.78,467711.18,796351.35,2011,6,23
36,2011-06-17,394645.25,0,84.43,3.599,213.7481256,8.3,374182.04,373703.95,376183.44,431412.22,485694.72,793045.82,2011,6,24
36,2011-06-24,360009.94,0,83.95,3.569,213.8402689,8.3,394645.25,374182.04,348655.2,390732.02,434879.87,760671.1,2011,6,25
36,2011-07-01,354270.77,0,85.33,3.502,213.9324122,8.177,360009.94,394645.25,373703.95,385672.11,434252.15,744525.69,2011,7,26
36,2011-07-08,377464.62,0,84.71,3.44,214.0245556,8.177,354270.77,360009.94,374182.04,428727.61,471713.59,860293.46,2011,7,27
36,2011-07-15,385631.48,0,85.63,3.55,214.1083654,8.177,377464.62,354270.77,394645.25,414986.54,466962.04,788633.42,2011,7,28
36,2011-07-22,361311.41,0,83.31,3.637,214.1713416,8.177,385631.48,377464.62,360009.94,374574.72,452021.2,794660.24,2011,7,29
36,2011-07-29,354361.08,0,84.99,3.66,214.2343177,8.177,361311.41,385631.48,354270.77,340708.78,432451.91,721212.45,2011,7,30
36,2011-08-05,381017.75,0,86.71,3.652,214.2972939,8.177,354361.08,361311.41,377464.62,393401.4,467442.94,772036.6,2011,8,31
36,2011-08-12,380188.69,0,87.64,3.608,214.3602701,8.177,381017.75,354361.08,385631.48,395316.65,470436.8,802383.63,2011,8,32
36,2011-08-19,373267.58,0,87.24,3.534,214.4239935,8.177,380188.69,381017.75,361311.41,376183.44,437949.9,819196.68,2011,8,33
36,2011-08-26,344964.2,0,86.02,3.501,214.4878416,8.177,373267.58,380188.69,354361.08,348655.2,412050.73,822167.17,2011,8,34
36,2011-09-02,350276.29,0,87.5,3.481,214.5516896,8.177,344964.2,373267.58,381017.75,373703.95,431294.45,932195.52,2011,9,35
36,2011-09-09,352960.64,1,77.94,3.499,214.6155376,8.177,350276.29,344964.2,380188.69,374182.04,434471.38,873415.01,2011,9,36
36,2011-09-16,343108.12,0,82.06,3.473,214.7934111,8.177,352960.64,350276.29,373267.58,394645.25,454694.21,848289.41,2011,9,37
36,2011-09-23,322405.13,0,78.35,3.441,215.1233185,8.177,343108.12,352960.64,344964.2,360009.94,419348.59,911696.0,2011,9,38
36,2011-09-30,314910.37,0,81.52,3.328,215.4532259,8.177,322405.13,343108.12,350276.29,354270.77,422169.47,892133.41,2011,9,39
36,2011-10-07,346137.87,0,71.2,3.262,215.7831333,7.716,314910.37,322405.13,352960.64,377464.62,444351.61,985479.64,2011,10,40
36,2011-10-14,342076.99,0,74.16,3.234,216.0885258,7.716,346137.87,314910.37,343108.12,385631.48,453308.15,825763.48,2011,10,41
36,2011-10-21,328633.34,0,67.89,3.308,216.2468287,7.716,342076.99,346137.87,322405.13,361311.41,424956.3,841224.74,2011,10,42
36,2011-10-28,306193.81,0,71.31,3.306,216.4051315,7.716,328633.34,342076.99,314910.37,354361.08,392654.26,808030.15,2011,10,43
36,2011-11-04,313387.11,0,58.97,3.287,216.5634344,7.716,306193.81,328633.34,346137.87,381017.75,405860.37,866216.36,2011,11,44
36,2011-11-11,328498.92,0,63.5,3.254,216.7217373,7.716,313387.11,306193.81,342076.99,380188.69,425804.8,888368.8,2011,11,45
36,2011-11-18,332901.94,0,66.28,3.26,216.9395861,7.716,328498.92,313387.11,328633.34,373267.58,411615.71,887979.47,2011,11,46
36,2011-11-25,332811.55,1,66.41,3.181,217.1812533,7.716,332901.94,328498.92,306193.81,344964.2,408891.49,895274.72,2011,11,47
36,2011-12-02,293350.51,0,53.57,3.164,217.4229206,7.716,332811.55,332901.94,313387.11,350276.29,360266.09,931278.97,2011,12,48
36,2011-12-09,312298.37,0,50.64,3.147,217.6645878,7.716,293350.51,332811.55,328498.92,352960.64,404545.03,984833.35,2011,12,49
36,2011-12-16,341503.92,0,58.31,3.133,217.8781339,7.716,312298.37,293350.51,332901.94,343108.12,410214.7,821568.64,2011,12,50
36,2011-12-23,325262.46,0,55.41,3.098,218.0541851,7.716,341503.92,312298.37,332811.55,322405.13,422093.59,772302.94,2011,12,51
36,2011-12-30,287425.22,1,48.26,3.132,218.2302364,7.716,325262.46,341503.92,293350.51,314910.37,359310.65,814099.86,2011,12,52
36,2012-01-06,329467.82,0,57.18,3.129,218.4062876,7.244,287425.22,325262.46,312298.37,346137.87,384659.85,866064.4,2012,1,1
36,2012-01-13,325976.34,0,56.28,3.254,218.5823389,7.244,329467.82,287425.22,341503.92,342076.99,410497.73,873643.14,2012,1,2
36,2012-01-20,330927.21,0,58.9,3.275,218.6755292,7.244,325976.34,329467.82,325262.46,328633.34,399191.05,829284.67,2012,1,3
36,2012-01-27,301444.94,0,62.73,3.313,218.7687195,7.244,330927.21,325976.34,287425.22,306193.81,372174.12,865137.6,2012,1,4
36,2012-02-03,310982.87,0,61.33,3.421,218.8619099,7.244,301444.94,330927.21,329467.82,313387.11,417521.7,467546.74,2012,2,5
36,2012-02-10,335741.9,1,54.49,3.462,218.9551002,7.244,310982.87,301444.94,325976.34,328498.92,401501.2,469563.7,2012,2,6
36,2012-02-17,326316.73,0,54.38,3.503,219.1148297,7.244,335741.9,310982.87,330927.21,332901.94,427175.03,470281.03,2012,2,7
36,2012-02-24,313270.45,0,62.21,3.55,219.3244636,7.244,326316.73,335741.9,301444.94,332811.55,380279.44,447519.44,2012,2,8
36,2012-03-02,315396.72,0,64.54,3.619,219.5340975,7.244,313270.45,326316.73,310982.87,293350.51,402579.84,480203.43,2012,3,9
36,2012-03-09,318674.93,0,63.19,3.647,219.7437314,7.244,315396.72,313270.45,335741.9,312298.37,407506.78,441434.2,2012,3,10
36,2012-03-16,335345.82,0,67.48,3.779,219.8956335,7.244,318674.93,315396.72,326316.73,341503.92,431412.22,428851.99,2012,3,11
36,2012-03-23,317872.51,0,69.18,3.845,219.9705599,7.244,335345.82,318674.93,313270.45,325262.46,390732.02,404438.51,2012,3,12
36,2012-03-30,304144.9,0,70.48,3.891,220.0454862,7.244,317872.51,335345.82,315396.72,287425.22,385672.11,435972.82,2012,3,13
36,2012-04-06,331026.11,0,73.95,3.934,220.1204125,6.989,304144.9,317872.51,318674.93,329467.82,428727.61,453016.91,2012,4,14
36,2012-04-13,339407.94,0,72.54,3.919,220.1953389,6.989,331026.11,304144.9,335345.82,325976.34,414986.54,483699.56,2012,4,15
36,2012-04-20,323915.32,0,70.87,3.918,220.2483937,6.989,339407.94,331026.11,317872.51,330927.21,374574.72,434116.8,2012,4,16
36,2012-04-27,308389.82,0,70.06,3.888,220.3014485,6.989,323915.32,339407.94,304144.9,301444.94,340708.78,457899.64,2012,4,17
36,2012-05-04,312467.52,0,77.17,3.835,220.3545033,6.989,308389.82,323915.32,331026.11,310982.87,393401.4,489372.02,2012,5,18
36,2012-05-11,330518.34,0,76.55,3.764,220.4075581,6.989,312467.52,308389.82,339407.94,335741.9,395316.65,476733.74,2012,5,19
36,2012-05-18,324801.13,0,73.7,3.713,220.4252149,6.989,330518.34,312467.52,323915.32,326316.73,376183.44,474917.98,2012,5,20
36,2012-05-25,306098.17,0,78.94,3.636,220.4287124,6.989,324801.13,330518.34,308389.82,313270.45,348655.2,447050.42,2012,5,21
36,2012-06-01,306005.53,0,80.74,3.567,220.4322099,6.989,306098.17,324801.13,312467.52,315396.72,373703.95,471088.88,2012,6,22
36,2012-06-08,338273.38,0,81.5,3.513,220.4357073,6.989,306005.53,306098.17,330518.34,318674.93,374182.04,467711.18,2012,6,23
36,2012-06-15,333146.88,0,82.15,3.407,220.4494148,6.989,338273.38,306005.53,324801.13,335345.82,394645.25,485694.72,2012,6,24
36,2012-06-22,306411.01,0,80.4,3.358,220.4886472,6.989,333146.88,338273.38,306098.17,317872.51,360009.94,434879.87,2012,6,25
36,2012-06-29,291530.43,0,86.68,3.273,220.5278796,6.989,306411.01,333146.88,306005.53,304144.9,354270.77,434252.15,2012,6,26
36,2012-07-06,306578.89,0,81.52,3.232,220.567112,6.623,291530.43,306411.01,338273.38,331026.11,377464.62,471713.59,2012,7,27
36,2012-07-13,298337.41,0,78.15,3.245,220.6063444,6.623,306578.89,291530.43,333146.88,339407.94,385631.48,466962.04,2012,7,28
36,2012-07-20,303289.55,0,81.76,3.301,220.6148749,6.623,298337.41,306578.89,306411.01,323915.32,361311.41,452021.2,2012,7,29
36,2012-07-27,279643.43,0,84.0,3.392,220.6234054,6.623,303289.55,298337.41,291530.43,308389.82,354361.08,432451.91,2012,7,30
36,2012-08-03,304989.97,0,85.56,3.404,220.6319358,6.623,279643.43,303289.55,306578.89,312467.52,381017.75,467442.94,2012,8,31
36,2012-08-10,298947.51,0,84.41,3.49,220.6404663,6.623,304989.97,279643.43,298337.41,330518.34,380188.69,470436.8,2012,8,32
36,2012-08-17,314607.22,0,85.89,3.571,220.7199609,6.623,298947.51,304989.97,303289.55,324801.13,373267.58,437949.9,2012,8,33
36,2012-08-24,282545.55,0,81.26,3.574,220.8526787,6.623,314607.22,298947.51,279643.43,306098.17,344964.2,412050.73,2012,8,34
36,2012-08-31,282647.48,0,84.79,3.608,220.9853964,6.623,282545.55,314607.22,304989.97,306005.53,350276.29,431294.45,2012,8,35
36,2012-09-07,293728.57,1,84.19,3.697,221.1181142,6.623,282647.48,282545.55,298947.51,338273.38,352960.64,434471.38,2012,9,36
36,2012-09-14,301893.63,0,78.16,3.692,221.2601207,6.623,293728.57,282647.48,314607.22,333146.88,343108.12,454694.21,2012,9,37
36,2012-09-21,293804.45,0,75.98,3.709,221.4578604,6.623,301893.63,293728.57,282545.55,306411.01,322405.13,419348.59,2012,9,38
36,2012-09-28,270677.98,0,79.49,3.66,221.6556,6.623,293804.45,301893.63,282647.48,291530.43,314910.37,422169.47,2012,9,39
36,2012-10-05,277137.86,0,73.57,3.611,221.8533396,6.228,270677.98,293804.45,293728.57,306578.89,346137.87,444351.61,2012,10,40
36,2012-10-12,300236.85,0,71.28,3.576,222.0510793,6.228,277137.86,270677.98,301893.63,298337.41,342076.99,453308.15,2012,10,41
36,2012-10-19,287360.05,0,74.06,3.57,222.0951719,6.228,300236.85,277137.86,293804.45,303289.55,328633.34,424956.3,2012,10,42
36,2012-10-26,272489.41,0,74.39,3.494,222.1136566,6.228,287360.05,300236.85,270677.98,279643.43,306193.81,392654.26,2012,10,43
37,2011-02-04,583835.18,0,46.68,2.989,211.3333753,8.395,513672.36,526486.82,542464.02,539683.42,536006.73,313387.11,2011,2,5
37,2011-02-11,522514.32,1,41.16,3.022,211.6985093,8.395,583835.18,513672.36,525616.9,517546.69,529852.7,328498.92,2011,2,6
37,2011-02-18,536840.69,0,57.48,3.045,212.0063522,8.395,522514.32,583835.18,526486.82,518124.16,510382.5,332901.94,2011,2,7
37,2011-02-25,514758.19,0,67.73,3.065,212.2912786,8.395,536840.69,522514.32,513672.36,518220.72,513615.82,332811.55,2011,2,8
37,2011-03-04,527572.25,0,64.55,3.288,212.576205,8.395,514758.19,536840.69,583835.18,508213.14,519255.68,293350.51,2011,3,9
37,2011-03-11,505610.4,0,59.15,3.459,212.8611313,8.395,527572.25,514758.19,522514.32,511207.52,513015.35,312298.37,2011,3,10
37,2011-03-18,478503.06,0,64.9,3.488,213.1096787,8.395,505610.4,527572.25,536840.69,534285.21,460020.74,341503.92,2011,3,11
37,2011-03-25,522105.93,0,71.07,3.473,213.3436744,8.395,478503.06,505610.4,514758.19,576809.92,515777.97,325262.46,2011,3,12
37,2011-04-01,534578.78,0,67.31,3.524,213.5776701,8.3,522105.93,478503.06,527572.25,460331.7,540189.7,287425.22,2011,4,13
37,2011-04-08,543703.16,0,69.39,3.622,213.8116658,8.3,534578.78,522105.93,505610.4,542464.02,513327.55,329467.82,2011,4,14
37,2011-04-15,543775.87,0,73.25,3.743,214.026217,8.3,543703.16,534578.78,478503.06,525616.9,524544.83,325976.34,2011,4,15
37,2011-04-22,526434.37,0,74.57,3.807,214.1921572,8.3,543775.87,543703.16,522105.93,526486.82,527019.78,330927.21,2011,4,16
37,2011-04-29,502918.18,0,76.1,3.81,214.3580974,8.3,526434.37,543775.87,534578.78,513672.36,517850.83,301444.94,2011,4,17
37,2011-05-06,547513.3,0,69.56,3.906,214.5240376,8.3,502918.18,526434.37,543703.16,583835.18,543234.77,310982.87,2011,5,18
37,2011-05-13,511871.63,0,76.73,3.899,214.6899778,8.3,547513.3,502918.18,543775.87,522514.32,505196.08,335741.9,2011,5,19
37,2011-05-20,533564.42,0,73.02,3.907,214.465412,8.3,511871.63,547513.3,526434.37,536840.69,510494.7,326316.73,2011,5,20
37,2011-05-27,507086.75,0,81.28,3.786,214.2408462,8.3,533564.42,511871.63,502918.18,514758.19,532241.22,313270.45,2011,5,21
37,2011-06-03,500381.23,0,82.96,3.699,214.0162805,8.3,507086.75,533564.42,547513.3,527572.25,479195.02,315396.72,2011,6,22
37,2011-06-10,509647.25,0,82.41,3.648,213.7917147,8.3,500381.23,507086.75,511871.63,505610.4,481915.11,318674.93,2011,6,23
37,2011-06-17,525132.36,0,84.43,3.637,213.7481256,8.3,509647.25,500381.23,533564.42,478503.06,505761.62,335345.82,2011,6,24
37,2011-06-24,509276.22,0,83.95,3.594,213.8402689,8.3,525132.36,509647.25,507086.75,522105.93,485419.39,317872.51,2011,6,25
37,2011-07-01,517021.3,0,85.33,3.524,213.9324122,8.177,509276.22,525132.36,500381.23,534578.78,498292.53,304144.9,2011,7,26
37,2011-07-08,489059.93,0,84.71,3.48,214.0245556,8.177,517021.3,509276.22,509647.25,543703.16,502456.04,331026.11,2011,7,27
37,2011-07-15,498749.62,0,85.63,3.575,214.1083654,8.177,489059.93,517021.3,525132.36,543775.87,485150.01,339407.94,2011,7,28
37,2011-07-22,505543.53,0,83.31,3.651,214.1713416,8.177,498749.62,489059.93,509276.22,526434.37,491998.12,323915.32,2011,7,29
37,2011-07-29,504974.95,0,84.99,3.682,214.2343177,8.177,505543.53,498749.62,517021.3,502918.18,487912.95,308389.82,2011,7,30
37,2011-08-05,510787.46,0,86.71,3.684,214.2972939,8.177,504974.95,505543.53,489059.93,547513.3,508576.62,312467.52,2011,8,31
37,2011-08-12,502504.39,0,87.64,3.638,214.3602701,8.177,510787.46,504974.95,498749.62,511871.63,491815.83,330518.34,2011,8,32
37,2011-08-19,506897.98,0,87.24,3.554,214.4239935,8.177,502504.39,510787.46,505543.53,533564.42,486930.72,324801.13,2011,8,33
37,2011-08-26,527947.21,0,86.02,3.523,214.4878416,8.177,506897.98,502504.39,504974.95,507086.75,512157.25,306098.17,2011,8,34
37,2011-09-02,530367.83,0,87.5,3.533,214.5516896,8.177,527947.21,506897.98,510787.46,500381.23,510427.53,306005.53,2011,9,35
37,2011-09-09,506273.74,1,77.94,3.546,214.6155376,8.177,530367.83,527947.21,502504.39,509647.25,510296.07,338273.38,2011,9,36
37,2011-09-16,513341.94,0,82.06,3.526,214.7934111,8.177,506273.74,530367.83,506897.98,525132.36,501251.4,333146.88,2011,9,37
37,2011-09-23,516556.94,0,78.35,3.467,215.1233185,8.177,513341.94,506273.74,527947.21,509276.22,494265.48,306411.01,2011,9,38
37,2011-09-30,516402.1,0,81.52,3.355,215.4532259,8.177,516556.94,513341.94,530367.83,517021.3,529877.93,291530.43,2011,9,39
37,2011-10-07,522816.85,0,71.2,3.285,215.7831333,7.716,516402.1,516556.94,506273.74,489059.93,524483.65,306578.89,2011,10,40
37,2011-10-14,513636.01,0,74.16,3.274,216.0885258,7.716,522816.85,516402.1,513341.94,498749.62,498925.86,298337.41,2011,10,41
37,2011-10-21,522784.33,0,67.89,3.353,216.2468287,7.716,513636.01,522816.85,516556.94,505543.53,510425.4,303289.55,2011,10,42
37,2011-10-28,517355.44,0,71.31,3.372,216.4051315,7.716,522784.33,513636.01,516402.1,504974.95,514485.9,279643.43,2011,10,43
37,2011-11-04,555925.6,0,58.97,3.332,216.5634344,7.716,517355.44,522784.33,522816.85,510787.46,539683.42,304989.97,2011,11,44
37,2011-11-11,501268.78,0,63.5,3.297,216.7217373,7.716,555925.6,517355.44,513636.01,502504.39,517546.69,298947.51,2011,11,45
37,2011-11-18,527495.09,0,66.28,3.308,216.9395861,7.716,501268.78,555925.6,522784.33,506897.98,518124.16,314607.22,2011,11,46
37,2011-11-25,522554.04,1,66.41,3.236,217.1812533,7.716,527495.09,501268.78,517355.44,527947.21,518220.72,282545.55,2011,11,47
37,2011-12-02,527117.81,0,53.57,3.172,217.4229206,7.716,522554.04,527495.09,555925.6,530367.83,508213.14,282647.48,2011,12,48
37,2011-12-09,537224.52,0,50.64,3.158,217.6645878,7.716,527117.81,522554.04,501268.78,506273.74,511207.52,293728.57,2011,12,49
37,2011-12-16,533905.67,0,58.31,3.159,217.8781339,7.716,537224.52,527117.81,527495.09,513341.94,534285.21,301893.63,2011,12,50
37,2011-12-23,605791.46,0,55.41,3.112,218.0541851,7.716,533905.67,537224.52,522554.04,516556.94,576809.92,293804.45,2011,12,51
37,2011-12-30,451327.61,1,48.26,3.129,218.2302364,7.716,605791.46,533905.67,527117.81,516402.1,460331.7,270677.98,2011,12,52
37,2012-01-06,558343.57,0,57.18,3.157,218.4062876,7.244,451327.61,605791.46,537224.52,522816.85,542464.02,277137.86,2012,1,1
37,2012-01-13,546221.4,0,56.28,3.261,218.5823389,7.244,558343.57,451327.61,533905.67,513636.01,525616.9,300236.85,2012,1,2
37,2012-01-20,543894.07,0,58.9,3.268,218.6755292,7.244,546221.4,558343.57,605791.46,522784.33,526486.82,287360.05,2012,1,3
37,2012-01-27,514116.58,0,62.73,3.29,218.7687195,7.244,543894.07,546221.4,451327.61,517355.44,513672.36,272489.41,2012,1,4
37,2012-02-03,555424.24,0,61.33,3.36,218.8619099,7.244,514116.58,543894.07,558343.57,555925.6,583835.18,536006.73,2012,2,5
37,2012-02-10,527041.46,1,54.49,3.409,218.9551002,7.244,555424.24,514116.58,546221.4,501268.78,522514.32,529852.7,2012,2,6
37,2012-02-17,541071.29,0,54.38,3.51,219.1148297,7.244,527041.46,555424.24,543894.07,527495.09,536840.69,510382.5,2012,2,7
37,2012-02-24,518696.89,0,62.21,3.555,219.3244636,7.244,541071.29,527041.46,514116.58,522554.04,514758.19,513615.82,2012,2,8
37,2012-03-02,525559.17,0,64.54,3.63,219.5340975,7.244,518696.89,541071.29,555424.24,527117.81,527572.25,519255.68,2012,3,9
37,2012-03-09,535937.25,0,63.19,3.669,219.7437314,7.244,525559.17,518696.89,527041.46,537224.52,505610.4,513015.35,2012,3,10
37,2012-03-16,484588.34,0,67.48,3.734,219.8956335,7.244,535937.25,525559.17,541071.29,533905.67,478503.06,460020.74,2012,3,11
37,2012-03-23,520887.23,0,69.18,3.787,219.9705599,7.244,484588.34,535937.25,518696.89,605791.46,522105.93,515777.97,2012,3,12
37,2012-03-30,533734.94,0,70.48,3.845,220.0454862,7.244,520887.23,484588.34,525559.17,451327.61,534578.78,540189.7,2012,3,13
37,2012-04-06,564848.78,0,73.95,3.891,220.1204125,6.989,533734.94,520887.23,535937.25,558343.57,543703.16,513327.55,2012,4,14
37,2012-04-13,506973.17,0,72.54,3.891,220.1953389,6.989,564848.78,533734.94,484588.34,546221.4,543775.87,524544.83,2012,4,15
37,2012-04-20,523483.19,0,70.87,3.877,220.2483937,6.989,506973.17,564848.78,520887.23,543894.07,526434.37,527019.78,2012,4,16
37,2012-04-27,528807.45,0,70.06,3.814,220.3014485,6.989,523483.19,506973.17,533734.94,514116.58,502918.18,517850.83,2012,4,17
37,2012-05-04,535311.64,0,77.17,3.749,220.3545033,6.989,528807.45,523483.19,564848.78,555424.24,547513.3,543234.77,2012,5,18
37,2012-05-11,527983.04,0,76.55,3.688,220.4075581,6.989,535311.64,528807.45,506973.17,527041.46,511871.63,505196.08,2012,5,19
37,2012-05-18,534847.96,0,73.7,3.63,220.4252149,6.989,527983.04,535311.64,523483.19,541071.29,533564.42,510494.7,2012,5,20
37,2012-05-25,540625.79,0,78.94,3.561,220.4287124,6.989,534847.96,527983.04,528807.45,518696.89,507086.75,532241.22,2012,5,21
37,2012-06-01,531811.85,0,80.74,3.501,220.4322099,6.989,540625.79,534847.96,535311.64,525559.17,500381.23,479195.02,2012,6,22
37,2012-06-08,528940.78,0,81.5,3.452,220.4357073,6.989,531811.85,540625.79,527983.04,535937.25,509647.25,481915.11,2012,6,23
37,2012-06-15,508573.16,0,82.15,3.393,220.4494148,6.989,528940.78,531811.85,534847.96,484588.34,525132.36,505761.62,2012,6,24
37,2012-06-22,484032.75,0,80.4,3.346,220.4886472,6.989,508573.16,528940.78,540625.79,520887.23,509276.22,485419.39,2012,6,25
37,2012-06-29,508309.81,0,86.68,3.286,220.5278796,6.989,484032.75,508573.16,531811.85,533734.94,517021.3,498292.53,2012,6,26
37,2012-07-06,519498.32,0,81.52,3.227,220.567112,6.623,508309.81,484032.75,528940.78,564848.78,489059.93,502456.04,2012,7,27
37,2012-07-13,506005.47,0,78.15,3.256,220.6063444,6.623,519498.32,508309.81,508573.16,506973.17,498749.62,485150.01,2012,7,28
37,2012-07-20,503744.56,0,81.76,3.311,220.6148749,6.623,506005.47,519498.32,484032.75,523483.19,505543.53,491998.12,2012,7,29
37,2012-07-27,514489.17,0,84.0,3.407,220.6234054,6.623,503744.56,506005.47,508309.81,528807.45,504974.95,487912.95,2012,7,30
37,2012-08-03,521959.28,0,85.56,3.417,220.6319358,6.623,514489.17,503744.56,519498.32,535311.64,510787.46,508576.62,2012,8,31
37,2012-08-10,500964.59,0,84.41,3.494,220.6404663,6.623,521959.28,514489.17,506005.47,527983.04,502504.39,491815.83,2012,8,32
37,2012-08-17,509633.71,0,85.89,3.571,220.7199609,6.623,500964.59,521959.28,503744.56,534847.96,506897.98,486930.72,2012,8,33
37,2012-08-24,522665.04,0,81.26,3.62,220.8526787,6.623,509633.71,500964.59,514489.17,540625.79,527947.21,512157.25,2012,8,34
37,2012-08-31,538344.1,0,84.79,3.638,220.9853964,6.623,522665.04,509633.71,521959.28,531811.85,530367.83,510427.53,2012,8,35
37,2012-09-07,526838.14,1,84.19,3.73,221.1181142,6.623,538344.1,522665.04,500964.59,528940.78,506273.74,510296.07,2012,9,36
37,2012-09-14,514651.74,0,78.16,3.717,221.2601207,6.623,526838.14,538344.1,509633.71,508573.16,513341.94,501251.4,2012,9,37
37,2012-09-21,521320.98,0,75.98,3.721,221.4578604,6.623,514651.74,526838.14,522665.04,484032.75,516556.94,494265.48,2012,9,38
37,2012-09-28,527953.14,0,79.49,3.666,221.6556,6.623,521320.98,514651.74,538344.1,508309.81,516402.1,529877.93,2012,9,39
37,2012-10-05,546122.37,0,73.57,3.617,221.8533396,6.228,527953.14,521320.98,526838.14,519498.32,522816.85,524483.65,2012,10,40
37,2012-10-12,521810.75,0,71.28,3.601,222.0510793,6.228,546122.37,527953.14,514651.74,506005.47,513636.01,498925.86,2012,10,41
37,2012-10-19,551969.1,0,74.06,3.594,222.0951719,6.228,521810.75,546122.37,521320.98,503744.56,522784.33,510425.4,2012,10,42
37,2012-10-26,534738.43,0,74.39,3.506,222.1136566,6.228,551969.1,521810.75,527953.14,514489.17,517355.44,514485.9,2012,10,43
38,2011-02-04,402341.76,0,45.14,3.348,127.7195806,14.021,357557.16,341098.08,386344.54,380870.09,358496.14,555925.6,2011,2,5
38,2011-02-11,377672.46,1,51.3,3.381,127.859129,14.021,402341.76,357557.16,356138.79,340147.2,342214.9,501268.78,2011,2,6
38,2011-02-18,364606.7,0,53.35,3.43,127.99525,14.021,377672.46,402341.76,341098.08,348593.99,327237.92,527495.09,2011,2,7
38,2011-02-25,354232.34,0,48.45,3.53,128.13,14.021,364606.7,377672.46,357557.16,360857.98,334222.73,522554.04,2011,2,8
38,2011-03-04,405429.43,0,51.72,3.674,128.26475,14.021,354232.34,364606.7,402341.76,351925.36,372239.89,527117.81,2011,3,9
38,2011-03-11,357897.18,0,57.75,3.818,128.3995,14.021,405429.43,354232.34,377672.46,355965.23,342023.92,537224.52,2011,3,10
38,2011-03-18,349459.95,0,64.21,3.692,128.5121935,14.021,357897.18,405429.43,364606.7,334441.15,333025.47,533905.67,2011,3,11
38,2011-03-25,351541.62,0,54.4,3.909,128.6160645,14.021,349459.95,357897.18,354232.34,369106.72,335858.11,605791.46,2011,3,12
38,2011-04-01,382098.13,0,63.63,3.772,128.7199355,13.736,351541.62,349459.95,405429.43,303908.81,368929.55,451327.61,2011,4,13
38,2011-04-08,392152.3,0,64.47,4.003,128.8238065,13.736,382098.13,351541.62,357897.18,386344.54,341630.46,558343.57,2011,4,14
38,2011-04-15,362758.94,0,57.63,3.868,128.9107333,13.736,392152.3,382098.13,349459.95,356138.79,337723.49,546221.4,2011,4,15
38,2011-04-22,362952.34,0,72.12,4.134,128.9553,13.736,362758.94,392152.3,351541.62,341098.08,335121.82,543894.07,2011,4,16
38,2011-04-29,344225.99,0,68.27,4.151,128.9998667,13.736,362952.34,362758.94,382098.13,357557.16,337979.65,514116.58,2011,4,17
38,2011-05-06,422186.65,0,68.4,4.193,129.0444333,13.736,344225.99,362952.34,392152.3,402341.76,383657.44,555424.24,2011,5,18
38,2011-05-13,366977.79,0,70.93,4.202,129.089,13.736,422186.65,344225.99,362758.94,377672.46,346174.3,527041.46,2011,5,19
38,2011-05-20,365730.76,0,66.59,4.169,129.0756774,13.736,366977.79,422186.65,362952.34,364606.7,340497.08,541071.29,2011,5,20
38,2011-05-27,356886.1,0,76.67,4.087,129.0623548,13.736,365730.76,366977.79,344225.99,354232.34,326469.43,518696.89,2011,5,21
38,2011-06-03,396826.06,0,71.81,4.031,129.0490323,13.736,356886.1,365730.76,422186.65,405429.43,376184.88,525559.17,2011,6,22
38,2011-06-10,381763.02,0,78.72,3.981,129.0357097,13.736,396826.06,356886.1,366977.79,357897.18,354828.65,535937.25,2011,6,23
38,2011-06-17,356797.0,0,86.84,3.935,129.0432,13.736,381763.02,396826.06,365730.76,349459.95,335691.85,484588.34,2011,6,24
38,2011-06-24,354078.95,0,88.95,3.898,129.0663,13.736,356797.0,381763.02,356886.1,351541.62,322046.76,520887.23,2011,6,25
38,2011-07-01,387334.04,0,89.85,3.842,129.0894,13.503,354078.95,356797.0,396826.06,382098.13,361181.48,533734.94,2011,7,26
38,2011-07-08,399699.17,0,89.9,3.705,129.1125,13.503,387334.04,354078.95,381763.02,392152.3,343850.34,564848.78,2011,7,27
38,2011-07-15,367181.71,0,88.1,3.692,129.1338387,13.503,399699.17,387334.04,356797.0,362758.94,338277.71,506973.17,2011,7,28
38,2011-07-22,365562.67,0,91.17,3.794,129.1507742,13.503,367181.71,399699.17,354078.95,362952.34,328336.85,523483.19,2011,7,29
38,2011-07-29,355131.33,0,93.29,3.805,129.1677097,13.503,365562.67,367181.71,387334.04,344225.99,336378.38,528807.45,2011,7,30
38,2011-08-05,437631.44,0,90.61,3.803,129.1846452,13.503,355131.33,365562.67,399699.17,422186.65,378574.44,535311.64,2011,8,31
38,2011-08-12,387844.05,0,91.04,3.701,129.2015806,13.503,437631.44,355131.33,367181.71,366977.79,341400.72,527983.04,2011,8,32
38,2011-08-19,362224.7,0,91.74,3.743,129.2405806,13.503,387844.05,437631.44,365562.67,365730.76,329139.73,534847.96,2011,8,33
38,2011-08-26,365672.55,0,94.61,3.74,129.2832581,13.503,362224.7,387844.05,355131.33,356886.1,322868.56,540625.79,2011,8,34
38,2011-09-02,416953.51,0,93.66,3.798,129.3259355,13.503,365672.55,362224.7,437631.44,396826.06,377096.55,531811.85,2011,9,35
38,2011-09-09,397771.68,1,88.0,3.913,129.3686129,13.503,416953.51,365672.55,387844.05,381763.02,336227.69,528940.78,2011,9,36
38,2011-09-16,408188.88,0,76.36,3.918,129.4306,13.503,397771.68,416953.51,362224.7,356797.0,336253.19,508573.16,2011,9,37
38,2011-09-23,394665.28,0,82.95,3.789,129.5183333,13.503,408188.88,397771.68,365672.55,354078.95,330604.9,484032.75,2011,9,38
38,2011-09-30,366819.84,0,83.26,3.877,129.6060667,13.503,394665.28,408188.88,416953.51,387334.04,360256.58,508309.81,2011,9,39
38,2011-10-07,449516.29,0,70.44,3.827,129.6938,12.89,366819.84,394665.28,397771.68,399699.17,351271.36,519498.32,2011,10,40
38,2011-10-14,400430.78,0,67.31,3.805,129.7706452,12.89,449516.29,366819.84,408188.88,367181.71,337743.26,506005.47,2011,10,41
38,2011-10-21,402709.17,0,73.05,3.842,129.7821613,12.89,400430.78,449516.29,394665.28,365562.67,339042.18,503744.56,2011,10,42
38,2011-10-28,378539.17,0,67.41,3.727,129.7936774,12.89,402709.17,400430.78,366819.84,355131.33,341219.63,514489.17,2011,10,43
38,2011-11-04,436970.1,0,59.77,3.828,129.8051935,12.89,378539.17,402709.17,449516.29,437631.44,380870.09,521959.28,2011,11,44
38,2011-11-11,411116.95,0,48.76,3.824,129.8167097,12.89,436970.1,378539.17,400430.78,387844.05,340147.2,500964.59,2011,11,45
38,2011-11-18,392003.13,0,54.2,3.813,129.8268333,12.89,411116.95,436970.1,402709.17,362224.7,348593.99,509633.71,2011,11,46
38,2011-11-25,393715.71,1,53.25,3.622,129.8364,12.89,392003.13,411116.95,378539.17,365672.55,360857.98,522665.04,2011,11,47
38,2011-12-02,411252.02,0,52.5,3.701,129.8459667,12.89,393715.71,392003.13,436970.1,416953.51,351925.36,538344.1,2011,12,48
38,2011-12-09,435401.64,0,42.17,3.644,129.8555333,12.89,411252.02,393715.71,411116.95,397771.68,355965.23,526838.14,2011,12,49
38,2011-12-16,404283.84,0,43.29,3.6,129.8980645,12.89,435401.64,411252.02,392003.13,408188.88,334441.15,514651.74,2011,12,50
38,2011-12-23,419717.41,0,45.4,3.541,129.9845484,12.89,404283.84,435401.64,393715.71,394665.28,369106.72,521320.98,2011,12,51
38,2011-12-30,342667.35,1,44.64,3.428,130.0710323,12.89,419717.41,404283.84,411252.02,366819.84,303908.81,527953.14,2011,12,52
38,2012-01-06,478483.2,0,50.43,3.599,130.1575161,12.187,342667.35,419717.41,435401.64,449516.29,386344.54,546122.37,2012,1,1
38,2012-01-13,423260.82,0,48.07,3.657,130.244,12.187,478483.2,342667.35,404283.84,400430.78,356138.79,521810.75,2012,1,2
38,2012-01-20,405215.91,0,46.2,3.66,130.2792258,12.187,423260.82,478483.2,419717.41,402709.17,341098.08,551969.1,2012,1,3
38,2012-01-27,412882.31,0,50.43,3.675,130.3144516,12.187,405215.91,423260.82,342667.35,378539.17,357557.16,534738.43,2012,1,4
38,2012-02-03,457711.68,0,50.58,3.702,130.3496774,12.187,412882.31,405215.91,478483.2,436970.1,402341.76,358496.14,2012,2,5
38,2012-02-10,469787.38,1,52.27,3.722,130.3849032,12.187,457711.68,412882.31,423260.82,411116.95,377672.46,342214.9,2012,2,6
38,2012-02-17,415513.97,0,51.8,3.781,130.4546207,12.187,469787.38,457711.68,405215.91,392003.13,364606.7,327237.92,2012,2,7
38,2012-02-24,409411.61,0,53.13,3.95,130.5502069,12.187,415513.97,469787.38,412882.31,393715.71,354232.34,334222.73,2012,2,8
38,2012-03-02,471115.38,0,52.27,4.178,130.6457931,12.187,409411.61,415513.97,457711.68,411252.02,405429.43,372239.89,2012,3,9
38,2012-03-09,452792.53,0,54.54,4.25,130.7413793,12.187,471115.38,409411.61,469787.38,435401.64,357897.18,342023.92,2012,3,10
38,2012-03-16,428465.11,0,64.44,4.273,130.8261935,12.187,452792.53,471115.38,415513.97,404283.84,349459.95,333025.47,2012,3,11
38,2012-03-23,412456.48,0,56.26,4.038,130.8966452,12.187,428465.11,452792.53,409411.61,419717.41,351541.62,335858.11,2012,3,12
38,2012-03-30,408679.36,0,64.36,4.294,130.9670968,12.187,412456.48,428465.11,471115.38,342667.35,382098.13,368929.55,2012,3,13
38,2012-04-06,499267.66,0,64.05,4.121,131.0375484,11.627,408679.36,412456.48,452792.53,478483.2,392152.3,341630.46,2012,4,14
38,2012-04-13,435790.74,0,64.28,4.254,131.108,11.627,499267.66,408679.36,428465.11,423260.82,362758.94,337723.49,2012,4,15
38,2012-04-20,401615.8,0,66.73,4.222,131.1173333,11.627,435790.74,499267.66,412456.48,405215.91,362952.34,335121.82,2012,4,16
38,2012-04-27,419964.77,0,77.99,4.193,131.1266667,11.627,401615.8,435790.74,408679.36,412882.31,344225.99,337979.65,2012,4,17
38,2012-05-04,491755.69,0,76.03,4.171,131.136,11.627,419964.77,401615.8,499267.66,457711.68,422186.65,383657.44,2012,5,18
38,2012-05-11,429914.6,0,77.27,4.186,131.1453333,11.627,491755.69,419964.77,435790.74,469787.38,366977.79,346174.3,2012,5,19
38,2012-05-18,412314.71,0,84.51,4.11,131.0983226,11.627,429914.6,491755.69,401615.8,415513.97,365730.76,340497.08,2012,5,20
38,2012-05-25,422810.12,0,83.84,4.293,131.0287742,11.627,412314.71,429914.6,419964.77,409411.61,356886.1,326469.43,2012,5,21
38,2012-06-01,435579.7,0,78.11,4.277,130.9592258,11.627,422810.12,412314.71,491755.69,471115.38,396826.06,376184.88,2012,6,22
38,2012-06-08,448110.25,0,84.83,4.103,130.8896774,11.627,435579.7,422810.12,429914.6,452792.53,381763.02,354828.65,2012,6,23
38,2012-06-15,430222.07,0,85.94,4.144,130.8295333,11.627,448110.25,435579.7,412314.71,428465.11,356797.0,335691.85,2012,6,24
38,2012-06-22,405938.35,0,91.61,4.014,130.7929,11.627,430222.07,448110.25,422810.12,412456.48,354078.95,322046.76,2012,6,25
38,2012-06-29,404634.36,0,90.47,3.875,130.7562667,11.627,405938.35,430222.07,435579.7,408679.36,387334.04,361181.48,2012,6,26
38,2012-07-06,471086.22,0,89.13,3.765,130.7196333,10.926,404634.36,405938.35,448110.25,499267.66,399699.17,343850.34,2012,7,27
38,2012-07-13,416036.75,0,95.61,3.723,130.683,10.926,471086.22,404634.36,430222.07,435790.74,367181.71,338277.71,2012,7,28
38,2012-07-20,441683.74,0,85.53,3.726,130.7012903,10.926,416036.75,471086.22,405938.35,401615.8,365562.67,328336.85,2012,7,29
38,2012-07-27,407186.47,0,93.47,3.769,130.7195806,10.926,441683.74,416036.75,404634.36,419964.77,355131.33,336378.38,2012,7,30
38,2012-08-03,469311.17,0,88.16,3.76,130.737871,10.926,407186.47,441683.74,471086.22,491755.69,437631.44,378574.44,2012,8,31
38,2012-08-10,436690.13,0,95.91,3.811,130.7561613,10.926,469311.17,407186.47,416036.75,429914.6,387844.05,341400.72,2012,8,32
38,2012-08-17,411866.46,0,94.87,4.002,130.7909677,10.926,436690.13,469311.17,441683.74,412314.71,362224.7,329139.73,2012,8,33
38,2012-08-24,397428.22,0,85.32,4.055,130.8381613,10.926,411866.46,436690.13,407186.47,422810.12,365672.55,322868.56,2012,8,34
38,2012-08-31,424904.95,0,89.78,4.093,130.8853548,10.926,397428.22,411866.46,469311.17,435579.7,416953.51,377096.55,2012,8,35
38,2012-09-07,490274.82,1,88.52,4.124,130.9325484,10.926,424904.95,397428.22,436690.13,448110.25,397771.68,336227.69,2012,9,36
38,2012-09-14,430944.39,0,83.64,4.133,130.9776667,10.926,490274.82,424904.95,411866.46,430222.07,408188.88,336253.19,2012,9,37
38,2012-09-21,409600.98,0,82.97,4.125,131.0103333,10.926,430944.39,490274.82,397428.22,405938.35,394665.28,330604.9,2012,9,38
38,2012-09-28,398468.08,0,81.22,3.966,131.043,10.926,409600.98,430944.39,424904.95,404634.36,366819.84,360256.58,2012,9,39
38,2012-10-05,458479.01,0,81.61,3.966,131.0756667,10.199,398468.08,409600.98,490274.82,471086.22,449516.29,351271.36,2012,10,40
38,2012-10-12,437320.66,0,71.74,4.468,131.1083333,10.199,458479.01,398468.08,430944.39,416036.75,400430.78,337743.26,2012,10,41
38,2012-10-19,428806.46,0,68.66,4.449,131.1499677,10.199,437320.66,458479.01,409600.98,441683.74,402709.17,339042.18,2012,10,42
38,2012-10-26,417290.38,0,65.95,4.301,131.1930968,10.199,428806.46,437320.66,398468.08,407186.47,378539.17,341219.63,2012,10,43
39,2011-02-04,1343773.94,0,45.96,2.989,211.3333753,8.395,1158698.44,1243370.74,1224475.12,1293707.19,1230596.8,436970.1,2011,2,5
39,2011-02-11,1227893.89,1,40.34,3.022,211.6985093,8.395,1343773.94,1158698.44,1193199.39,1291398.71,1266229.07,411116.95,2011,2,6
39,2011-02-18,1335233.74,0,58.2,3.045,212.0063522,8.395,1227893.89,1343773.94,1243370.74,1370659.54,1230591.97,392003.13,2011,2,7
39,2011-02-25,1240921.19,0,67.77,3.065,212.2912786,8.395,1335233.74,1227893.89,1158698.44,2149355.2,1168582.02,393715.71,2011,2,8
39,2011-03-04,1316385.43,0,63.56,3.288,212.576205,8.395,1240921.19,1335233.74,1343773.94,1431910.98,1266254.21,411252.02,2011,3,9
39,2011-03-11,1283716.81,0,58.35,3.459,212.8611313,8.395,1316385.43,1240921.19,1227893.89,1630564.48,1244391.83,435401.64,2011,3,10
39,2011-03-18,1348410.05,0,65.28,3.488,213.1096787,8.395,1283716.81,1316385.43,1335233.74,1842172.46,1301590.13,404283.84,2011,3,11
39,2011-03-25,1284334.79,0,71.17,3.473,213.3436744,8.395,1348410.05,1283716.81,1240921.19,2495489.25,1235094.66,419717.41,2011,3,12
39,2011-04-01,1316849.36,0,66.57,3.524,213.5776701,8.3,1284334.79,1348410.05,1316385.43,1230012.16,1463942.62,342667.35,2011,4,13
39,2011-04-08,1350646.16,0,69.45,3.622,213.8116658,8.3,1316849.36,1284334.79,1283716.81,1224475.12,1327035.27,478483.2,2011,4,14
39,2011-04-15,1348031.55,0,73.19,3.743,214.026217,8.3,1350646.16,1316849.36,1348410.05,1193199.39,1242874.98,423260.82,2011,4,15
39,2011-04-22,1563140.85,0,74.98,3.807,214.1921572,8.3,1348031.55,1350646.16,1284334.79,1243370.74,1280231.85,405215.91,2011,4,16
39,2011-04-29,1379651.87,0,76.47,3.81,214.3580974,8.3,1563140.85,1348031.55,1316849.36,1158698.44,1263836.59,412882.31,2011,4,17
39,2011-05-06,1370920.87,0,68.75,3.906,214.5240376,8.3,1379651.87,1563140.85,1350646.16,1343773.94,1355704.21,457711.68,2011,5,18
39,2011-05-13,1325022.77,0,77.39,3.899,214.6899778,8.3,1370920.87,1379651.87,1348031.55,1227893.89,1226997.7,469787.38,2011,5,19
39,2011-05-20,1373907.21,0,73.31,3.907,214.465412,8.3,1325022.77,1370920.87,1563140.85,1335233.74,1350673.98,415513.97,2011,5,20
39,2011-05-27,1406124.14,0,82.1,3.786,214.2408462,8.3,1373907.21,1325022.77,1379651.87,1240921.19,1365541.59,409411.61,2011,5,21
39,2011-06-03,1541745.59,0,83.59,3.699,214.0162805,8.3,1406124.14,1373907.21,1370920.87,1316385.43,1512207.95,471115.38,2011,6,22
39,2011-06-10,1442092.08,0,82.75,3.648,213.7917147,8.3,1541745.59,1406124.14,1325022.77,1283716.81,1371405.33,452792.53,2011,6,23
39,2011-06-17,1451392.67,0,85.21,3.637,213.7481256,8.3,1442092.08,1541745.59,1373907.21,1348410.05,1368312.45,428465.11,2011,6,24
39,2011-06-24,1363167.95,0,84.06,3.594,213.8402689,8.3,1451392.67,1442092.08,1406124.14,1284334.79,1280414.8,412456.48,2011,6,25
39,2011-07-01,1429829.36,0,84.93,3.524,213.9324122,8.177,1363167.95,1451392.67,1541745.59,1316849.36,1352547.7,408679.36,2011,7,26
39,2011-07-08,1414564.53,0,84.33,3.48,214.0245556,8.177,1429829.36,1363167.95,1442092.08,1350646.16,1330473.47,499267.66,2011,7,27
39,2011-07-15,1380257.12,0,85.96,3.575,214.1083654,8.177,1414564.53,1429829.36,1451392.67,1348031.55,1339811.68,435790.74,2011,7,28
39,2011-07-22,1416005.59,0,84.6,3.651,214.1713416,8.177,1380257.12,1414564.53,1363167.95,1563140.85,1314651.83,401615.8,2011,7,29
39,2011-07-29,1426418.53,0,86.24,3.682,214.2343177,8.177,1416005.59,1380257.12,1429829.36,1379651.87,1308222.24,419964.77,2011,7,30
39,2011-08-05,1518790.89,0,87.73,3.684,214.2972939,8.177,1426418.53,1416005.59,1414564.53,1370920.87,1409989.67,491755.69,2011,8,31
39,2011-08-12,1514055.97,0,88.27,3.638,214.3602701,8.177,1518790.89,1426418.53,1380257.12,1325022.77,1371465.66,429914.6,2011,8,32
39,2011-08-19,1629066.9,0,87.93,3.554,214.4239935,8.177,1514055.97,1518790.89,1416005.59,1373907.21,1471816.52,412314.71,2011,8,33
39,2011-08-26,1573898.63,0,86.49,3.523,214.4878416,8.177,1629066.9,1514055.97,1426418.53,1406124.14,1417515.93,422810.12,2011,8,34
39,2011-09-02,1465089.85,0,88.65,3.533,214.5516896,8.177,1573898.63,1629066.9,1518790.89,1541745.59,1345167.61,435579.7,2011,9,35
39,2011-09-09,1429345.86,1,79.15,3.546,214.6155376,8.177,1465089.85,1573898.63,1514055.97,1442092.08,1279666.47,448110.25,2011,9,36
39,2011-09-16,1372500.63,0,83.11,3.526,214.7934111,8.177,1429345.86,1465089.85,1629066.9,1451392.67,1252915.43,430222.07,2011,9,37
39,2011-09-23,1338657.95,0,78.75,3.467,215.1233185,8.177,1372500.63,1429345.86,1573898.63,1363167.95,1199449.54,405938.35,2011,9,38
39,2011-09-30,1311775.83,0,81.51,3.355,215.4532259,8.177,1338657.95,1372500.63,1465089.85,1429829.36,1219583.91,404634.36,2011,9,39
39,2011-10-07,1443884.39,0,71.68,3.285,215.7831333,7.716,1311775.83,1338657.95,1429345.86,1414564.53,1286598.59,471086.22,2011,10,40
39,2011-10-14,1384721.84,0,73.79,3.274,216.0885258,7.716,1443884.39,1311775.83,1372500.63,1380257.12,1238742.0,416036.75,2011,10,41
39,2011-10-21,1465283.29,0,67.65,3.353,216.2468287,7.716,1384721.84,1443884.39,1338657.95,1416005.59,1261109.01,441683.74,2011,10,42
39,2011-10-28,1472663.1,0,71.05,3.372,216.4051315,7.716,1465283.29,1384721.84,1311775.83,1426418.53,1294769.08,407186.47,2011,10,43
39,2011-11-04,1553629.59,0,58.04,3.332,216.5634344,7.716,1472663.1,1465283.29,1443884.39,1518790.89,1293707.19,469311.17,2011,11,44
39,2011-11-11,1456957.38,0,63.11,3.297,216.7217373,7.716,1553629.59,1472663.1,1384721.84,1514055.97,1291398.71,436690.13,2011,11,45
39,2011-11-18,1510397.27,0,66.09,3.308,216.9395861,7.716,1456957.38,1553629.59,1465283.29,1629066.9,1370659.54,411866.46,2011,11,46
39,2011-11-25,2338832.4,1,66.36,3.236,217.1812533,7.716,1510397.27,1456957.38,1472663.1,1573898.63,2149355.2,397428.22,2011,11,47
39,2011-12-02,1632894.58,0,53.14,3.172,217.4229206,7.716,2338832.4,1510397.27,1553629.59,1465089.85,1431910.98,424904.95,2011,12,48
39,2011-12-09,1781528.77,0,49.36,3.158,217.6645878,7.716,1632894.58,2338832.4,1456957.38,1429345.86,1630564.48,490274.82,2011,12,49
39,2011-12-16,1991824.05,0,58.58,3.159,217.8781339,7.716,1781528.77,1632894.58,1510397.27,1372500.63,1842172.46,430944.39,2011,12,50
39,2011-12-23,2554482.84,0,54.62,3.112,218.0541851,7.716,1991824.05,1781528.77,2338832.4,1338657.95,2495489.25,409600.98,2011,12,51
39,2011-12-30,1537139.56,1,47.6,3.129,218.2302364,7.716,2554482.84,1991824.05,1632894.58,1311775.83,1230012.16,398468.08,2011,12,52
39,2012-01-06,1478537.93,0,55.83,3.157,218.4062876,7.244,1537139.56,2554482.84,1781528.77,1443884.39,1224475.12,458479.01,2012,1,1
39,2012-01-13,1369125.37,0,54.66,3.261,218.5823389,7.244,1478537.93,1537139.56,1991824.05,1384721.84,1193199.39,437320.66,2012,1,2
39,2012-01-20,1394841.03,0,58.04,3.268,218.6755292,7.244,1369125.37,1478537.93,2554482.84,1465283.29,1243370.74,428806.46,2012,1,3
39,2012-01-27,1320301.61,0,60.65,3.29,218.7687195,7.244,1394841.03,1369125.37,1537139.56,1472663.1,1158698.44,417290.38,2012,1,4
39,2012-02-03,1396150.15,0,60.69,3.36,218.8619099,7.244,1320301.61,1394841.03,1478537.93,1553629.59,1343773.94,1230596.8,2012,2,5
39,2012-02-10,1442988.44,1,52.89,3.409,218.9551002,7.244,1396150.15,1320301.61,1369125.37,1456957.38,1227893.89,1266229.07,2012,2,6
39,2012-02-17,1511041.69,0,52.75,3.51,219.1148297,7.244,1442988.44,1396150.15,1394841.03,1510397.27,1335233.74,1230591.97,2012,2,7
39,2012-02-24,1412065.04,0,61.1,3.555,219.3244636,7.244,1511041.69,1442988.44,1320301.61,2338832.4,1240921.19,1168582.02,2012,2,8
39,2012-03-02,1453047.02,0,64.05,3.63,219.5340975,7.244,1412065.04,1511041.69,1396150.15,1632894.58,1316385.43,1266254.21,2012,3,9
39,2012-03-09,1470764.35,0,61.64,3.669,219.7437314,7.244,1453047.02,1412065.04,1442988.44,1781528.77,1283716.81,1244391.83,2012,3,10
39,2012-03-16,1522421.07,0,65.81,3.734,219.8956335,7.244,1470764.35,1453047.02,1511041.69,1991824.05,1348410.05,1301590.13,2012,3,11
39,2012-03-23,1469593.37,0,67.91,3.787,219.9705599,7.244,1522421.07,1470764.35,1412065.04,2554482.84,1284334.79,1235094.66,2012,3,12
39,2012-03-30,1499727.02,0,69.11,3.845,220.0454862,7.244,1469593.37,1522421.07,1453047.02,1537139.56,1316849.36,1463942.62,2012,3,13
39,2012-04-06,1764847.94,0,73.49,3.891,220.1204125,6.989,1499727.02,1469593.37,1470764.35,1478537.93,1350646.16,1327035.27,2012,4,14
39,2012-04-13,1580732.73,0,71.59,3.891,220.1953389,6.989,1764847.94,1499727.02,1522421.07,1369125.37,1348031.55,1242874.98,2012,4,15
39,2012-04-20,1433391.04,0,70.04,3.877,220.2483937,6.989,1580732.73,1764847.94,1469593.37,1394841.03,1563140.85,1280231.85,2012,4,16
39,2012-04-27,1456997.2,0,69.11,3.814,220.3014485,6.989,1433391.04,1580732.73,1499727.02,1320301.61,1379651.87,1263836.59,2012,4,17
39,2012-05-04,1512227.34,0,77.15,3.749,220.3545033,6.989,1456997.2,1433391.04,1764847.94,1396150.15,1370920.87,1355704.21,2012,5,18
39,2012-05-11,1470792.41,0,75.52,3.688,220.4075581,6.989,1512227.34,1456997.2,1580732.73,1442988.44,1325022.77,1226997.7,2012,5,19
39,2012-05-18,1522978.54,0,72.36,3.63,220.4252149,6.989,1470792.41,1512227.34,1433391.04,1511041.69,1373907.21,1350673.98,2012,5,20
39,2012-05-25,1596036.66,0,78.31,3.561,220.4287124,6.989,1522978.54,1470792.41,1456997.2,1412065.04,1406124.14,1365541.59,2012,5,21
39,2012-06-01,1640476.77,0,80.33,3.501,220.4322099,6.989,1596036.66,1522978.54,1512227.34,1453047.02,1541745.59,1512207.95,2012,6,22
39,2012-06-08,1623442.24,0,81.12,3.452,220.4357073,6.989,1640476.77,1596036.66,1470792.41,1470764.35,1442092.08,1371405.33,2012,6,23
39,2012-06-15,1587499.82,0,81.33,3.393,220.4494148,6.989,1623442.24,1640476.77,1522978.54,1522421.07,1451392.67,1368312.45,2012,6,24
39,2012-06-22,1532316.79,0,79.84,3.346,220.4886472,6.989,1587499.82,1623442.24,1596036.66,1469593.37,1363167.95,1280414.8,2012,6,25
39,2012-06-29,1492388.98,0,85.72,3.286,220.5278796,6.989,1532316.79,1587499.82,1640476.77,1499727.02,1429829.36,1352547.7,2012,6,26
39,2012-07-06,1659221.99,0,81.05,3.227,220.567112,6.623,1492388.98,1532316.79,1623442.24,1764847.94,1414564.53,1330473.47,2012,7,27
39,2012-07-13,1471261.76,0,78.16,3.256,220.6063444,6.623,1659221.99,1492388.98,1587499.82,1580732.73,1380257.12,1339811.68,2012,7,28
39,2012-07-20,1582168.27,0,80.32,3.311,220.6148749,6.623,1471261.76,1659221.99,1532316.79,1433391.04,1416005.59,1314651.83,2012,7,29
39,2012-07-27,1487797.54,0,82.89,3.407,220.6234054,6.623,1582168.27,1471261.76,1492388.98,1456997.2,1426418.53,1308222.24,2012,7,30
39,2012-08-03,1608277.74,0,84.05,3.417,220.6319358,6.623,1487797.54,1582168.27,1659221.99,1512227.34,1518790.89,1409989.67,2012,8,31
39,2012-08-10,1641867.92,0,83.47,3.494,220.6404663,6.623,1608277.74,1487797.54,1471261.76,1470792.41,1514055.97,1371465.66,2012,8,32
39,2012-08-17,1720221.91,0,84.72,3.571,220.7199609,6.623,1641867.92,1608277.74,1582168.27,1522978.54,1629066.9,1471816.52,2012,8,33
39,2012-08-24,1724669.75,0,80.49,3.62,220.8526787,6.623,1720221.91,1641867.92,1487797.54,1596036.66,1573898.63,1417515.93,2012,8,34
39,2012-08-31,1710923.94,0,83.72,3.638,220.9853964,6.623,1724669.75,1720221.91,1608277.74,1640476.77,1465089.85,1345167.61,2012,8,35
39,2012-09-07,1609811.75,1,83.71,3.73,221.1181142,6.623,1710923.94,1724669.75,1641867.92,1623442.24,1429345.86,1279666.47,2012,9,36
39,2012-09-14,1447614.08,0,76.71,3.717,221.2601207,6.623,1609811.75,1710923.94,1720221.91,1587499.82,1372500.63,1252915.43,2012,9,37
39,2012-09-21,1555672.51,0,73.58,3.721,221.4578604,6.623,1447614.08,1609811.75,1724669.75,1532316.79,1338657.95,1199449.54,2012,9,38
39,2012-09-28,1495607.07,0,78.04,3.666,221.6556,6.623,1555672.51,1447614.08,1710923.94,1492388.98,1311775.83,1219583.91,2012,9,39
39,2012-10-05,1574408.67,0,72.05,3.617,221.8533396,6.228,1495607.07,1555672.51,1609811.75,1659221.99,1443884.39,1286598.59,2012,10,40
39,2012-10-12,1494417.07,0,69.88,3.601,222.0510793,6.228,1574408.67,1495607.07,1447614.08,1471261.76,1384721.84,1238742.0,2012,10,41
39,2012-10-19,1577486.33,0,71.45,3.594,222.0951719,6.228,1494417.07,1574408.67,1555672.51,1582168.27,1465283.29,1261109.01,2012,10,42
39,2012-10-26,1569502.0,0,72.9,3.506,222.1136566,6.228,1577486.33,1494417.07,1495607.07,1487797.54,1472663.1,1294769.08,2012,10,43
40,2011-02-04,904261.65,0,13.29,3.24,133.1834194,5.114,775910.43,764014.75,894280.19,968270.66,1001943.8,1553629.59,2011,2,5
40,2011-02-11,931939.52,1,16.87,3.255,133.260871,5.114,904261.65,775910.43,771315.62,935481.32,955338.29,1456957.38,2011,2,6
40,2011-02-18,968694.45,0,21.82,3.263,133.3701429,5.114,931939.52,904261.65,764014.75,852452.93,916289.2,1510397.27,2011,2,7
40,2011-02-25,888869.27,0,16.5,3.281,133.4921429,5.114,968694.45,931939.52,775910.43,1166142.85,863917.41,2338832.4,2011,2,8
40,2011-03-04,977070.62,0,18.49,3.437,133.6141429,5.114,888869.27,968694.45,904261.65,1000582.06,990152.28,1632894.58,2011,3,9
40,2011-03-11,860255.58,0,30.53,3.6,133.7361429,5.114,977070.62,888869.27,931939.52,1111215.72,899352.4,1781528.77,2011,3,10
40,2011-03-18,871024.26,0,35.76,3.634,133.8492258,5.114,860255.58,977070.62,968694.45,1179036.3,894865.3,1991824.05,2011,3,11
40,2011-03-25,834621.39,0,28.89,3.624,133.9587419,5.114,871024.26,860255.58,888869.27,1648829.18,873354.58,2554482.84,2011,3,12
40,2011-04-01,841889.08,0,28.6,3.638,134.0682581,4.781,834621.39,871024.26,977070.62,811318.3,1041202.13,1537139.56,2011,4,13
40,2011-04-08,947753.32,0,34.77,3.72,134.1777742,4.781,841889.08,834621.39,860255.58,894280.19,919839.19,1478537.93,2011,4,14
40,2011-04-15,874446.32,0,43.69,3.823,134.2784667,4.781,947753.32,841889.08,871024.26,771315.62,882636.96,1369125.37,2011,4,15
40,2011-04-22,965056.4,0,39.32,3.919,134.3571,4.781,874446.32,947753.32,834621.39,764014.75,844958.49,1394841.03,2011,4,16
40,2011-04-29,847246.5,0,52.68,3.988,134.4357333,4.781,965056.4,874446.32,841889.08,775910.43,816838.31,1320301.61,2011,4,17
40,2011-05-06,1016752.55,0,50.81,4.078,134.5143667,4.781,847246.5,965056.4,947753.32,904261.65,1009797.06,1396150.15,2011,5,18
40,2011-05-13,903864.02,0,54.09,4.095,134.593,4.781,1016752.55,847246.5,874446.32,931939.52,907262.47,1442988.44,2011,5,19
40,2011-05-20,907110.83,0,56.38,4.101,134.6803871,4.781,903864.02,1016752.55,965056.4,968694.45,885613.91,1511041.69,2011,5,20
40,2011-05-27,972373.81,0,63.11,4.034,134.7677742,4.781,907110.83,903864.02,847246.5,888869.27,1008483.07,1412065.04,2011,5,21
40,2011-06-03,1075687.74,0,66.16,3.973,134.8551613,4.781,972373.81,907110.83,1016752.55,977070.62,1052429.03,1453047.02,2011,6,22
40,2011-06-10,984336.04,0,64.19,3.924,134.9425484,4.781,1075687.74,972373.81,903864.02,860255.58,1007574.67,1470764.35,2011,6,23
40,2011-06-17,971422.67,0,59.16,3.873,135.0837333,4.781,984336.04,1075687.74,907110.83,871024.26,973105.3,1522421.07,2011,6,24
40,2011-06-24,977103.64,0,62.59,3.851,135.2652667,4.781,971422.67,984336.04,972373.81,834621.39,940405.03,1469593.37,2011,6,25
40,2011-07-01,1048866.3,0,65.25,3.815,135.4468,4.584,977103.64,971422.67,1075687.74,841889.08,1087578.78,1499727.02,2011,7,26
40,2011-07-08,1107366.06,0,67.86,3.784,135.6283333,4.584,1048866.3,977103.64,984336.04,947753.32,1058250.91,1764847.94,2011,7,27
40,2011-07-15,953252.14,0,68.9,3.827,135.7837419,4.584,1107366.06,1048866.3,971422.67,874446.32,959229.09,1580732.73,2011,7,28
40,2011-07-22,980642.1,0,73.34,3.882,135.8738387,4.584,953252.14,1107366.06,977103.64,965056.4,922341.82,1433391.04,2011,7,29
40,2011-07-29,929096.9,0,67.45,3.898,135.9639355,4.584,980642.1,953252.14,1048866.3,847246.5,953393.02,1456997.2,2011,7,30
40,2011-08-05,1063818.2,0,68.1,3.903,136.0540323,4.584,929096.9,980642.1,1107366.06,1016752.55,1057295.87,1512227.34,2011,8,31
40,2011-08-12,955506.95,0,68.3,3.88,136.144129,4.584,1063818.2,929096.9,953252.14,903864.02,924011.76,1470792.41,2011,8,32
40,2011-08-19,943237.12,0,64.05,3.82,136.183129,4.584,955506.95,1063818.2,980642.1,907110.83,932397.0,1522978.54,2011,8,33
40,2011-08-26,969611.3,0,65.01,3.796,136.2136129,4.584,943237.12,955506.95,929096.9,972373.81,922328.02,1596036.66,2011,8,34
40,2011-09-02,957298.26,0,63.79,3.784,136.2440968,4.584,969611.3,943237.12,1063818.2,1075687.74,976453.34,1640476.77,2011,9,35
40,2011-09-09,1021391.99,1,64.83,3.809,136.2745806,4.584,957298.26,969611.3,955506.95,984336.04,967310.82,1623442.24,2011,9,36
40,2011-09-16,890661.79,0,58.28,3.809,136.3145,4.584,1021391.99,957298.26,943237.12,971422.67,855046.95,1587499.82,2011,9,37
40,2011-09-23,876583.98,0,54.09,3.758,136.367,4.584,890661.79,1021391.99,969611.3,977103.64,844373.31,1532316.79,2011,9,38
40,2011-09-30,912857.1,0,63.45,3.684,136.4195,4.584,876583.98,890661.79,957298.26,1048866.3,891152.33,1492388.98,2011,9,39
40,2011-10-07,1070389.98,0,50.21,3.633,136.472,4.42,912857.1,876583.98,1021391.99,1107366.06,972405.38,1659221.99,2011,10,40
40,2011-10-14,936751.68,0,53.9,3.583,136.5150968,4.42,1070389.98,912857.1,890661.79,953252.14,917883.17,1471261.76,2011,10,41
40,2011-10-21,942319.65,0,51.61,3.618,136.5017742,4.42,936751.68,1070389.98,876583.98,980642.1,882180.91,1582168.27,2011,10,42
40,2011-10-28,941675.95,0,42.09,3.604,136.4884516,4.42,942319.65,936751.68,912857.1,929096.9,875038.84,1487797.54,2011,10,43
40,2011-11-04,1011321.18,0,35.4,3.586,136.475129,4.42,941675.95,942319.65,1070389.98,1063818.2,968270.66,1608277.74,2011,11,44
40,2011-11-11,1037687.07,0,40.75,3.57,136.4618065,4.42,1011321.18,941675.95,936751.68,955506.95,935481.32,1641867.92,2011,11,45
40,2011-11-18,905399.99,0,41.85,3.571,136.4666667,4.42,1037687.07,1011321.18,942319.65,943237.12,852452.93,1720221.91,2011,11,46
40,2011-11-25,1230011.95,1,32.76,3.536,136.4788,4.42,905399.99,1037687.07,941675.95,969611.3,1166142.85,1724669.75,2011,11,47
40,2011-12-02,1059676.62,0,38.51,3.501,136.4909333,4.42,1230011.95,905399.99,1011321.18,957298.26,1000582.06,1710923.94,2011,12,48
40,2011-12-09,1158708.98,0,34.48,3.47,136.5030667,4.42,1059676.62,1230011.95,1037687.07,1021391.99,1111215.72,1609811.75,2011,12,49
40,2011-12-16,1198670.19,0,29.53,3.445,136.5335161,4.42,1158708.98,1059676.62,905399.99,890661.79,1179036.3,1447614.08,2011,12,50
40,2011-12-23,1601585.7,0,24.46,3.413,136.5883871,4.42,1198670.19,1158708.98,1230011.95,876583.98,1648829.18,1555672.51,2011,12,51
40,2011-12-30,908853.15,1,18.75,3.402,136.6432581,4.42,1601585.7,1198670.19,1059676.62,912857.1,811318.3,1495607.07,2011,12,52
40,2012-01-06,954576.86,0,23.29,3.439,136.698129,4.261,908853.15,1601585.7,1158708.98,1070389.98,894280.19,1574408.67,2012,1,1
40,2012-01-13,780607.52,0,25.9,3.523,136.753,4.261,954576.86,908853.15,1198670.19,936751.68,771315.62,1494417.07,2012,1,2
40,2012-01-20,811365.42,0,14.02,3.542,136.8564194,4.261,780607.52,954576.86,1601585.7,942319.65,764014.75,1577486.33,2012,1,3
40,2012-01-27,770157.29,0,22.91,3.568,136.9598387,4.261,811365.42,780607.52,908853.15,941675.95,775910.43,1569502.0,2012,1,4
40,2012-02-03,979552.34,0,27.86,3.633,137.0632581,4.261,770157.29,811365.42,954576.86,1011321.18,904261.65,1001943.8,2012,2,5
40,2012-02-10,999785.48,1,23.92,3.655,137.1666774,4.261,979552.34,770157.29,780607.52,1037687.07,931939.52,955338.29,2012,2,6
40,2012-02-17,975500.87,0,25.56,3.703,137.2583103,4.261,999785.48,979552.34,811365.42,905399.99,968694.45,916289.2,2012,2,7
40,2012-02-24,919301.81,0,29.88,3.751,137.3411034,4.261,975500.87,999785.48,770157.29,1230011.95,888869.27,863917.41,2012,2,8
40,2012-03-02,927732.02,0,23.79,3.827,137.4238966,4.261,919301.81,975500.87,979552.34,1059676.62,977070.62,990152.28,2012,3,9
40,2012-03-09,954233.87,0,30.58,3.876,137.5066897,4.261,927732.02,919301.81,999785.48,1158708.98,860255.58,899352.4,2012,3,10
40,2012-03-16,891154.18,0,37.13,3.867,137.5843871,4.261,954233.87,927732.02,975500.87,1198670.19,871024.26,894865.3,2012,3,11
40,2012-03-23,844490.86,0,52.27,3.889,137.6552903,4.261,891154.18,954233.87,919301.81,1601585.7,834621.39,873354.58,2012,3,12
40,2012-03-30,871945.64,0,36.25,3.921,137.7261935,4.261,844490.86,891154.18,927732.02,908853.15,841889.08,1041202.13,2012,3,13
40,2012-04-06,1132064.23,0,36.54,3.957,137.7970968,4.125,871945.64,844490.86,954233.87,954576.86,947753.32,919839.19,2012,4,14
40,2012-04-13,857811.17,0,40.65,4.025,137.868,4.125,1132064.23,871945.64,891154.18,780607.52,874446.32,882636.96,2012,4,15
40,2012-04-20,896979.93,0,55.3,4.046,137.9230667,4.125,857811.17,1132064.23,844490.86,811365.42,965056.4,844958.49,2012,4,16
40,2012-04-27,875372.91,0,47.51,4.023,137.9781333,4.125,896979.93,857811.17,871945.64,770157.29,847246.5,816838.31,2012,4,17
40,2012-05-04,993311.59,0,44.47,3.991,138.0332,4.125,875372.91,896979.93,1132064.23,979552.34,1016752.55,1009797.06,2012,5,18
40,2012-05-11,967729.35,0,52.06,3.947,138.0882667,4.125,993311.59,875372.91,857811.17,999785.48,903864.02,907262.47,2012,5,19
40,2012-05-18,896295.41,0,57.59,3.899,138.1065806,4.125,967729.35,993311.59,896979.93,975500.87,907110.83,885613.91,2012,5,20
40,2012-05-25,991054.49,0,65.25,3.85,138.1101935,4.125,896295.41,967729.35,875372.91,919301.81,972373.81,1008483.07,2012,5,21
40,2012-06-01,1037464.27,0,64.75,3.798,138.1138065,4.125,991054.49,896295.41,993311.59,927732.02,1075687.74,1052429.03,2012,6,22
40,2012-06-08,1079386.88,0,55.78,3.746,138.1174194,4.125,1037464.27,991054.49,967729.35,954233.87,984336.04,1007574.67,2012,6,23
40,2012-06-15,977950.28,0,63.39,3.683,138.1295333,4.125,1079386.88,1037464.27,896295.41,891154.18,971422.67,973105.3,2012,6,24
40,2012-06-22,1033552.18,0,69.32,3.629,138.1629,4.125,977950.28,1079386.88,991054.49,844490.86,977103.64,940405.03,2012,6,25
40,2012-06-29,988764.84,0,64.42,3.577,138.1962667,4.125,1033552.18,977950.28,1037464.27,871945.64,1048866.3,1087578.78,2012,6,26
40,2012-07-06,1182901.56,0,69.08,3.538,138.2296333,4.156,988764.84,1033552.18,1079386.88,1132064.23,1107366.06,1058250.91,2012,7,27
40,2012-07-13,979848.71,0,67.48,3.561,138.263,4.156,1182901.56,988764.84,977950.28,857811.17,953252.14,959229.09,2012,7,28
40,2012-07-20,968502.38,0,70.45,3.61,138.2331935,4.156,979848.71,1182901.56,1033552.18,896979.93,980642.1,922341.82,2012,7,29
40,2012-07-27,954396.85,0,67.88,3.701,138.2033871,4.156,968502.38,979848.71,988764.84,875372.91,929096.9,953393.02,2012,7,30
40,2012-08-03,1068346.76,0,70.15,3.698,138.1735806,4.156,954396.85,968502.38,1182901.56,993311.59,1063818.2,1057295.87,2012,8,31
40,2012-08-10,1007906.43,0,70.09,3.772,138.1437742,4.156,1068346.76,954396.85,979848.71,967729.35,955506.95,924011.76,2012,8,32
40,2012-08-17,969387.48,0,69.41,3.84,138.1857097,4.156,1007906.43,1068346.76,968502.38,896295.41,943237.12,932397.0,2012,8,33
40,2012-08-24,945318.47,0,63.91,3.874,138.2814516,4.156,969387.48,1007906.43,954396.85,991054.49,969611.3,922328.02,2012,8,34
40,2012-08-31,987264.67,0,66.11,3.884,138.3771935,4.156,945318.47,969387.48,1068346.76,1037464.27,957298.26,976453.34,2012,8,35
40,2012-09-07,1088248.4,1,65.06,3.921,138.4729355,4.156,987264.67,945318.47,1007906.43,1079386.88,1021391.99,967310.82,2012,9,36
40,2012-09-14,901709.82,0,59.38,3.988,138.5673,4.156,1088248.4,987264.67,969387.48,977950.28,890661.79,855046.95,2012,9,37
40,2012-09-21,899768.4,0,54.12,4.056,138.6534,4.156,901709.82,1088248.4,945318.47,1033552.18,876583.98,844373.31,2012,9,38
40,2012-09-28,919595.44,0,50.98,4.018,138.7395,4.156,899768.4,901709.82,987264.67,988764.84,912857.1,891152.33,2012,9,39
40,2012-10-05,1069112.0,0,57.21,4.027,138.8256,4.145,919595.44,899768.4,1088248.4,1182901.56,1070389.98,972405.38,2012,10,40
40,2012-10-12,982523.26,0,47.35,4.029,138.9117,4.145,1069112.0,919595.44,901709.82,979848.71,936751.68,917883.17,2012,10,41
40,2012-10-19,918170.5,0,46.33,4.0,138.8336129,4.145,982523.26,1069112.0,899768.4,968502.38,942319.65,882180.91,2012,10,42
40,2012-10-26,921264.52,0,49.65,3.917,138.7281613,4.145,918170.5,982523.26,919595.44,954396.85,941675.95,875038.84,2012,10,43
41,2011-02-04,1179420.5,0,14.56,3.011,191.7625895,7.241,1026439.93,1088025.8,1153596.53,1163878.49,1086533.18,1011321.18,2011,2,5
41,2011-02-11,1150003.36,1,16.81,3.037,191.8572881,7.241,1179420.5,1026439.93,1052609.16,1175326.23,1075656.34,1037687.07,2011,2,6
41,2011-02-18,1203399.64,0,39.39,3.051,191.9178331,7.241,1150003.36,1179420.5,1088025.8,1172155.28,1052034.74,905399.99,2011,2,7
41,2011-02-25,1099714.93,0,26.1,3.101,191.9647167,7.241,1203399.64,1150003.36,1026439.93,1866681.57,991941.73,1230011.95,2011,2,8
41,2011-03-04,1229257.7,0,34.99,3.232,192.0116004,7.241,1099714.93,1203399.64,1179420.5,1220115.75,1063557.49,1059676.62,2011,3,9
41,2011-03-11,1159089.6,0,31.6,3.372,192.058484,7.241,1229257.7,1099714.93,1150003.36,1434908.13,1023997.71,1158708.98,2011,3,10
41,2011-03-18,1115504.26,0,40.19,3.406,192.1237981,7.241,1159089.6,1229257.7,1203399.64,1627904.68,1006597.69,1198670.19,2011,3,11
41,2011-03-25,1140578.16,0,41.11,3.414,192.1964844,7.241,1115504.26,1159089.6,1099714.93,2225016.73,1015196.46,1601585.7,2011,3,12
41,2011-04-01,1179125.48,0,38.16,3.461,192.2691707,6.934,1140578.16,1115504.26,1229257.7,1001790.16,1168826.39,908853.15,2011,4,13
41,2011-04-08,1206252.12,0,42.87,3.532,192.3418571,6.934,1179125.48,1140578.16,1159089.6,1153596.53,1082158.21,954576.86,2011,4,14
41,2011-04-15,1192982.07,0,39.94,3.611,192.4225954,6.934,1206252.12,1179125.48,1115504.26,1052609.16,1043388.79,780607.52,2011,4,15
41,2011-04-22,1304481.75,0,42.86,3.636,192.5234638,6.934,1192982.07,1206252.12,1140578.16,1088025.8,1067340.74,811365.42,2011,4,16
41,2011-04-29,1178841.05,0,39.81,3.663,192.6243322,6.934,1304481.75,1192982.07,1179125.48,1026439.93,1063960.11,770157.29,2011,4,17
41,2011-05-06,1244956.91,0,41.2,3.735,192.7252006,6.934,1178841.05,1304481.75,1206252.12,1179420.5,1175738.22,979552.34,2011,5,18
41,2011-05-13,1270025.74,0,50.29,3.767,192.826069,6.934,1244956.91,1178841.05,1192982.07,1150003.36,1116439.02,999785.48,2011,5,19
41,2011-05-20,1244542.33,0,41.11,3.828,192.831317,6.934,1270025.74,1244956.91,1304481.75,1203399.64,1163234.33,975500.87,2011,5,20
41,2011-05-27,1278304.33,0,50.56,3.795,192.8365651,6.934,1244542.33,1270025.74,1178841.05,1099714.93,1246654.24,919301.81,2011,5,21
41,2011-06-03,1297584.95,0,54.81,3.763,192.8418131,6.934,1278304.33,1244542.33,1244956.91,1229257.7,1305068.1,927732.02,2011,6,22
41,2011-06-10,1311690.11,0,61.1,3.735,192.8470612,6.934,1297584.95,1278304.33,1270025.74,1159089.6,1217199.39,954233.87,2011,6,23
41,2011-06-17,1289151.84,0,62.3,3.697,192.9034759,6.934,1311690.11,1297584.95,1244542.33,1115504.26,1202963.06,891154.18,2011,6,24
41,2011-06-24,1244381.98,0,59.54,3.661,192.9982655,6.934,1289151.84,1311690.11,1278304.33,1140578.16,1174209.52,844490.86,2011,6,25
41,2011-07-01,1333347.78,0,67.01,3.597,193.0930552,6.901,1244381.98,1289151.84,1297584.95,1179125.48,1273279.79,871945.64,2011,7,26
41,2011-07-08,1338862.58,0,68.49,3.54,193.1878448,6.901,1333347.78,1244381.98,1311690.11,1206252.12,1176079.59,1132064.23,2011,7,27
41,2011-07-15,1245772.7,0,68.18,3.532,193.3125484,6.901,1338862.58,1333347.78,1289151.84,1192982.07,1179788.38,857811.17,2011,7,28
41,2011-07-22,1292830.93,0,74.11,3.545,193.5120367,6.901,1245772.7,1338862.58,1244381.98,1304481.75,1192213.87,896979.93,2011,7,29
41,2011-07-29,1248330.1,0,71.3,3.547,193.711525,6.901,1292830.93,1245772.7,1333347.78,1178841.05,1211136.63,875372.91,2011,7,30
41,2011-08-05,1402233.69,0,72.19,3.554,193.9110133,6.901,1248330.1,1292830.93,1338862.58,1244956.91,1338132.72,993311.59,2011,8,31
41,2011-08-12,1356689.88,0,67.65,3.542,194.1105017,6.901,1402233.69,1248330.1,1245772.7,1270025.74,1285976.53,967729.35,2011,8,32
41,2011-08-19,1412959.97,0,70.55,3.499,194.2500634,6.901,1356689.88,1402233.69,1292830.93,1244542.33,1353838.39,896295.41,2011,8,33
41,2011-08-26,1328740.71,0,71.61,3.485,194.3796374,6.901,1412959.97,1356689.88,1248330.1,1278304.33,1173131.63,991054.49,2011,8,34
41,2011-09-02,1283849.38,0,70.37,3.511,194.5092113,6.901,1328740.71,1412959.97,1402233.69,1297584.95,1223355.5,1037464.27,2011,9,35
41,2011-09-09,1280958.97,1,58.31,3.566,194.6387853,6.901,1283849.38,1328740.71,1356689.88,1311690.11,1172672.27,1079386.88,2011,9,36
41,2011-09-16,1197019.39,0,54.82,3.596,194.7419707,6.901,1280958.97,1283849.38,1412959.97,1289151.84,1111170.91,977950.28,2011,9,37
41,2011-09-23,1173059.79,0,55.06,3.581,194.8099713,6.901,1197019.39,1280958.97,1328740.71,1244381.98,1110941.78,1033552.18,2011,9,38
41,2011-09-30,1160619.61,0,61.77,3.538,194.8779718,6.901,1173059.79,1197019.39,1283849.38,1333347.78,1109216.35,988764.84,2011,9,39
41,2011-10-07,1277882.77,0,58.74,3.498,194.9459724,6.759,1160619.61,1173059.79,1280958.97,1338862.58,1162042.24,1182901.56,2011,10,40
41,2011-10-14,1247130.22,0,47.43,3.491,195.0261012,6.759,1277882.77,1160619.61,1197019.39,1245772.7,1133913.33,979848.71,2011,10,41
41,2011-10-21,1214944.29,0,45.62,3.548,195.1789994,6.759,1247130.22,1277882.77,1173059.79,1292830.93,1156003.7,968502.38,2011,10,42
41,2011-10-28,1274463.02,0,37.02,3.55,195.3318977,6.759,1214944.29,1247130.22,1160619.61,1248330.1,1144854.56,954396.85,2011,10,43
41,2011-11-04,1315684.86,0,35.04,3.527,195.4847959,6.759,1274463.02,1214944.29,1277882.77,1402233.69,1163878.49,1068346.76,2011,11,44
41,2011-11-11,1302499.23,0,32.87,3.505,195.6376941,6.759,1315684.86,1274463.02,1247130.22,1356689.88,1175326.23,1007906.43,2011,11,45
41,2011-11-18,1230118.02,0,36.64,3.479,195.7184713,6.759,1302499.23,1315684.86,1214944.29,1412959.97,1172155.28,969387.48,2011,11,46
41,2011-11-25,1906713.35,1,36.37,3.424,195.7704,6.759,1230118.02,1302499.23,1274463.02,1328740.71,1866681.57,945318.47,2011,11,47
41,2011-12-02,1292436.23,0,34.53,3.378,195.8223287,6.759,1906713.35,1230118.02,1315684.86,1283849.38,1220115.75,987264.67,2011,12,48
41,2011-12-09,1548661.45,0,17.05,3.331,195.8742575,6.759,1292436.23,1906713.35,1302499.23,1280958.97,1434908.13,1088248.4,2011,12,49
41,2011-12-16,1682368.32,0,25.01,3.266,195.9841685,6.759,1548661.45,1292436.23,1230118.02,1197019.39,1627904.68,901709.82,2011,12,50
41,2011-12-23,2263722.68,0,25.59,3.173,196.1713893,6.759,1682368.32,1548661.45,1906713.35,1173059.79,2225016.73,899768.4,2011,12,51
41,2011-12-30,1264014.16,1,34.12,3.119,196.3586101,6.759,2263722.68,1682368.32,1292436.23,1160619.61,1001790.16,919595.44,2011,12,52
41,2012-01-06,1208191.61,0,37.21,3.095,196.5458309,6.589,1264014.16,2263722.68,1548661.45,1277882.77,1153596.53,1069112.0,2012,1,1
41,2012-01-13,1134767.28,0,27.49,3.077,196.7330517,6.589,1208191.61,1264014.16,1682368.32,1247130.22,1052609.16,982523.26,2012,1,2
41,2012-01-20,1116295.24,0,31.56,3.055,196.7796652,6.589,1134767.28,1208191.61,2263722.68,1214944.29,1088025.8,918170.5,2012,1,3
41,2012-01-27,1079398.81,0,33.15,3.038,196.8262786,6.589,1116295.24,1134767.28,1264014.16,1274463.02,1026439.93,921264.52,2012,1,4
41,2012-02-03,1208825.6,0,31.65,3.031,196.8728921,6.589,1079398.81,1116295.24,1208191.61,1315684.86,1179420.5,1086533.18,2012,2,5
41,2012-02-10,1238844.56,1,22.0,3.103,196.9195056,6.589,1208825.6,1079398.81,1134767.28,1302499.23,1150003.36,1075656.34,2012,2,6
41,2012-02-17,1330451.46,0,22.52,3.113,196.9432711,6.589,1238844.56,1208825.6,1116295.24,1230118.02,1203399.64,1052034.74,2012,2,7
41,2012-02-24,1224915.66,0,27.89,3.129,196.9499007,6.589,1330451.46,1238844.56,1079398.81,1906713.35,1099714.93,991941.73,2012,2,8
41,2012-03-02,1239813.26,0,27.39,3.191,196.9565303,6.589,1224915.66,1330451.46,1208825.6,1292436.23,1229257.7,1063557.49,2012,3,9
41,2012-03-09,1243814.77,0,35.3,3.286,196.9631599,6.589,1239813.26,1224915.66,1238844.56,1548661.45,1159089.6,1023997.71,2012,3,10
41,2012-03-16,1201511.62,0,47.76,3.486,197.0457208,6.589,1243814.77,1239813.26,1330451.46,1682368.32,1115504.26,1006597.69,2012,3,11
41,2012-03-23,1215354.38,0,44.04,3.664,197.2295234,6.589,1201511.62,1243814.77,1224915.66,2263722.68,1140578.16,1015196.46,2012,3,12
41,2012-03-30,1239423.19,0,51.56,3.75,197.4133259,6.589,1215354.38,1201511.62,1239813.26,1264014.16,1179125.48,1168826.39,2012,3,13
41,2012-04-06,1460234.31,0,48.48,3.854,197.5971285,6.547,1239423.19,1215354.38,1243814.77,1208191.61,1206252.12,1082158.21,2012,4,14
41,2012-04-13,1323004.73,0,46.84,3.901,197.780931,6.547,1460234.31,1239423.19,1201511.62,1134767.28,1192982.07,1043388.79,2012,4,15
41,2012-04-20,1220815.33,0,43.57,3.936,197.7227385,6.547,1323004.73,1460234.31,1215354.38,1116295.24,1304481.75,1067340.74,2012,4,16
41,2012-04-27,1248950.65,0,57.66,3.927,197.664546,6.547,1220815.33,1323004.73,1239423.19,1079398.81,1178841.05,1063960.11,2012,4,17
41,2012-05-04,1359770.73,0,52.86,3.903,197.6063534,6.547,1248950.65,1220815.33,1460234.31,1208825.6,1244956.91,1175738.22,2012,5,18
41,2012-05-11,1353285.1,0,50.22,3.87,197.5481609,6.547,1359770.73,1248950.65,1323004.73,1238844.56,1270025.74,1116439.02,2012,5,19
41,2012-05-18,1331514.44,0,55.24,3.837,197.5553137,6.547,1353285.1,1359770.73,1220815.33,1330451.46,1244542.33,1163234.33,2012,5,20
41,2012-05-25,1424500.47,0,54.89,3.804,197.5886046,6.547,1331514.44,1353285.1,1248950.65,1224915.66,1278304.33,1246654.24,2012,5,21
41,2012-06-01,1374891.36,0,57.29,3.764,197.6218954,6.547,1424500.47,1331514.44,1359770.73,1239813.26,1297584.95,1305068.1,2012,6,22
41,2012-06-08,1436383.84,0,65.11,3.741,197.6551863,6.547,1374891.36,1424500.47,1353285.1,1243814.77,1311690.11,1217199.39,2012,6,23
41,2012-06-15,1384584.59,0,64.92,3.723,197.692292,6.547,1436383.84,1374891.36,1331514.44,1201511.62,1289151.84,1202963.06,2012,6,24
41,2012-06-22,1386407.17,0,66.88,3.735,197.7389345,6.547,1384584.59,1436383.84,1424500.47,1215354.38,1244381.98,1174209.52,2012,6,25
41,2012-06-29,1355600.01,0,76.54,3.693,197.785577,6.547,1386407.17,1384584.59,1374891.36,1239423.19,1333347.78,1273279.79,2012,6,26
41,2012-07-06,1456300.89,0,74.47,3.646,197.8322195,6.432,1355600.01,1386407.17,1436383.84,1460234.31,1338862.58,1176079.59,2012,7,27
41,2012-07-13,1332594.07,0,67.24,3.613,197.8788621,6.432,1456300.89,1355600.01,1384584.59,1323004.73,1245772.7,1179788.38,2012,7,28
41,2012-07-20,1347175.93,0,74.06,3.585,197.9290378,6.432,1332594.07,1456300.89,1386407.17,1220815.33,1292830.93,1192213.87,2012,7,29
41,2012-07-27,1344723.97,0,73.31,3.57,197.9792136,6.432,1347175.93,1332594.07,1355600.01,1248950.65,1248330.1,1211136.63,2012,7,30
41,2012-08-03,1439607.35,0,73.16,3.528,198.0293893,6.432,1344723.97,1347175.93,1456300.89,1359770.73,1402233.69,1338132.72,2012,8,31
41,2012-08-10,1504545.94,0,71.73,3.509,198.0795651,6.432,1439607.35,1344723.97,1332594.07,1353285.1,1356689.88,1285976.53,2012,8,32
41,2012-08-17,1560590.05,0,65.77,3.545,198.1001057,6.432,1504545.94,1439607.35,1347175.93,1331514.44,1412959.97,1353838.39,2012,8,33
41,2012-08-24,1464462.85,0,69.07,3.558,198.0984199,6.432,1560590.05,1504545.94,1344723.97,1424500.47,1328740.71,1173131.63,2012,8,34
41,2012-08-31,1360517.52,0,71.56,3.556,198.0967341,6.432,1464462.85,1560590.05,1439607.35,1374891.36,1283849.38,1223355.5,2012,8,35
41,2012-09-07,1392143.82,1,67.41,3.596,198.0950484,6.432,1360517.52,1464462.85,1504545.94,1436383.84,1280958.97,1172672.27,2012,9,36
41,2012-09-14,1306644.25,0,59.39,3.659,198.1267184,6.432,1392143.82,1360517.52,1560590.05,1384584.59,1197019.39,1111170.91,2012,9,37
41,2012-09-21,1276609.36,0,59.81,3.765,198.358523,6.432,1306644.25,1392143.82,1464462.85,1386407.17,1173059.79,1110941.78,2012,9,38
41,2012-09-28,1307928.01,0,56.08,3.789,198.5903276,6.432,1276609.36,1306644.25,1360517.52,1355600.01,1160619.61,1109216.35,2012,9,39
41,2012-10-05,1400160.95,0,50.14,3.779,198.8221322,6.195,1307928.01,1276609.36,1392143.82,1456300.89,1277882.77,1162042.24,2012,10,40
41,2012-10-12,1409544.97,0,39.38,3.76,199.0539368,6.195,1400160.95,1307928.01,1306644.25,1332594.07,1247130.22,1133913.33,2012,10,41
41,2012-10-19,1326197.24,0,49.56,3.75,199.1481963,6.195,1409544.97,1400160.95,1276609.36,1347175.93,1214944.29,1156003.7,2012,10,42
41,2012-10-26,1316542.59,0,41.8,3.686,199.2195317,6.195,1326197.24,1409544.97,1307928.01,1344723.97,1274463.02,1144854.56,2012,10,43
42,2011-02-04,586886.16,0,44.88,3.348,127.7195806,8.744,499081.79,533414.62,592947.75,565390.4,543384.01,1315684.86,2011,2,5
42,2011-02-11,628063.88,1,51.51,3.381,127.859129,8.744,586886.16,499081.79,613899.15,588592.61,575709.96,1302499.23,2011,2,6
42,2011-02-18,556485.1,0,61.77,3.43,127.99525,8.744,628063.88,586886.16,533414.62,524316.21,508794.87,1230118.02,2011,2,7
42,2011-02-25,526904.08,0,53.59,3.398,128.13,8.744,556485.1,628063.88,499081.79,522296.71,491510.58,1906713.35,2011,2,8
42,2011-03-04,570879.04,0,56.96,3.674,128.26475,8.744,526904.08,556485.1,586886.16,500250.8,554972.42,1292436.23,2011,3,9
42,2011-03-11,607294.56,0,64.22,3.63,128.3995,8.744,570879.04,526904.08,628063.88,585175.24,588363.62,1548661.45,2011,3,10
42,2011-03-18,558239.32,0,70.12,3.892,128.5121935,8.744,607294.56,570879.04,556485.1,537455.65,519914.1,1682368.32,2011,3,11
42,2011-03-25,522673.62,0,62.53,3.716,128.6160645,8.744,558239.32,607294.56,526904.08,555075.27,478021.68,2263722.68,2011,3,12
42,2011-04-01,508432.17,0,67.64,3.772,128.7199355,8.494,522673.62,558239.32,570879.04,428953.6,505907.41,1264014.16,2011,4,13
42,2011-04-08,620087.35,0,73.03,3.818,128.8238065,8.494,508432.17,522673.62,607294.56,592947.75,582552.26,1208191.61,2011,4,14
42,2011-04-15,597644.02,0,61.05,4.089,128.9107333,8.494,620087.35,508432.17,558239.32,613899.15,549528.16,1134767.28,2011,4,15
42,2011-04-22,534597.69,0,75.93,3.917,128.9553,8.494,597644.02,620087.35,522673.62,533414.62,492364.77,1116295.24,2011,4,16
42,2011-04-29,496010.17,0,73.38,4.151,128.9998667,8.494,534597.69,597644.02,508432.17,499081.79,477615.87,1079398.81,2011,4,17
42,2011-05-06,612337.35,0,73.56,4.193,129.0444333,8.494,496010.17,534597.69,620087.35,586886.16,582846.22,1208825.6,2011,5,18
42,2011-05-13,603024.75,0,74.04,4.202,129.089,8.494,612337.35,496010.17,597644.02,628063.88,564345.55,1238844.56,2011,5,19
42,2011-05-20,524559.95,0,72.62,3.99,129.0756774,8.494,603024.75,612337.35,534597.69,556485.1,504403.16,1330451.46,2011,5,20
42,2011-05-27,503295.29,0,78.62,3.933,129.0623548,8.494,524559.95,603024.75,496010.17,526904.08,484097.03,1224915.66,2011,5,21
42,2011-06-03,545109.3,0,81.87,3.893,129.0490323,8.494,503295.29,524559.95,612337.35,570879.04,556046.12,1239813.26,2011,6,22
42,2011-06-10,616701.99,0,84.57,3.981,129.0357097,8.494,545109.3,503295.29,603024.75,607294.56,607218.6,1243814.77,2011,6,23
42,2011-06-17,546675.65,0,87.96,3.935,129.0432,8.494,616701.99,545109.3,524559.95,558239.32,529418.64,1201511.62,2011,6,24
42,2011-06-24,501780.66,0,90.69,3.807,129.0663,8.494,546675.65,616701.99,503295.29,522673.62,484327.56,1215354.38,2011,6,25
42,2011-07-01,506343.83,0,95.36,3.842,129.0894,8.257,501780.66,546675.65,545109.3,508432.17,507168.8,1239423.19,2011,7,26
42,2011-07-08,593234.27,0,88.57,3.793,129.1125,8.257,506343.83,501780.66,616701.99,620087.35,570069.48,1460234.31,2011,7,27
42,2011-07-15,591703.82,0,86.01,3.779,129.1338387,8.257,593234.27,506343.83,546675.65,597644.02,558837.27,1323004.73,2011,7,28
42,2011-07-22,511316.29,0,88.59,3.697,129.1507742,8.257,591703.82,593234.27,501780.66,534597.69,491115.86,1220815.33,2011,7,29
42,2011-07-29,479256.8,0,86.75,3.694,129.1677097,8.257,511316.29,591703.82,506343.83,496010.17,469598.57,1248950.65,2011,7,30
42,2011-08-05,572603.33,0,89.8,3.803,129.1846452,8.257,479256.8,511316.29,593234.27,612337.35,579544.21,1359770.73,2011,8,31
42,2011-08-12,603147.26,0,85.61,3.794,129.2015806,8.257,572603.33,479256.8,591703.82,603024.75,583079.97,1353285.1,2011,8,32
42,2011-08-19,526641.23,0,87.4,3.743,129.2405806,8.257,603147.26,572603.33,511316.29,524559.95,500945.63,1331514.44,2011,8,33
42,2011-08-26,503720.98,0,91.59,3.663,129.2832581,8.257,526641.23,603147.26,479256.8,503295.29,465993.51,1424500.47,2011,8,34
42,2011-09-02,537124.76,0,91.61,3.798,129.3259355,8.257,503720.98,526641.23,572603.33,545109.3,524658.06,1374891.36,2011,9,35
42,2011-09-09,608390.94,1,89.06,3.771,129.3686129,8.257,537124.76,503720.98,603147.26,616701.99,589091.04,1436383.84,2011,9,36
42,2011-09-16,576837.09,0,77.49,3.784,129.4306,8.257,608390.94,537124.76,526641.23,546675.65,536871.58,1384584.59,2011,9,37
42,2011-09-23,528486.45,0,82.51,3.789,129.5183333,8.257,576837.09,608390.94,503720.98,501780.66,492262.96,1386407.17,2011,9,38
42,2011-09-30,510243.79,0,82.27,3.877,129.6060667,8.257,528486.45,576837.09,537124.76,506343.83,481523.93,1355600.01,2011,9,39
42,2011-10-07,649111.23,0,75.01,3.827,129.6938,7.874,510243.79,528486.45,608390.94,593234.27,599759.45,1456300.89,2011,10,40
42,2011-10-14,613531.11,0,70.27,3.698,129.7706452,7.874,649111.23,510243.79,576837.09,591703.82,559285.35,1332594.07,2011,10,41
42,2011-10-21,537276.41,0,77.91,3.842,129.7821613,7.874,613531.11,649111.23,528486.45,511316.29,522467.51,1347175.93,2011,10,42
42,2011-10-28,515599.7,0,72.79,3.843,129.7936774,7.874,537276.41,613531.11,510243.79,479256.8,476967.65,1344723.97,2011,10,43
42,2011-11-04,597667.21,0,68.57,3.828,129.8051935,7.874,515599.7,537276.41,649111.23,572603.33,565390.4,1439607.35,2011,11,44
42,2011-11-11,643125.29,0,55.28,3.677,129.8167097,7.874,597667.21,515599.7,613531.11,603147.26,588592.61,1504545.94,2011,11,45
42,2011-11-18,567673.87,0,58.97,3.669,129.8268333,7.874,643125.29,597667.21,537276.41,526641.23,524316.21,1560590.05,2011,11,46
42,2011-11-25,577698.37,1,60.68,3.76,129.8364,7.874,567673.87,643125.29,515599.7,503720.98,522296.71,1464462.85,2011,11,47
42,2011-12-02,511883.36,0,57.29,3.701,129.8459667,7.874,577698.37,567673.87,597667.21,537124.76,500250.8,1360517.52,2011,12,48
42,2011-12-09,619133.48,0,42.58,3.644,129.8555333,7.874,511883.36,577698.37,643125.29,608390.94,585175.24,1392143.82,2011,12,49
42,2011-12-16,598437.98,0,50.53,3.489,129.8980645,7.874,619133.48,511883.36,567673.87,576837.09,537455.65,1306644.25,2011,12,50
42,2011-12-23,575676.13,0,48.36,3.541,129.9845484,7.874,598437.98,619133.48,577698.37,528486.45,555075.27,1276609.36,2011,12,51
42,2011-12-30,454412.28,1,48.92,3.428,130.0710323,7.874,575676.13,598437.98,511883.36,510243.79,428953.6,1307928.01,2011,12,52
42,2012-01-06,636372.37,0,59.85,3.443,130.1575161,7.545,454412.28,575676.13,619133.48,649111.23,592947.75,1400160.95,2012,1,1
42,2012-01-13,664348.2,0,51.0,3.477,130.244,7.545,636372.37,454412.28,598437.98,613531.11,613899.15,1409544.97,2012,1,2
42,2012-01-20,579499.93,0,54.51,3.66,130.2792258,7.545,664348.2,636372.37,575676.13,537276.41,533414.62,1326197.24,2012,1,3
42,2012-01-27,538978.67,0,53.59,3.675,130.3144516,7.545,579499.93,664348.2,454412.28,515599.7,499081.79,1316542.59,2012,1,4
42,2012-02-03,588448.21,0,56.85,3.543,130.3496774,7.545,538978.67,579499.93,636372.37,597667.21,586886.16,543384.01,2012,2,5
42,2012-02-10,674919.45,1,55.73,3.722,130.3849032,7.545,588448.21,538978.67,664348.2,643125.29,628063.88,575709.96,2012,2,6
42,2012-02-17,606671.5,0,54.12,3.781,130.4546207,7.545,674919.45,588448.21,579499.93,567673.87,556485.1,508794.87,2012,2,7
42,2012-02-24,564304.15,0,56.02,3.95,130.5502069,7.545,606671.5,674919.45,538978.67,577698.37,526904.08,491510.58,2012,2,8
42,2012-03-02,585895.34,0,57.62,3.882,130.6457931,7.545,564304.15,606671.5,588448.21,511883.36,570879.04,554972.42,2012,3,9
42,2012-03-09,659816.15,0,57.65,3.963,130.7413793,7.545,585895.34,564304.15,674919.45,619133.48,607294.56,588363.62,2012,3,10
42,2012-03-16,618767.26,0,62.11,4.273,130.8261935,7.545,659816.15,585895.34,606671.5,598437.98,558239.32,519914.1,2012,3,11
42,2012-03-23,561226.38,0,56.54,4.288,130.8966452,7.545,618767.26,659816.15,564304.15,575676.13,522673.62,478021.68,2012,3,12
42,2012-03-30,544408.14,0,67.92,4.294,130.9670968,7.545,561226.38,618767.26,585895.34,454412.28,508432.17,505907.41,2012,3,13
42,2012-04-06,652312.11,0,65.99,4.282,131.0375484,7.382,544408.14,561226.38,659816.15,636372.37,620087.35,582552.26,2012,4,14
42,2012-04-13,639123.45,0,70.28,4.254,131.108,7.382,652312.11,544408.14,618767.26,664348.2,597644.02,549528.16,2012,4,15
42,2012-04-20,552529.23,0,67.75,4.111,131.1173333,7.382,639123.45,652312.11,561226.38,579499.93,534597.69,492364.77,2012,4,16
42,2012-04-27,526625.49,0,80.11,4.088,131.1266667,7.382,552529.23,639123.45,544408.14,538978.67,496010.17,477615.87,2012,4,17
42,2012-05-04,609274.89,0,77.02,4.058,131.136,7.382,526625.49,552529.23,652312.11,588448.21,612337.35,582846.22,2012,5,18
42,2012-05-11,643603.69,0,76.03,4.186,131.1453333,7.382,609274.89,526625.49,639123.45,674919.45,603024.75,564345.55,2012,5,19
42,2012-05-18,590636.38,0,85.19,4.308,131.0983226,7.382,643603.69,609274.89,552529.23,606671.5,524559.95,504403.16,2012,5,20
42,2012-05-25,535764.58,0,86.03,4.127,131.0287742,7.382,590636.38,643603.69,526625.49,564304.15,503295.29,484097.03,2012,5,21
42,2012-06-01,521953.78,0,80.06,4.277,130.9592258,7.382,535764.58,590636.38,609274.89,585895.34,545109.3,556046.12,2012,6,22
42,2012-06-08,642671.48,0,86.87,4.103,130.8896774,7.382,521953.78,535764.58,643603.69,659816.15,616701.99,607218.6,2012,6,23
42,2012-06-15,606309.13,0,88.58,4.144,130.8295333,7.382,642671.48,521953.78,590636.38,618767.26,546675.65,529418.64,2012,6,24
42,2012-06-22,540031.29,0,89.92,4.014,130.7929,7.382,606309.13,642671.48,535764.58,561226.38,501780.66,484327.56,2012,6,25
42,2012-06-29,507403.77,0,91.36,3.875,130.7562667,7.382,540031.29,606309.13,521953.78,544408.14,506343.83,507168.8,2012,6,26
42,2012-07-06,618702.09,0,86.87,3.666,130.7196333,7.17,507403.77,540031.29,642671.48,652312.11,593234.27,570069.48,2012,7,27
42,2012-07-13,628099.08,0,89.8,3.723,130.683,7.17,618702.09,507403.77,606309.13,639123.45,591703.82,558837.27,2012,7,28
42,2012-07-20,530318.39,0,84.45,3.589,130.7012903,7.17,628099.08,618702.09,540031.29,552529.23,511316.29,491115.86,2012,7,29
42,2012-07-27,516352.21,0,83.98,3.769,130.7195806,7.17,530318.39,628099.08,507403.77,526625.49,479256.8,469598.57,2012,7,30
42,2012-08-03,573084.71,0,84.76,3.595,130.737871,7.17,516352.21,530318.39,618702.09,609274.89,572603.33,579544.21,2012,8,31
42,2012-08-10,576620.31,0,90.78,3.811,130.7561613,7.17,573084.71,516352.21,628099.08,643603.69,603147.26,583079.97,2012,8,32
42,2012-08-17,575997.78,0,88.83,4.002,130.7909677,7.17,576620.31,573084.71,530318.39,590636.38,526641.23,500945.63,2012,8,33
42,2012-08-24,535537.03,0,82.5,4.055,130.8381613,7.17,575997.78,576620.31,516352.21,535764.58,503720.98,465993.51,2012,8,34
42,2012-08-31,504760.57,0,86.97,3.886,130.8853548,7.17,535537.03,575997.78,573084.71,521953.78,537124.76,524658.06,2012,8,35
42,2012-09-07,617405.35,1,83.07,4.124,130.9325484,7.17,504760.57,535537.03,576620.31,642671.48,608390.94,589091.04,2012,9,36
42,2012-09-14,586737.66,0,78.47,3.966,130.9776667,7.17,617405.35,504760.57,575997.78,606309.13,576837.09,536871.58,2012,9,37
42,2012-09-21,527165.7,0,81.93,4.125,131.0103333,7.17,586737.66,617405.35,535537.03,540031.29,528486.45,492262.96,2012,9,38
42,2012-09-28,505978.46,0,82.52,3.966,131.043,7.17,527165.7,586737.66,504760.57,507403.77,510243.79,481523.93,2012,9,39
42,2012-10-05,593162.53,0,80.88,4.132,131.0756667,6.943,505978.46,527165.7,617405.35,618702.09,649111.23,599759.45,2012,10,40
42,2012-10-12,612379.9,0,76.03,4.468,131.1083333,6.943,593162.53,505978.46,586737.66,628099.08,613531.11,559285.35,2012,10,41
42,2012-10-19,541406.98,0,72.71,4.449,131.1499677,6.943,612379.9,593162.53,527165.7,530318.39,537276.41,522467.51,2012,10,42
42,2012-10-26,514756.08,0,70.5,4.301,131.1930968,6.943,541406.98,612379.9,505978.46,516352.21,515599.7,476967.65,2012,10,43
43,2011-02-04,651521.77,0,33.21,2.989,204.5264194,10.398,562558.27,601004.79,611796.61,605960.2,647029.28,597667.21,2011,2,5
43,2011-02-11,635650.98,1,40.65,3.022,204.873871,10.398,651521.77,562558.27,614940.07,595421.23,682918.99,643125.29,2011,2,6
43,2011-02-18,626627.77,0,59.15,3.045,205.1683214,10.398,635650.98,651521.77,601004.79,589467.35,658997.55,567673.87,2011,2,7
43,2011-02-25,592340.01,0,58.37,3.065,205.4415714,10.398,626627.77,635650.98,562558.27,633520.34,618702.79,577698.37,2011,2,8
43,2011-03-04,616345.25,0,60.26,3.288,205.7148214,10.398,592340.01,626627.77,651521.77,557543.62,658600.05,511883.36,2011,3,9
43,2011-03-11,629026.75,0,60.24,3.459,205.9880714,10.398,616345.25,592340.01,635650.98,598679.02,645386.94,619133.48,2011,3,10
43,2011-03-18,635171.05,0,68.98,3.488,206.225924,10.398,629026.75,616345.25,626627.77,615761.77,668098.49,598437.98,2011,3,11
43,2011-03-25,585989.1,0,65.53,3.473,206.4496175,10.398,635171.05,629026.75,592340.01,656637.63,623097.93,575676.13,2011,3,12
43,2011-04-01,611585.54,0,67.79,3.524,206.6733111,10.581,585989.1,635171.05,616345.25,534740.3,650102.8,454412.28,2011,4,13
43,2011-04-08,650418.75,0,70.35,3.622,206.8970046,10.581,611585.54,585989.1,629026.75,611796.61,693058.34,636372.37,2011,4,14
43,2011-04-15,635758.03,0,65.01,3.743,207.1015429,10.581,650418.75,611585.54,635171.05,614940.07,675282.2,664348.2,2011,4,15
43,2011-04-22,638280.67,0,74.49,3.807,207.2581929,10.581,635758.03,650418.75,585989.1,601004.79,638957.35,579499.93,2011,4,16
43,2011-04-29,611464.21,0,71.34,3.81,207.4148429,10.581,638280.67,635758.03,611585.54,562558.27,630740.11,538978.67,2011,4,17
43,2011-05-06,649148.74,0,66.77,3.906,207.5714929,10.581,611464.21,638280.67,650418.75,651521.77,691498.6,588448.21,2011,5,18
43,2011-05-13,684655.91,0,76.03,3.899,207.7281429,10.581,649148.74,611464.21,635758.03,635650.98,690851.59,674919.45,2011,5,19
43,2011-05-20,648330.18,0,74.21,3.907,207.5200622,10.581,684655.91,649148.74,638280.67,626627.77,672062.08,606671.5,2011,5,20
43,2011-05-27,578209.63,0,80.89,3.786,207.3119816,10.581,648330.18,684655.91,611464.21,592340.01,630315.76,564304.15,2011,5,21
43,2011-06-03,630972.15,0,83.49,3.699,207.1039009,10.581,578209.63,648330.18,649148.74,616345.25,682012.53,585895.34,2011,6,22
43,2011-06-10,643041.71,0,85.81,3.648,206.8958203,10.581,630972.15,578209.63,684655.91,629026.75,684023.95,659816.15,2011,6,23
43,2011-06-17,665781.74,0,88.49,3.637,206.8560238,10.581,643041.71,630972.15,648330.18,635171.05,700009.77,618767.26,2011,6,24
43,2011-06-24,604925.08,0,88.3,3.594,206.9424405,10.581,665781.74,643041.71,578209.63,585989.1,625196.14,561226.38,2011,6,25
43,2011-07-01,586781.78,0,91.36,3.524,207.0288571,10.641,604925.08,665781.74,630972.15,611585.54,667353.79,544408.14,2011,7,26
43,2011-07-08,651147.83,0,87.02,3.48,207.1152738,10.641,586781.78,604925.08,643041.71,650418.75,718748.33,652312.11,2011,7,27
43,2011-07-15,631827.38,0,84.67,3.575,207.1940691,10.641,651147.83,586781.78,665781.74,635758.03,696844.36,639123.45,2011,7,28
43,2011-07-22,597354.39,0,88.58,3.651,207.2538111,10.641,631827.38,651147.83,604925.08,638280.67,649035.55,552529.23,2011,7,29
43,2011-07-29,533917.52,0,83.43,3.682,207.313553,10.641,597354.39,631827.38,586781.78,611464.21,622112.23,526625.49,2011,7,30
43,2011-08-05,605956.59,0,87.47,3.684,207.3732949,10.641,533917.52,597354.39,651147.83,649148.74,698536.06,609274.89,2011,8,31
43,2011-08-12,595626.56,0,86.64,3.638,207.4330369,10.641,605956.59,533917.52,631827.38,684655.91,713479.91,643603.69,2011,8,32
43,2011-08-19,663396.32,0,82.08,3.554,207.4953088,10.641,595626.56,605956.59,597354.39,648330.18,712869.09,590636.38,2011,8,33
43,2011-08-26,561573.08,0,87.43,3.523,207.5580023,10.641,663396.32,595626.56,533917.52,578209.63,655284.69,535764.58,2011,8,34
43,2011-09-02,594224.9,0,87.84,3.533,207.6206959,10.641,561573.08,663396.32,605956.59,630972.15,689326.91,521953.78,2011,9,35
43,2011-09-09,649128.23,1,79.29,3.546,207.6833894,10.641,594224.9,561573.08,595626.56,643041.71,722120.04,642671.48,2011,9,36
43,2011-09-16,618877.13,0,77.17,3.526,207.8527143,10.641,649128.23,594224.9,663396.32,665781.74,725043.04,606309.13,2011,9,37
43,2011-09-23,586108.13,0,78.98,3.467,208.1642143,10.641,618877.13,649128.23,561573.08,604925.08,650263.95,540031.29,2011,9,38
43,2011-09-30,555183.72,0,78.97,3.355,208.4757143,10.641,586108.13,618877.13,594224.9,586781.78,657108.77,507403.77,2011,9,39
43,2011-10-07,642828.62,0,74.17,3.285,208.7872143,10.148,555183.72,586108.13,649128.23,651147.83,713332.54,618702.09,2011,10,40
43,2011-10-14,590984.56,0,68.09,3.274,209.0752166,10.148,642828.62,555183.72,618877.13,631827.38,699852.68,628099.08,2011,10,41
43,2011-10-21,594625.96,0,70.3,3.353,209.2222327,10.148,590984.56,642828.62,586108.13,597354.39,680943.03,530318.39,2011,10,42
43,2011-10-28,572516.57,0,66.82,3.372,209.3692488,10.148,594625.96,590984.56,555183.72,533917.52,610076.32,516352.21,2011,10,43
43,2011-11-04,641905.37,0,59.08,3.332,209.516265,10.148,572516.57,594625.96,642828.62,605956.59,605960.2,573084.71,2011,11,44
43,2011-11-11,615975.5,0,51.26,3.297,209.6632811,10.148,641905.37,572516.57,590984.56,595626.56,595421.23,576620.31,2011,11,45
43,2011-11-18,628115.61,0,57.75,3.308,209.8651071,10.148,615975.5,641905.37,594625.96,663396.32,589467.35,575997.78,2011,11,46
43,2011-11-25,669965.22,1,55.7,3.236,210.0888571,10.148,628115.61,615975.5,572516.57,561573.08,633520.34,535537.03,2011,11,47
43,2011-12-02,585028.26,0,47.49,3.172,210.3126071,10.148,669965.22,628115.61,641905.37,594224.9,557543.62,504760.57,2011,12,48
43,2011-12-09,617898.07,0,34.23,3.158,210.5363571,10.148,585028.26,669965.22,615975.5,649128.23,598679.02,617405.35,2011,12,49
43,2011-12-16,665007.08,0,43.78,3.159,210.7365392,10.148,617898.07,585028.26,628115.61,618877.13,615761.77,586737.66,2011,12,50
43,2011-12-23,676290.46,0,42.63,3.112,210.9052972,10.148,665007.08,617898.07,669965.22,586108.13,656637.63,527165.7,2011,12,51
43,2011-12-30,505405.85,1,41.83,3.129,211.0740553,10.148,676290.46,665007.08,585028.26,555183.72,534740.3,505978.46,2011,12,52
43,2012-01-06,670993.01,0,47.59,3.157,211.2428134,9.653,505405.85,676290.46,617898.07,642828.62,611796.61,593162.53,2012,1,1
43,2012-01-13,663529.64,0,43.68,3.261,211.4115714,9.653,670993.01,505405.85,665007.08,590984.56,614940.07,612379.9,2012,1,2
43,2012-01-20,619225.65,0,52.72,3.268,211.4997811,9.653,663529.64,670993.01,676290.46,594625.96,601004.79,541406.98,2012,1,3
43,2012-01-27,587685.38,0,52.1,3.29,211.5879908,9.653,619225.65,663529.64,505405.85,572516.57,562558.27,514756.08,2012,1,4
43,2012-02-03,629176.71,0,51.92,3.36,211.6762005,9.653,587685.38,619225.65,670993.01,641905.37,651521.77,647029.28,2012,2,5
43,2012-02-10,662198.65,1,46.54,3.409,211.7644101,9.653,629176.71,587685.38,663529.64,615975.5,635650.98,682918.99,2012,2,6
43,2012-02-17,660632.05,0,49.38,3.51,211.916835,9.653,662198.65,629176.71,619225.65,628115.61,626627.77,658997.55,2012,2,7
43,2012-02-24,613042.97,0,53.53,3.555,212.1174212,9.653,660632.05,662198.65,587685.38,669965.22,592340.01,618702.79,2012,2,8
43,2012-03-02,693249.98,0,56.43,3.63,212.3180074,9.653,613042.97,660632.05,629176.71,585028.26,616345.25,658600.05,2012,3,9
43,2012-03-09,636677.67,0,54.52,3.669,212.5185936,9.653,693249.98,613042.97,662198.65,617898.07,629026.75,645386.94,2012,3,10
43,2012-03-16,661707.02,0,57.88,3.734,212.6651567,9.653,636677.67,693249.98,660632.05,665007.08,635171.05,668098.49,2012,3,11
43,2012-03-23,610940.94,0,56.28,3.787,212.7396889,9.653,661707.02,636677.67,613042.97,676290.46,585989.1,623097.93,2012,3,12
43,2012-03-30,623258.4,0,69.88,3.845,212.8142212,9.653,610940.94,661707.02,693249.98,505405.85,611585.54,650102.8,2012,3,13
43,2012-04-06,658468.27,0,64.7,3.891,212.8887535,9.575,623258.4,610940.94,636677.67,670993.01,650418.75,693058.34,2012,4,14
43,2012-04-13,665687.92,0,70.18,3.891,212.9632857,9.575,658468.27,623258.4,661707.02,663529.64,635758.03,675282.2,2012,4,15
43,2012-04-20,638144.98,0,67.28,3.877,213.0130524,9.575,665687.92,658468.27,610940.94,619225.65,638280.67,638957.35,2012,4,16
43,2012-04-27,593138.59,0,78.27,3.814,213.062819,9.575,638144.98,665687.92,623258.4,587685.38,611464.21,630740.11,2012,4,17
43,2012-05-04,637964.2,0,77.47,3.749,213.1125857,9.575,593138.59,638144.98,658468.27,629176.71,649148.74,691498.6,2012,5,18
43,2012-05-11,640159.04,0,67.59,3.688,213.1623524,9.575,637964.2,593138.59,665687.92,662198.65,684655.91,690851.59,2012,5,19
43,2012-05-18,648541.81,0,72.06,3.63,213.1753618,9.575,640159.04,637964.2,638144.98,660632.05,648330.18,672062.08,2012,5,20
43,2012-05-25,597406.39,0,82.41,3.561,213.1736682,9.575,648541.81,640159.04,593138.59,613042.97,578209.63,630315.76,2012,5,21
43,2012-06-01,605078.62,0,80.89,3.501,213.1719747,9.575,597406.39,648541.81,637964.2,693249.98,630972.15,682012.53,2012,6,22
43,2012-06-08,643032.51,0,85.73,3.452,213.1702811,9.575,605078.62,597406.39,640159.04,636677.67,643041.71,684023.95,2012,6,23
43,2012-06-15,634815.1,0,87.75,3.393,213.1786952,9.575,643032.51,605078.62,648541.81,661707.02,665781.74,700009.77,2012,6,24
43,2012-06-22,613270.79,0,87.51,3.346,213.2123786,9.575,634815.1,643032.51,597406.39,610940.94,604925.08,625196.14,2012,6,25
43,2012-06-29,593128.13,0,89.85,3.286,213.2460619,9.575,613270.79,634815.1,605078.62,623258.4,586781.78,667353.79,2012,6,26
43,2012-07-06,645618.59,0,82.68,3.227,213.2797452,9.285,593128.13,613270.79,643032.51,658468.27,651147.83,718748.33,2012,7,27
43,2012-07-13,627634.04,0,78.82,3.256,213.3134286,9.285,645618.59,593128.13,634815.1,665687.92,631827.38,696844.36,2012,7,28
43,2012-07-20,596554.05,0,83.83,3.311,213.3219124,9.285,627634.04,645618.59,613270.79,638144.98,597354.39,649035.55,2012,7,29
43,2012-07-27,572447.52,0,82.01,3.407,213.3303963,9.285,596554.05,627634.04,593128.13,593138.59,533917.52,622112.23,2012,7,30
43,2012-08-03,614378.94,0,85.06,3.417,213.3388802,9.285,572447.52,596554.05,645618.59,637964.2,605956.59,698536.06,2012,8,31
43,2012-08-10,643558.78,0,86.36,3.494,213.3473641,9.285,614378.94,572447.52,627634.04,640159.04,595626.56,713479.91,2012,8,32
43,2012-08-17,640210.85,0,85.66,3.571,213.4226959,9.285,643558.78,614378.94,596554.05,648541.81,663396.32,712869.09,2012,8,33
43,2012-08-24,598234.64,0,81.65,3.62,213.5481636,9.285,640210.85,643558.78,572447.52,597406.39,561573.08,655284.69,2012,8,34
43,2012-08-31,593141.29,0,81.12,3.638,213.6736313,9.285,598234.64,640210.85,614378.94,605078.62,594224.9,689326.91,2012,8,35
43,2012-09-07,663814.18,1,84.99,3.73,213.7990991,9.285,593141.29,598234.64,643558.78,643032.51,649128.23,722120.04,2012,9,36
43,2012-09-14,625196.94,0,73.03,3.717,213.9332167,9.285,663814.18,593141.29,640210.85,634815.1,618877.13,725043.04,2012,9,37
43,2012-09-21,601990.02,0,75.87,3.721,214.1192333,9.285,625196.94,663814.18,598234.64,613270.79,586108.13,650263.95,2012,9,38
43,2012-09-28,577792.32,0,77.55,3.666,214.30525,9.285,601990.02,625196.94,593141.29,593128.13,555183.72,657108.77,2012,9,39
43,2012-10-05,642614.89,0,74.09,3.617,214.4912667,8.839,577792.32,601990.02,663814.18,645618.59,642828.62,713332.54,2012,10,40
43,2012-10-12,619369.72,0,71.14,3.601,214.6772833,8.839,642614.89,577792.32,625196.94,627634.04,590984.56,699852.68,2012,10,41
43,2012-10-19,623919.23,0,71.25,3.594,214.7212488,8.839,619369.72,642614.89,601990.02,596554.05,594625.96,680943.03,2012,10,42
43,2012-10-26,587603.55,0,69.17,3.506,214.7415392,8.839,623919.23,619369.72,577792.32,572447.52,572516.57,610076.32,2012,10,43
44,2011-02-04,293953.08,0,23.35,2.974,127.7195806,7.224,276011.4,276157.8,288320.38,270516.84,281090.95,641905.37,2011,2,5
44,2011-02-11,307486.73,1,30.83,3.034,127.859129,7.224,293953.08,276011.4,292859.36,281909.79,286857.13,615975.5,2011,2,6
44,2011-02-18,280785.76,0,40.85,3.062,127.99525,7.224,307486.73,293953.08,276157.8,284322.52,267956.3,628115.61,2011,2,7
44,2011-02-25,279427.93,0,33.17,3.12,128.13,7.224,280785.76,307486.73,276011.4,307646.5,273079.07,669965.22,2011,2,8
44,2011-03-04,293984.54,0,34.23,3.23,128.26475,7.224,279427.93,280785.76,293953.08,264214.12,284617.27,585028.26,2011,3,9
44,2011-03-11,284496.14,0,41.28,3.346,128.3995,7.224,293984.54,279427.93,307486.73,278253.28,272190.83,617898.07,2011,3,10
44,2011-03-18,281699.68,0,44.69,3.407,128.5121935,7.224,284496.14,293984.54,280785.76,278646.35,269624.2,665007.08,2011,3,11
44,2011-03-25,285031.81,0,42.38,3.435,128.6160645,7.224,281699.68,284496.14,279427.93,365098.24,276279.49,676290.46,2011,3,12
44,2011-04-01,281514.26,0,42.49,3.487,128.7199355,6.906,285031.81,281699.68,293984.54,241937.11,286197.5,505405.85,2011,4,13
44,2011-04-08,292498.61,0,42.75,3.547,128.8238065,6.906,281514.26,285031.81,284496.14,288320.38,257361.3,670993.01,2011,4,14
44,2011-04-15,289667.55,0,41.72,3.616,128.9107333,6.906,292498.61,281514.26,281699.68,292859.36,280048.74,663529.64,2011,4,15
44,2011-04-22,280357.3,0,47.55,3.655,128.9553,6.906,289667.55,292498.61,285031.81,276157.8,278287.04,619225.65,2011,4,16
44,2011-04-29,281247.97,0,43.85,3.683,128.9998667,6.906,280357.3,289667.55,281514.26,276011.4,272997.65,587685.38,2011,4,17
44,2011-05-06,299354.67,0,47.75,3.744,129.0444333,6.906,281247.97,280357.3,292498.61,293953.08,285379.86,629176.71,2011,5,18
44,2011-05-13,307095.31,0,52.4,3.77,129.089,6.906,299354.67,281247.97,289667.55,307486.73,286515.92,662198.65,2011,5,19
44,2011-05-20,303559.23,0,52.12,3.802,129.0756774,6.906,307095.31,299354.67,280357.3,280785.76,267065.35,660632.05,2011,5,20
44,2011-05-27,308442.49,0,54.62,3.778,129.0623548,6.906,303559.23,307095.31,281247.97,279427.93,291891.01,613042.97,2011,5,21
44,2011-06-03,308950.04,0,52.76,3.752,129.0490323,6.906,308442.49,303559.23,299354.67,293984.54,282351.82,693249.98,2011,6,22
44,2011-06-10,308770.42,0,61.39,3.732,129.0357097,6.906,308950.04,308442.49,307095.31,284496.14,296818.2,636677.67,2011,6,23
44,2011-06-17,300255.87,0,63.35,3.704,129.0432,6.906,308770.42,308950.04,303559.23,281699.68,293481.36,661707.02,2011,6,24
44,2011-06-24,296765.59,0,66.38,3.668,129.0663,6.906,300255.87,308770.42,308442.49,285031.81,288247.24,610940.94,2011,6,25
44,2011-07-01,315273.08,0,74.29,3.613,129.0894,6.56,296765.59,300255.87,308950.04,281514.26,300628.19,623258.4,2011,7,26
44,2011-07-08,295339.01,0,77.3,3.563,129.1125,6.56,315273.08,296765.59,308770.42,292498.61,280472.78,658468.27,2011,7,27
44,2011-07-15,289201.21,0,75.59,3.553,129.1338387,6.56,295339.01,315273.08,300255.87,289667.55,297099.95,665687.92,2011,7,28
44,2011-07-22,303108.81,0,78.5,3.563,129.1507742,6.56,289201.21,295339.01,296765.59,280357.3,292680.16,638144.98,2011,7,29
44,2011-07-29,279677.0,0,77.62,3.574,129.1677097,6.56,303108.81,289201.21,315273.08,281247.97,275020.96,593138.59,2011,7,30
44,2011-08-05,298080.45,0,75.56,3.595,129.1846452,6.56,279677.0,303108.81,295339.01,299354.67,296804.49,637964.2,2011,8,31
44,2011-08-12,290399.66,0,75.95,3.606,129.2015806,6.56,298080.45,279677.0,289201.21,307095.31,291028.09,640159.04,2011,8,32
44,2011-08-19,290909.69,0,76.68,3.578,129.2405806,6.56,290399.66,298080.45,303108.81,303559.23,284740.5,648541.81,2011,8,33
44,2011-08-26,324174.79,0,81.53,3.57,129.2832581,6.56,290909.69,290399.66,279677.0,308442.49,293155.08,597406.39,2011,8,34
44,2011-09-02,309543.52,0,77.0,3.58,129.3259355,6.56,324174.79,290909.69,298080.45,308950.04,295880.12,605078.62,2011,9,35
44,2011-09-09,295811.25,1,70.19,3.619,129.3686129,6.56,309543.52,324174.79,290399.66,308770.42,283455.13,643032.51,2011,9,36
44,2011-09-16,303974.28,0,67.54,3.641,129.4306,6.56,295811.25,309543.52,290909.69,300255.87,279364.13,634815.1,2011,9,37
44,2011-09-23,307409.13,0,63.6,3.648,129.5183333,6.56,303974.28,295811.25,324174.79,296765.59,281313.78,613270.79,2011,9,38
44,2011-09-30,299757.75,0,68.28,3.623,129.6060667,6.56,307409.13,303974.28,309543.52,315273.08,300152.45,593128.13,2011,9,39
44,2011-10-07,312577.36,0,60.62,3.592,129.6938,6.078,299757.75,307409.13,295811.25,295339.01,279524.44,645618.59,2011,10,40
44,2011-10-14,293031.78,0,51.74,3.567,129.7706452,6.078,312577.36,299757.75,303974.28,289201.21,268708.43,627634.04,2011,10,41
44,2011-10-21,305969.81,0,54.66,3.579,129.7821613,6.078,293031.78,312577.36,307409.13,303108.81,270110.3,596554.05,2011,10,42
44,2011-10-28,306336.07,0,47.41,3.567,129.7936774,6.078,305969.81,293031.78,299757.75,279677.0,286497.49,572447.52,2011,10,43
44,2011-11-04,307126.34,0,43.51,3.538,129.8051935,6.078,306336.07,305969.81,312577.36,298080.45,270516.84,614378.94,2011,11,44
44,2011-11-11,312233.56,0,33.8,3.513,129.8167097,6.078,307126.34,306336.07,293031.78,290399.66,281909.79,643558.78,2011,11,45
44,2011-11-18,310531.04,0,40.65,3.489,129.8268333,6.078,312233.56,307126.34,305969.81,290909.69,284322.52,640210.85,2011,11,46
44,2011-11-25,309129.01,1,38.89,3.445,129.8364,6.078,310531.04,312233.56,306336.07,324174.79,307646.5,598234.64,2011,11,47
44,2011-12-02,284309.34,0,33.94,3.389,129.8459667,6.078,309129.01,310531.04,307126.34,309543.52,264214.12,593141.29,2011,12,48
44,2011-12-09,304300.91,0,24.82,3.341,129.8555333,6.078,284309.34,309129.01,312233.56,295811.25,278253.28,663814.18,2011,12,49
44,2011-12-16,311144.16,0,27.85,3.282,129.8980645,6.078,304300.91,284309.34,310531.04,303974.28,278646.35,625196.94,2011,12,50
44,2011-12-23,376233.89,0,24.76,3.186,129.9845484,6.078,311144.16,304300.91,309129.01,307409.13,365098.24,601990.02,2011,12,51
44,2011-12-30,263917.85,1,31.53,3.119,130.0710323,6.078,376233.89,311144.16,284309.34,299757.75,241937.11,577792.32,2011,12,52
44,2012-01-06,325327.93,0,33.8,3.08,130.1575161,5.774,263917.85,376233.89,304300.91,312577.36,288320.38,642614.89,2012,1,1
44,2012-01-13,312361.88,0,25.61,3.056,130.244,5.774,325327.93,263917.85,311144.16,293031.78,292859.36,619369.72,2012,1,2
44,2012-01-20,316948.39,0,32.71,3.047,130.2792258,5.774,312361.88,325327.93,376233.89,305969.81,276157.8,623919.23,2012,1,3
44,2012-01-27,308295.38,0,34.32,3.058,130.3144516,5.774,316948.39,312361.88,263917.85,306336.07,276011.4,587603.55,2012,1,4
44,2012-02-03,325986.05,0,31.39,3.077,130.3496774,5.774,308295.38,316948.39,325327.93,307126.34,293953.08,281090.95,2012,2,5
44,2012-02-10,325377.97,1,33.73,3.116,130.3849032,5.774,325986.05,308295.38,312361.88,312233.56,307486.73,286857.13,2012,2,6
44,2012-02-17,320691.21,0,36.57,3.119,130.4546207,5.774,325377.97,325986.05,316948.39,310531.04,280785.76,267956.3,2012,2,7
44,2012-02-24,315641.8,0,35.38,3.145,130.5502069,5.774,320691.21,325377.97,308295.38,309129.01,279427.93,273079.07,2012,2,8
44,2012-03-02,316687.22,0,32.36,3.242,130.6457931,5.774,315641.8,320691.21,325986.05,284309.34,293984.54,284617.27,2012,3,9
44,2012-03-09,303438.24,0,38.24,3.38,130.7413793,5.774,316687.22,315641.8,325377.97,304300.91,284496.14,272190.83,2012,3,10
44,2012-03-16,331965.95,0,52.5,3.529,130.8261935,5.774,303438.24,316687.22,320691.21,311144.16,281699.68,269624.2,2012,3,11
44,2012-03-23,296947.06,0,47.83,3.671,130.8966452,5.774,331965.95,303438.24,315641.8,376233.89,285031.81,276279.49,2012,3,12
44,2012-03-30,310027.29,0,53.2,3.734,130.9670968,5.774,296947.06,331965.95,316687.22,263917.85,281514.26,286197.5,2012,3,13
44,2012-04-06,320021.1,0,48.85,3.793,131.0375484,5.621,310027.29,296947.06,303438.24,325327.93,292498.61,257361.3,2012,4,14
44,2012-04-13,311390.22,0,51.7,3.833,131.108,5.621,320021.1,310027.29,331965.95,312361.88,289667.55,280048.74,2012,4,15
44,2012-04-20,323233.8,0,50.24,3.845,131.1173333,5.621,311390.22,320021.1,296947.06,316948.39,280357.3,278287.04,2012,4,16
44,2012-04-27,330338.36,0,64.8,3.842,131.1266667,5.621,323233.8,311390.22,310027.29,308295.38,281247.97,272997.65,2012,4,17
44,2012-05-04,326053.28,0,54.41,3.831,131.136,5.621,330338.36,323233.8,320021.1,325986.05,299354.67,285379.86,2012,5,18
44,2012-05-11,341381.08,0,56.47,3.809,131.1453333,5.621,326053.28,330338.36,311390.22,325377.97,307095.31,286515.92,2012,5,19
44,2012-05-18,334042.43,0,65.17,3.808,131.0983226,5.621,341381.08,326053.28,323233.8,320691.21,303559.23,267065.35,2012,5,20
44,2012-05-25,343268.29,0,62.39,3.801,131.0287742,5.621,334042.43,341381.08,330338.36,315641.8,308442.49,291891.01,2012,5,21
44,2012-06-01,323410.94,0,61.11,3.788,130.9592258,5.621,343268.29,334042.43,326053.28,316687.22,308950.04,282351.82,2012,6,22
44,2012-06-08,340238.38,0,68.4,3.776,130.8896774,5.621,323410.94,343268.29,341381.08,303438.24,308770.42,296818.2,2012,6,23
44,2012-06-15,338400.82,0,65.97,3.756,130.8295333,5.621,340238.38,323410.94,334042.43,331965.95,300255.87,293481.36,2012,6,24
44,2012-06-22,336241.0,0,72.89,3.737,130.7929,5.621,338400.82,340238.38,343268.29,296947.06,296765.59,288247.24,2012,6,25
44,2012-06-29,338386.08,0,82.0,3.681,130.7562667,5.621,336241.0,338400.82,323410.94,310027.29,315273.08,300628.19,2012,6,26
44,2012-07-06,358461.58,0,79.23,3.63,130.7196333,5.407,338386.08,336241.0,340238.38,320021.1,295339.01,280472.78,2012,7,27
44,2012-07-13,336479.49,0,83.68,3.595,130.683,5.407,358461.58,338386.08,338400.82,311390.22,289201.21,297099.95,2012,7,28
44,2012-07-20,337819.16,0,75.69,3.556,130.7012903,5.407,336479.49,358461.58,336241.0,323233.8,303108.81,292680.16,2012,7,29
44,2012-07-27,319855.26,0,80.42,3.537,130.7195806,5.407,337819.16,336479.49,338386.08,330338.36,279677.0,275020.96,2012,7,30
44,2012-08-03,342385.38,0,81.99,3.512,130.737871,5.407,319855.26,337819.16,358461.58,326053.28,298080.45,296804.49,2012,8,31
44,2012-08-10,333594.81,0,81.69,3.509,130.7561613,5.407,342385.38,319855.26,336479.49,341381.08,290399.66,291028.09,2012,8,32
44,2012-08-17,327389.51,0,79.4,3.545,130.7909677,5.407,333594.81,342385.38,337819.16,334042.43,290909.69,284740.5,2012,8,33
44,2012-08-24,337985.74,0,77.37,3.582,130.8381613,5.407,327389.51,333594.81,319855.26,343268.29,324174.79,293155.08,2012,8,34
44,2012-08-31,339490.69,0,79.18,3.624,130.8853548,5.407,337985.74,327389.51,342385.38,323410.94,309543.52,295880.12,2012,8,35
44,2012-09-07,338737.33,1,70.65,3.689,130.9325484,5.407,339490.69,337985.74,333594.81,340238.38,295811.25,283455.13,2012,9,36
44,2012-09-14,347726.67,0,68.55,3.749,130.9776667,5.407,338737.33,339490.69,327389.51,338400.82,303974.28,279364.13,2012,9,37
44,2012-09-21,336017.6,0,67.96,3.821,131.0103333,5.407,347726.67,338737.33,337985.74,336241.0,307409.13,281313.78,2012,9,38
44,2012-09-28,355307.94,0,64.8,3.821,131.043,5.407,336017.6,347726.67,339490.69,338386.08,299757.75,300152.45,2012,9,39
44,2012-10-05,337390.44,0,61.79,3.815,131.0756667,5.217,355307.94,336017.6,338737.33,358461.58,312577.36,279524.44,2012,10,40
44,2012-10-12,337796.13,0,55.1,3.797,131.1083333,5.217,337390.44,355307.94,347726.67,336479.49,293031.78,268708.43,2012,10,41
44,2012-10-19,323766.77,0,52.06,3.781,131.1499677,5.217,337796.13,337390.44,336017.6,337819.16,305969.81,270110.3,2012,10,42
44,2012-10-26,361067.07,0,46.97,3.755,131.1930968,5.217,323766.77,337796.13,355307.94,319855.26,306336.07,286497.49,2012,10,43
45,2011-02-04,759442.33,0,28.73,3.231,183.4408542,8.549,617207.58,644285.33,680254.35,764014.06,890689.51,307126.34,2011,2,5
45,2011-02-11,766456.0,1,30.3,3.239,183.7016129,8.549,759442.33,617207.58,654018.95,765648.93,656988.64,312233.56,2011,2,6
45,2011-02-18,802253.41,0,40.7,3.245,183.9371353,8.549,766456.0,759442.33,644285.33,723987.85,841264.04,310531.04,2011,2,7
45,2011-02-25,733716.78,0,35.78,3.274,184.1625632,8.549,802253.41,766456.0,617207.58,1182500.16,741891.65,309129.01,2011,2,8
45,2011-03-04,761880.36,0,38.65,3.433,184.3879911,8.549,733716.78,802253.41,759442.33,879244.9,777951.22,284309.34,2011,3,9
45,2011-03-11,714014.73,0,45.01,3.582,184.613419,8.549,761880.36,733716.78,766456.0,1002364.34,765687.42,304300.91,2011,3,10
45,2011-03-18,733564.77,0,46.66,3.631,184.809719,8.549,714014.73,761880.36,802253.41,1123282.85,773819.49,311144.16,2011,3,11
45,2011-03-25,719737.25,0,41.76,3.625,184.9943679,8.549,733564.77,714014.73,733716.78,1682862.03,782563.38,376233.89,2011,3,12
45,2011-04-01,712425.76,0,37.27,3.638,185.1790167,8.521,719737.25,733564.77,761880.36,679156.2,877235.96,263917.85,2011,4,13
45,2011-04-08,750182.71,0,48.71,3.72,185.3636656,8.521,712425.76,719737.25,714014.73,680254.35,833782.7,325327.93,2011,4,14
45,2011-04-15,765270.02,0,53.69,3.821,185.5339821,8.521,750182.71,712425.76,733564.77,654018.95,782221.96,312361.88,2011,4,15
45,2011-04-22,813630.44,0,53.04,3.892,185.6684673,8.521,765270.02,750182.71,719737.25,644285.33,749779.1,316948.39,2011,4,16
45,2011-04-29,786561.61,0,66.18,3.962,185.8029526,8.521,813630.44,765270.02,712425.76,617207.58,737265.57,308295.38,2011,4,17
45,2011-05-06,810150.64,0,58.21,4.046,185.9374378,8.521,786561.61,813630.44,750182.71,759442.33,812190.76,325986.05,2011,5,18
45,2011-05-13,793889.1,0,60.38,4.066,186.0719231,8.521,810150.64,786561.61,765270.02,766456.0,758182.2,325377.97,2011,5,19
45,2011-05-20,727163.67,0,62.28,4.062,185.9661154,8.521,793889.1,810150.64,813630.44,802253.41,747888.25,320691.21,2011,5,20
45,2011-05-27,817653.25,0,69.7,3.985,185.8603077,8.521,727163.67,793889.1,786561.61,733716.78,801098.43,315641.8,2011,5,21
45,2011-06-03,877423.45,0,76.38,3.922,185.7545,8.521,817653.25,727163.67,810150.64,761880.36,837548.62,316687.22,2011,6,22
45,2011-06-10,814395.17,0,73.88,3.881,185.6486923,8.521,877423.45,817653.25,793889.1,714014.73,794698.77,303438.24,2011,6,23
45,2011-06-17,811153.67,0,69.32,3.842,185.6719333,8.521,814395.17,877423.45,727163.67,733564.77,815130.5,331965.95,2011,6,24
45,2011-06-24,762861.78,0,74.85,3.804,185.7919609,8.521,811153.67,814395.17,817653.25,719737.25,792299.15,296947.06,2011,6,25
45,2011-07-01,791495.25,0,74.04,3.748,185.9119885,8.625,762861.78,811153.67,877423.45,712425.76,800147.84,310027.29,2011,7,26
45,2011-07-08,768718.11,0,77.49,3.711,186.032016,8.625,791495.25,762861.78,814395.17,750182.71,787062.0,320021.1,2011,7,27
45,2011-07-15,748435.2,0,78.47,3.76,186.1399808,8.625,768718.11,791495.25,811153.67,765270.02,723708.99,311390.22,2011,7,28
45,2011-07-22,741625.25,0,82.33,3.811,186.2177885,8.625,748435.2,768718.11,762861.78,813630.44,714601.11,323233.8,2011,7,29
45,2011-07-29,704680.97,0,81.31,3.829,186.2955962,8.625,741625.25,748435.2,791495.25,786561.61,716859.27,330338.36,2011,7,30
45,2011-08-05,765996.92,0,78.22,3.842,186.3734038,8.625,704680.97,741625.25,768718.11,810150.64,746517.32,326053.28,2011,8,31
45,2011-08-12,724180.89,0,77.0,3.812,186.4512115,8.625,765996.92,704680.97,748435.2,793889.1,722262.21,341381.08,2011,8,32
45,2011-08-19,712362.72,0,72.98,3.747,186.5093071,8.625,724180.89,765996.92,741625.25,727163.67,708568.29,334042.43,2011,8,33
45,2011-08-26,833979.01,0,72.55,3.704,186.5641172,8.625,712362.72,724180.89,704680.97,817653.25,721744.33,343268.29,2011,8,34
45,2011-09-02,726482.39,0,70.63,3.703,186.6189274,8.625,833979.01,712362.72,765996.92,877423.45,790144.7,323410.94,2011,9,35
45,2011-09-09,746129.56,1,71.48,3.738,186.6737376,8.625,726482.39,833979.01,724180.89,814395.17,721460.22,340238.38,2011,9,36
45,2011-09-16,711367.56,0,69.17,3.742,186.8024,8.625,746129.56,726482.39,712362.72,811153.67,716987.58,338400.82,2011,9,37
45,2011-09-23,714106.42,0,63.75,3.711,187.0295321,8.625,711367.56,746129.56,833979.01,762861.78,678228.58,336241.0,2011,9,38
45,2011-09-30,698986.34,0,70.66,3.645,187.2566641,8.625,714106.42,711367.56,726482.39,791495.25,690007.76,338386.08,2011,9,39
45,2011-10-07,753447.05,0,55.82,3.583,187.4837962,8.523,698986.34,714106.42,746129.56,768718.11,745782.1,358461.58,2011,10,40
45,2011-10-14,720946.99,0,63.82,3.541,187.6917481,8.523,753447.05,698986.34,711367.56,748435.2,715263.3,336479.49,2011,10,41
45,2011-10-21,771686.4,0,59.6,3.57,187.7846197,8.523,720946.99,753447.05,714106.42,741625.25,730899.37,337819.16,2011,10,42
45,2011-10-28,781694.57,0,51.78,3.569,187.8774913,8.523,771686.4,720946.99,698986.34,704680.97,732859.76,319855.26,2011,10,43
45,2011-11-04,833429.22,0,43.92,3.551,187.9703629,8.523,781694.57,771686.4,753447.05,765996.92,764014.06,342385.38,2011,11,44
45,2011-11-11,808624.82,0,47.65,3.53,188.0632345,8.523,833429.22,781694.57,720946.99,724180.89,765648.93,333594.81,2011,11,45
45,2011-11-18,773603.77,0,51.34,3.53,188.1983654,8.523,808624.82,833429.22,771686.4,712362.72,723987.85,327389.51,2011,11,46
45,2011-11-25,1170672.94,1,48.71,3.492,188.3504,8.523,773603.77,808624.82,781694.57,833979.01,1182500.16,337985.74,2011,11,47
45,2011-12-02,875699.81,0,50.19,3.452,188.5024346,8.523,1170672.94,773603.77,833429.22,726482.39,879244.9,339490.69,2011,12,48
45,2011-12-09,957155.31,0,46.57,3.415,188.6544692,8.523,875699.81,1170672.94,808624.82,746129.56,1002364.34,338737.33,2011,12,49
45,2011-12-16,1078905.68,0,39.93,3.413,188.7979349,8.523,957155.31,875699.81,773603.77,711367.56,1123282.85,347726.67,2011,12,50
45,2011-12-23,1521957.99,0,42.27,3.389,188.9299752,8.523,1078905.68,957155.31,1170672.94,714106.42,1682862.03,336017.6,2011,12,51
45,2011-12-30,869403.63,1,37.79,3.389,189.0620155,8.523,1521957.99,1078905.68,875699.81,698986.34,679156.2,355307.94,2011,12,52
45,2012-01-06,714081.05,0,35.88,3.422,189.1940558,8.424,869403.63,1521957.99,957155.31,753447.05,680254.35,337390.44,2012,1,1
45,2012-01-13,676615.53,0,41.18,3.513,189.3260962,8.424,714081.05,869403.63,1078905.68,720946.99,654018.95,337796.13,2012,1,2
45,2012-01-20,700392.21,0,31.85,3.533,189.4214733,8.424,676615.53,714081.05,1521957.99,771686.4,644285.33,323766.77,2012,1,3
45,2012-01-27,624081.64,0,37.93,3.567,189.5168505,8.424,700392.21,676615.53,869403.63,781694.57,617207.58,361067.07,2012,1,4
45,2012-02-03,757330.95,0,42.96,3.617,189.6122277,8.424,624081.64,700392.21,714081.05,833429.22,759442.33,890689.51,2012,2,5
45,2012-02-10,803657.12,1,37.0,3.64,189.7076048,8.424,757330.95,624081.64,676615.53,808624.82,766456.0,656988.64,2012,2,6
45,2012-02-17,858853.75,0,36.85,3.695,189.8424834,8.424,803657.12,757330.95,700392.21,773603.77,802253.41,841264.04,2012,2,7
45,2012-02-24,753060.78,0,42.86,3.739,190.0069881,8.424,858853.75,803657.12,624081.64,1170672.94,733716.78,741891.65,2012,2,8
45,2012-03-02,782796.01,0,41.55,3.816,190.1714927,8.424,753060.78,858853.75,757330.95,875699.81,761880.36,777951.22,2012,3,9
45,2012-03-09,776968.87,0,45.52,3.848,190.3359973,8.424,782796.01,753060.78,803657.12,957155.31,714014.73,765687.42,2012,3,10
45,2012-03-16,788340.23,0,50.56,3.862,190.4618964,8.424,776968.87,782796.01,858853.75,1078905.68,733564.77,773819.49,2012,3,11
45,2012-03-23,791835.37,0,59.45,3.9,190.5363213,8.424,788340.23,776968.87,753060.78,1521957.99,719737.25,782563.38,2012,3,12
45,2012-03-30,777254.06,0,50.04,3.953,190.6107463,8.424,791835.37,788340.23,782796.01,869403.63,712425.76,877235.96,2012,3,13
45,2012-04-06,899479.43,0,49.73,3.996,190.6851712,8.567,777254.06,791835.37,776968.87,714081.05,750182.71,833782.7,2012,4,14
45,2012-04-13,781970.6,0,51.83,4.044,190.7595962,8.567,899479.43,777254.06,788340.23,676615.53,765270.02,782221.96,2012,4,15
45,2012-04-20,776661.74,0,63.13,4.027,190.8138013,8.567,781970.6,899479.43,791835.37,700392.21,813630.44,749779.1,2012,4,16
45,2012-04-27,711571.88,0,53.2,4.004,190.8680064,8.567,776661.74,781970.6,777254.06,624081.64,786561.61,737265.57,2012,4,17
45,2012-05-04,782300.68,0,55.21,3.951,190.9222115,8.567,711571.88,776661.74,899479.43,757330.95,810150.64,812190.76,2012,5,18
45,2012-05-11,770487.37,0,61.24,3.889,190.9764167,8.567,782300.68,711571.88,781970.6,803657.12,793889.1,758182.2,2012,5,19
45,2012-05-18,800842.28,0,66.3,3.848,190.9964479,8.567,770487.37,782300.68,776661.74,858853.75,727163.67,747888.25,2012,5,20
45,2012-05-25,817741.17,0,67.21,3.798,191.0028096,8.567,800842.28,770487.37,711571.88,753060.78,817653.25,801098.43,2012,5,21
45,2012-06-01,837144.63,0,74.48,3.742,191.0091712,8.567,817741.17,800842.28,782300.68,782796.01,877423.45,837548.62,2012,6,22
45,2012-06-08,795133.0,0,64.3,3.689,191.0155329,8.567,837144.63,817741.17,770487.37,776968.87,814395.17,794698.77,2012,6,23
45,2012-06-15,821498.18,0,71.93,3.62,191.0299731,8.567,795133.0,837144.63,800842.28,788340.23,811153.67,815130.5,2012,6,24
45,2012-06-22,822569.16,0,74.22,3.564,191.0646096,8.567,821498.18,795133.0,817741.17,791835.37,762861.78,792299.15,2012,6,25
45,2012-06-29,773367.71,0,75.22,3.506,191.0992462,8.567,822569.16,821498.18,837144.63,777254.06,791495.25,800147.84,2012,6,26
45,2012-07-06,843361.1,0,82.99,3.475,191.1338827,8.684,773367.71,822569.16,795133.0,899479.43,768718.11,787062.0,2012,7,27
45,2012-07-13,749817.08,0,79.97,3.523,191.1685192,8.684,843361.1,773367.71,821498.18,781970.6,748435.2,723708.99,2012,7,28
45,2012-07-20,737613.65,0,78.89,3.567,191.1670428,8.684,749817.08,843361.1,822569.16,776661.74,741625.25,714601.11,2012,7,29
45,2012-07-27,711671.58,0,77.2,3.647,191.1655664,8.684,737613.65,749817.08,773367.71,711571.88,704680.97,716859.27,2012,7,30
45,2012-08-03,725729.51,0,76.58,3.654,191.16409,8.684,711671.58,737613.65,843361.1,782300.68,765996.92,746517.32,2012,8,31
45,2012-08-10,733037.32,0,78.65,3.722,191.1626135,8.684,725729.51,711671.58,749817.08,770487.37,724180.89,722262.21,2012,8,32
45,2012-08-17,722496.93,0,75.71,3.807,191.2284919,8.684,733037.32,725729.51,737613.65,800842.28,712362.72,708568.29,2012,8,33
45,2012-08-24,718232.26,0,72.62,3.834,191.3448865,8.684,722496.93,733037.32,711671.58,817741.17,833979.01,721744.33,2012,8,34
45,2012-08-31,734297.87,0,75.09,3.867,191.461281,8.684,718232.26,722496.93,725729.51,837144.63,726482.39,790144.7,2012,8,35
45,2012-09-07,766512.66,1,75.7,3.911,191.5776756,8.684,734297.87,718232.26,733037.32,795133.0,746129.56,721460.22,2012,9,36
45,2012-09-14,702238.27,0,67.87,3.948,191.69985,8.684,766512.66,734297.87,722496.93,821498.18,711367.56,716987.58,2012,9,37
45,2012-09-21,723086.2,0,65.32,4.038,191.8567038,8.684,702238.27,766512.66,718232.26,822569.16,714106.42,678228.58,2012,9,38
45,2012-09-28,713173.95,0,64.88,3.997,192.0135577,8.684,723086.2,702238.27,734297.87,773367.71,698986.34,690007.76,2012,9,39
45,2012-10-05,733455.07,0,64.89,3.985,192.1704115,8.667,713173.95,723086.2,766512.66,843361.1,753447.05,745782.1,2012,10,40
45,2012-10-12,734464.36,0,54.47,4.0,192.3272654,8.667,733455.07,713173.95,702238.27,749817.08,720946.99,715263.3,2012,10,41
45,2012-10-19,718125.53,0,56.47,3.969,192.3308542,8.667,734464.36,733455.07,723086.2,737613.65,771686.4,730899.37,2012,10,42
45,2012-10-26,760281.43,0,58.85,3.882,192.3088989,8.667,718125.53,734464.36,713173.95,711671.58,781694.57,732859.76,2012,10,43
